season_id,archetype,games_won,games_played,game_win_rate
Season-4,Aggro,137,252,0.5436507936507936
Season-4,Aggro-Combo,40,68,0.5882352941176471
Season-4,Aggro-Control (Tempo),37,74,0.5
Season-4,Combo,175,368,0.47554347826086957
Season-4,Combo-Control,71,130,0.5461538461538461
Season-4,Control,126,252,0.5
Season-4,Control-Aggro (Midrange),42,104,0.40384615384615385
Season-5,Aggro,167,314,0.5318471337579618
Season-5,Aggro-Combo,30,69,0.43478260869565216
Season-5,Aggro-Control (Tempo),29,57,0.5087719298245614
Season-5,Combo,126,268,0.4701492537313433
Season-5,Combo-Control,36,67,0.5373134328358209
Season-5,Control,175,342,0.5116959064327485
Season-5,Control-Aggro (Midrange),72,158,0.45569620253164556
Season-6,Aggro,31,50,0.62
Season-6,Aggro-Combo,12,20,0.6
Season-6,Combo,27,59,0.4576271186440678
Season-6,Combo-Control,18,28,0.6428571428571429
Season-6,Control,26,55,0.4727272727272727
Season-6,Control-Aggro (Midrange),11,31,0.3548387096774194
Season-All,Aggro,335,616,0.5438311688311688
Season-All,Aggro-Combo,82,157,0.5222929936305732
Season-All,Aggro-Control (Tempo),66,131,0.5038167938931297
Season-All,Combo,328,695,0.4719424460431655
Season-All,Combo-Control,125,225,0.5555555555555556
Season-All,Control,327,649,0.5038520801232665
Season-All,Control-Aggro (Midrange),125,293,0.42662116040955633
