season_id,archetype,matches_won,matches_played,match_win_rate
Season-4,Aggro,54,108,0.5
Season-4,Aggro-Combo,15,28,0.5357142857142857
Season-4,Aggro-Control (Tempo),15,32,0.46875
Season-4,Combo,66,152,0.4342105263157895
Season-4,Combo-Control,29,52,0.5576923076923077
Season-4,Control,51,108,0.4722222222222222
Season-4,Control-Aggro (Midrange),16,44,0.36363636363636365
Season-5,Aggro,69,132,0.5227272727272727
Season-5,Aggro-Combo,12,32,0.375
Season-5,Aggro-Control (Tempo),12,24,0.5
Season-5,Combo,50,116,0.43103448275862066
Season-5,Combo-Control,14,28,0.5
Season-5,Control,68,148,0.4594594594594595
Season-5,Control-Aggro (Midrange),28,68,0.4117647058823529
Season-6,Aggro,13,20,0.65
Season-6,Aggro-Combo,5,8,0.625
Season-6,Combo,11,28,0.39285714285714285
Season-6,Combo-Control,8,12,0.6666666666666666
Season-6,Control,10,24,0.4166666666666667
Season-6,Control-Aggro (Midrange),2,12,0.16666666666666666
Season-All,Aggro,136,260,0.5230769230769231
Season-All,Aggro-Combo,32,68,0.47058823529411764
Season-All,Aggro-Control (Tempo),27,56,0.48214285714285715
Season-All,Combo,127,296,0.42905405405405406
Season-All,Combo-Control,51,92,0.5543478260869565
Season-All,Control,129,280,0.4607142857142857
Season-All,Control-Aggro (Midrange),46,124,0.3709677419354839
