scryfallId,card_name,coefficient,p_value,odds_ratio,games_with_card,total_games,win_rate_with,win_rate_without,decks_with_card,fdr_p,significant
6da09e6a-2965-4855-bd41-41b41ba188fb,Through the Breach,1.1047059747298031,0.0015893301689739753,3.018336871010828,45,1676,0.6888888888888889,0.49478847332924586,5,0.30194623541187465,False
661fc907-7003-45c6-820c-9616e9a71c30,Seething Landscape,0.7396841479332321,0.02397020342518172,2.0952736134672056,51,1676,0.6666666666666666,0.4947692307692308,5,0.6068688190831807,False
2b5801fb-2026-4f25-98bc-ebb2f99684b9,Undercity Sewers,0.627429915470229,0.011351707310527122,1.8727911571755422,90,1676,0.6333333333333333,0.49243379571248425,10,0.4463636109969586,False
63af3c26-5b1f-46f6-9aa2-036c615bf5ea,Flash,0.6233741521680121,0.013467867573184095,1.8652109416981453,84,1676,0.6071428571428571,0.4943467336683417,9,0.4463636109969586,False
3a2d7cf9-dddb-4de3-b4f2-c52e3ec8fb4b,Brain Freeze,0.6108609695848055,0.011400627123351773,1.8420166365617423,90,1676,0.5777777777777777,0.49558638083228246,9,0.4463636109969586,False
bd8fa327-dd41-4737-8f19-2cf5eb1f7cdd,Black Lotus,0.5872443922064022,0.0024483223687831695,1.799024173753587,139,1676,0.6115107913669064,0.48991541964866625,14,0.30194623541187465,False
2ef878cb-27b6-47d8-ad11-bd20529b0e7e,Cast into the Fire,0.5698509099566799,0.05496913488841316,1.7680034400738383,58,1676,0.6206896551724138,0.4956736711990111,6,0.6146044184500912,False
0e51d796-7279-4c06-87f0-37adbdaa41df,Underworld Breach,0.5397726761872814,0.03124297568266513,1.7156168172972206,81,1676,0.5432098765432098,0.49780564263322885,8,0.6103356083054938,False
66d80dd1-b944-4cb2-8578-b4dbcabbbc1e,Ophiomancer,0.5245755930413094,0.09541626376165081,1.6897415581027182,57,1676,0.5087719298245614,0.4996911673872761,6,0.6842198996029344,False
bce84a87-093a-42de-9696-8c3250e0f33b,Goblin Rabblemaster,0.5172872972507769,0.08800766614968818,1.6774709918926356,55,1676,0.6,0.49660703269586676,6,0.6842198996029344,False
96b6b2e1-c3e6-464c-8a13-b15deb34e862,Aetherflux Reservoir,0.4905747982998089,0.1318842079042749,1.6332547422480288,48,1676,0.5208333333333334,0.49938574938574937,5,0.7298441030361955,False
2e139ad1-1079-49e9-babd-6399c44ad333,Seasoned Pyromancer,0.4830256449014097,0.11289461874438826,1.6209714741326962,56,1676,0.6428571428571429,0.49506172839506174,6,0.7006549909801716,False
2487d124-210b-4808-888c-cd0a78aebd90,Molten Collapse,0.48177309497737275,0.13358938917482374,1.6189423974611021,47,1676,0.6170212765957447,0.49662369551872315,5,0.7298441030361955,False
24e58478-c6a8-4f86-854a-a489c99bd777,Usher of the Fallen,0.47880859348657256,0.04259387074710752,1.6141501471365565,94,1676,0.5425531914893617,0.4974715549936789,10,0.6146044184500912,False
9721f8da-39ed-4ada-a571-61e08a86032b,Broadside Bombardiers,0.4629384306607949,0.03119942127493295,1.5887355220084802,126,1676,0.5873015873015873,0.49290322580645163,13,0.6103356083054938,False
8a720448-017f-4f4a-9501-678245eaed17,Mishra's Bauble,0.4572695367382938,0.03863335055715016,1.5797546287799131,99,1676,0.5757575757575758,0.49524413443246673,11,0.6103356083054938,False
311a6257-dd77-4bb6-81cb-c8e7862350f3,Necromancy,0.4553237322875051,0.04432862162236613,1.5766837238512283,104,1676,0.5384615384615384,0.49745547073791346,11,0.6146044184500912,False
4a1f905f-1d55-4d02-9d24-e58070793d3f,"Atraxa, Grand Unifier",0.4510261143418758,0.03026956556657287,1.5699222790450094,131,1676,0.5877862595419847,0.4925566343042071,14,0.6103356083054938,False
a6539e26-b63b-4725-9407-caaf451de084,Troll of Khazad-dûm,0.4482721949488149,0.022603019326334964,1.5656047873758476,145,1676,0.5793103448275863,0.4924885695623775,15,0.6068688190831807,False
eeeffc0b-dc92-458e-ad58-86ff6077a508,Sentinel of the Nameless City,0.4409184759857021,0.08472010387741853,1.5541339979353817,81,1676,0.6172839506172839,0.49404388714733544,8,0.6842198996029344,False
09521f23-52d6-482d-9f3b-c4d12fcc08cc,Tidehollow Sculler,0.4394165972771832,0.056944826658332455,1.5518016290796748,96,1676,0.5625,0.4962025316455696,10,0.6146044184500912,False
4acf970d-d2d7-413d-aba7-587ee53d8d5c,Stomping Ground,0.4296328099420309,0.03779383911552608,1.5366931614895059,126,1676,0.626984126984127,0.4896774193548387,12,0.6103356083054938,False
b6cb2549-e485-44d6-9d65-7605c568909e,Unearth,0.4293179177893787,0.06621357137477737,1.5362093450509162,90,1676,0.5444444444444444,0.4974779319041614,10,0.6471055840413743,False
605c2218-9d12-4ac3-a721-fca590b89847,Karakas,0.41827099118563915,0.03184046097096882,1.5193323442936246,139,1676,0.5683453237410072,0.49381912817176316,15,0.6103356083054938,False
f1e5cafb-b0e6-4ee5-8c58-6f8e5ef2b9da,Virtue of Persistence // Locthwain Scorn,0.4099250192536249,0.1281129039105302,1.506704807026318,68,1676,0.5882352941176471,0.4962686567164179,7,0.7298441030361955,False
2424f2c4-366b-42cf-bf4b-a8a5bfdd2c4b,Life // Death,0.400950956268599,0.10672762803572398,1.4932440324448466,88,1676,0.5454545454545454,0.49748110831234255,9,0.7006549909801716,False
bb41ff5c-9617-4033-a4fa-99323640b9c3,Duress,0.39973228185515747,0.053820554838384625,1.4914253625577965,126,1676,0.6111111111111112,0.49096774193548387,13,0.6146044184500912,False
0d16e8e0-31b2-4389-afd6-783c501f6fa0,"Ajani, Nacatl Pariah // Ajani, Nacatl Avenger",0.3963450228049157,0.045640862832278056,1.48638206480073,142,1676,0.5845070422535211,0.4921773142112125,14,0.6146044184500912,False
24c0d87b-0049-4beb-b9cb-6f813b7aa7dc,Fable of the Mirror-Breaker // Reflection of Kiki-Jiki,0.39152396577518456,0.059606031961754534,1.4792333780577553,121,1676,0.5785123966942148,0.49389067524115754,13,0.6146044184500912,False
26d40e03-6de4-4373-9fbf-04c1dd79e995,Jetmir's Garden,0.3915183111453876,0.08129345997017424,1.4792250135642682,106,1676,0.6132075471698113,0.4923566878980892,11,0.6842198996029344,False
758f95f8-bcb0-43ae-b474-56ebd855951e,Lion's Eye Diamond,0.3863568343447993,0.0944657599654041,1.4716096980176956,98,1676,0.5306122448979592,0.49809885931558934,10,0.6842198996029344,False
4ced112a-e775-4f97-97b3-74877e9dce12,Dragon's Rage Channeler,0.3843138165171987,0.09854291481362136,1.4686062422708754,95,1676,0.6105263157894737,0.49335863377609107,10,0.6842198996029344,False
1dd64b1d-bcef-476c-bf0b-3ac7df7cbed3,"Nissa, Ascended Animist",0.3807698929840735,0.26066249398094954,1.4634108255653666,64,1676,0.5625,0.4975186104218362,7,0.8118418165908091,False
24a5cc2c-0fbf-4a5f-b175-6e0ffd0d0787,Misty Rainforest,0.3774537222091058,0.0705143202365527,1.4585659430227291,121,1676,0.6033057851239669,0.4919614147909968,14,0.6677274406073561,False
819a513c-3be6-4bdc-8ba6-1f7326a8f3ea,Fiery Confluence,0.3764217839299563,0.08497370815219452,1.4570615693373565,112,1676,0.6160714285714286,0.49168797953964194,11,0.6842198996029344,False
b7f16fdf-a3f5-462d-a64a-789d893b6ef5,Batterskull,0.37460091431836784,0.20873428136399885,1.4544108642301086,55,1676,0.5636363636363636,0.49784083898827886,6,0.7938746438761923,False
6989018c-37b1-4282-a4af-9cc97f160b4d,Oliphaunt,0.36940173013839184,0.052871535297098766,1.446868737715632,143,1676,0.5944055944055944,0.4911937377690802,15,0.6146044184500912,False
55d35442-5ca0-4fd7-8ff1-b7347b3e6690,Piggy Bank,0.367616077251495,0.15362981392011502,1.4442874377159525,76,1676,0.5789473684210527,0.49625,8,0.7748286267275366,False
0e9aeaa8-9a75-4719-992f-cbb316f72175,Savannah,0.36709402303298067,0.1676149619056232,1.4435336381455885,75,1676,0.56,0.4971892567145534,8,0.7917580530876089,False
06c0c35d-a26e-473a-9206-8fbda7191700,Entomb,0.36541912758347284,0.11356941690919896,1.441117893848148,104,1676,0.5192307692307693,0.49872773536895676,11,0.7006549909801716,False
a9738cda-adb1-47fb-9f4c-ecd930228c4d,"Ragavan, Nimble Pilferer",0.362653223778295,0.0904438202212547,1.4371374077403134,122,1676,0.5737704918032787,0.4942084942084942,13,0.6842198996029344,False
0cb33b46-4d1b-4f97-bfdc-d815aee111da,Mana Crypt,0.3623712677756827,0.05717446840485535,1.4367322553418818,144,1676,0.5902777777777778,0.4915143603133159,15,0.6146044184500912,False
3277ad99-5682-4baa-b106-de15721876a6,Glorybringer,0.3614556588914888,0.190669800667434,1.4354173725757138,68,1676,0.5735294117647058,0.4968905472636816,7,0.7917580530876089,False
56995b84-2307-4955-9c7c-dc4f04acdc07,Inquisition of Kozilek,0.3613579705110664,0.048223147265261376,1.4352771558262418,149,1676,0.5503355704697986,0.4950884086444008,16,0.6146044184500912,False
773199f9-c83b-4a77-8342-9f1552ecf595,Intrepid Adversary,0.3604998791418276,0.1336998895648203,1.4340460851474626,96,1676,0.53125,0.4981012658227848,10,0.7298441030361955,False
f5881bbc-8600-464d-9dcd-5a7780918d1d,Galvanic Blast,0.35854926967227974,0.1926411259029931,1.4312515476856964,63,1676,0.5714285714285714,0.4972101673899566,7,0.7917580530876089,False
75fdce80-e338-4a50-bdc6-786511feaeef,Ziatora's Proving Ground,0.3557615991649218,0.18372477898578565,1.4272672459979587,68,1676,0.5735294117647058,0.4968905472636816,7,0.7917580530876089,False
21c950d7-b4f6-4902-8c9a-98f2933f9fa5,Adanto Vanguard,0.3526444664337369,0.09619213066423014,1.4228251913830017,125,1676,0.52,0.498388136686009,13,0.6842198996029344,False
02d6d693-f1f3-4317-bcc0-c21fa8490d38,"Jace, Vryn's Prodigy // Jace, Telepath Unbound",0.3380129121017398,0.09643339098814677,1.4021586081030386,143,1676,0.5594405594405595,0.49445531637312456,15,0.6842198996029344,False
5ad36fb2-c44e-4085-ba0d-54277841ad3a,Lurrus of the Dream-Den,0.32817082650150387,0.1972067589112524,1.388426132010981,84,1676,0.5238095238095238,0.49874371859296485,9,0.7917580530876089,False
224d904a-5972-4152-878a-9a922e7a55b6,"Titania, Protector of Argoth",0.325614471010853,0.2560135570987412,1.3848813540317897,62,1676,0.5806451612903226,0.4969021065675341,6,0.8118418165908091,False
d58d3545-043a-457a-8324-facc3c2363ec,Overlord of the Boilerbilges,0.31677221249777154,0.30973492229739763,1.3726898547169348,48,1676,0.5416666666666666,0.4987714987714988,5,0.8118418165908091,False
5427d8a6-ac9e-4e50-bd39-81713b2ade25,Fatal Push,0.31631885378741015,0.11627248772731297,1.3720676748606593,130,1676,0.5923076923076923,0.4922380336351876,13,0.7006549909801716,False
b277752b-430a-4f09-8a98-b72f813dd52e,Bountiful Landscape,0.3133709881167057,0.32766883168634986,1.368028959384081,46,1676,0.5434782608695652,0.49877300613496933,5,0.8118418165908091,False
cf3eb762-6c3f-4b11-a4f9-968f79370217,Mystic Confluence,0.3108643802569135,0.16705851334723543,1.364604141373139,97,1676,0.5567010309278351,0.49651678277390754,10,0.7917580530876089,False
a3bb2881-e8fb-4fba-a9f9-d93e6ca24378,"Laelia, the Blade Reforged",0.3104628205446385,0.14133484897750823,1.3640562813333816,135,1676,0.5851851851851851,0.4925373134328358,14,0.7561403907233236,False
0ecbe097-ba51-42e5-957c-382eb66c08f0,Robber of the Rich,0.3042884887070682,0.19886433858604124,1.3556600923094473,100,1676,0.54,0.49746192893401014,11,0.7917580530876089,False
18a3cca1-e50e-49b6-9e1a-f86640e3b177,Snuff Out,0.30227226616912495,0.1286037472405952,1.352929533509651,121,1676,0.5371900826446281,0.49710610932475885,13,0.7298441030361955,False
5f6927e1-c580-483a-8e2a-6e2deb74800e,Mox Jet,0.3000254132801186,0.13097031921823463,1.3498931123518971,130,1676,0.5769230769230769,0.4935316946959897,14,0.7298441030361955,False
ce648aa3-098b-4af0-a433-fd290bc85904,Balance,0.2969806617450639,0.32023029874394104,1.3457892739803843,57,1676,0.5789473684210527,0.4972205064854849,6,0.8118418165908091,False
0c9a7cb0-5bff-48ff-b620-2838816ac9b5,Counterspell,0.29357577117629763,0.16994715597931842,1.341214800983272,119,1676,0.5462184873949579,0.4964675658317277,13,0.7917580530876089,False
107492bd-b32f-4692-917c-7771986b5bf7,Thespian's Stage,0.287564688848058,0.28126088787098513,1.3331768310472836,71,1676,0.5070422535211268,0.4996884735202492,7,0.8118418165908091,False
87cc2855-6b14-44dd-a398-7dc2bbae081f,Kaldra Compleat,0.2859432953928606,0.3046629341394872,1.3310169783175156,63,1676,0.5873015873015873,0.49659020458772474,7,0.8118418165908091,False
95c14c4d-6c16-4826-8d93-d89ad04aee09,"Etali, Primal Conqueror // Etali, Primal Sickness",0.2827082100983133,0.21414494211736013,1.3267179824227284,103,1676,0.5631067961165048,0.49586776859504134,11,0.7949060251396407,False
19557351-b65f-4b04-b971-66abdc07000a,Stoneforge Mystic,0.278974857799849,0.3079532124959864,1.321774111142512,65,1676,0.5846153846153846,0.4965859714463066,7,0.8118418165908091,False
d67be074-cdd4-41d9-ac89-0a0456c4e4b2,"Sheoldred, the Apocalypse",0.27733825009022056,0.17899046497037308,1.3196126546524594,118,1676,0.5338983050847458,0.49743260590500643,13,0.7917580530876089,False
a24e8dba-5c86-4e32-8a52-61402f7fe9f0,Containment Priest,0.2759010968290826,0.3382156369068843,1.3177175311400384,61,1676,0.5573770491803278,0.4978328173374613,7,0.8151742270467979,False
7c024bae-5631-4e20-ac69-df392ac9e109,Orcish Bowmasters,0.2724981525833824,0.18002117472241685,1.31324103280694,126,1676,0.5793650793650794,0.4935483870967742,13,0.7917580530876089,False
1c0f2873-5849-4cab-855a-2fbbc41dbb6c,Chaos Defiler,0.27209983254282755,0.2134627914658619,1.3127180467503223,105,1676,0.5333333333333333,0.49777211966900065,11,0.7949060251396407,False
0359f212-9564-41a9-870b-d2c57455a695,Brainstorm,0.2715496017468352,0.23253987948414911,1.3119959475333771,95,1676,0.5368421052631579,0.49778621125869704,11,0.8076820753250125,False
2398892d-28e9-4009-81ec-0d544af79d2b,Ancestral Recall,0.269846394345325,0.1448484987230611,1.3097632482395074,149,1676,0.5302013422818792,0.49705304518664045,16,0.7561403907233236,False
4cbdacc1-7a1b-4633-85f5-eb50c2bf406d,Snapcaster Mage,0.26616612989624466,0.2436632772996299,1.3049518321926357,96,1676,0.5208333333333334,0.49873417721518987,11,0.8118418165908091,False
94c6fdd8-21e7-48ae-aa05-a3666b928c1a,Timetwister,0.26598008442490173,0.2136908479339017,1.30470907439663,111,1676,0.5135135135135135,0.49904153354632586,12,0.7949060251396407,False
47a6234f-309f-4e03-9263-66da48b57153,Solitude,0.26591508823041365,0.20526882822287096,1.3046242760276958,120,1676,0.5916666666666667,0.4929305912596401,13,0.7917580530876089,False
07313dd3-d0dc-40ca-98a3-fa4d39e5bcae,Oust,0.2650810533506667,0.20601845353519022,1.3035366275079738,119,1676,0.5042016806722689,0.49967886962106617,13,0.7917580530876089,False
6fd672bb-18cf-44e3-8dda-5310b1e0fffe,Godless Shrine,0.26465592503768465,0.22967728032009938,1.3029825749606683,107,1676,0.4953271028037383,0.5003186743148502,11,0.8076820753250125,False
926916ed-2f22-4ba9-9427-194886ad6c1e,Urza's Cave,0.2643718868896882,0.40332880907094726,1.3026125307590275,50,1676,0.54,0.498769987699877,5,0.8151742270467979,False
68924203-c3d9-41ce-8ca8-c6dd491eb3ca,Psychic Frog,0.26357426901621284,0.1891998397524397,1.301573957969452,131,1676,0.5419847328244275,0.4964401294498382,14,0.7917580530876089,False
005dae9a-dddc-4a11-95bb-cce319edcce4,Skullclamp,0.26356575453505976,0.217788682292961,1.3015628757896973,108,1676,0.5648148148148148,0.4955357142857143,12,0.8020154649518564,False
68841ca8-a043-4f30-9a17-e983ed960bc2,Demonic Tutor,0.2627308995353307,0.18300496003554956,1.300476712972698,146,1676,0.5616438356164384,0.49411764705882355,15,0.7917580530876089,False
06cb1bd6-73e0-4104-b344-4bc52d7dcedf,Baleful Strix,0.260814071015778,0.26623519054837974,1.2979863097207736,95,1676,0.6105263157894737,0.49335863377609107,10,0.8118418165908091,False
7f7e780e-fbc5-4dc0-b5c7-efcb8645c7c6,Ertai Resurrected,0.2606542927688723,0.4146144775496644,1.29777893631102,48,1676,0.5,0.5,5,0.8151742270467979,False
1ee98955-4c47-4d45-9377-608dfa755337,Bone Shards,0.2592436710051645,0.23991973418592216,1.2959495516872108,108,1676,0.48148148148148145,0.5012755102040817,11,0.8118418165908091,False
17f28b16-da65-41a8-ba4f-f1c5e104aad6,Council's Judgment,0.25402369753634646,0.25991097438752453,1.2892023548254778,105,1676,0.5428571428571428,0.49713558243157224,11,0.8118418165908091,False
6efb6a69-562c-4d95-858d-b067444cfd7e,Palantír of Orthanc,0.253035080565026,0.30395227234229594,1.2879284573001428,82,1676,0.5487804878048781,0.4974905897114178,9,0.8118418165908091,False
b34bf7fd-9fe3-43e2-8cfe-7ce7cff08afe,Stonecoil Serpent,0.25295254397268707,0.2811543545746389,1.2878221604608506,92,1676,0.44565217391304346,0.5031565656565656,10,0.8118418165908091,False
49bb0ad3-1082-41f1-82a4-52a4006cc9b6,"Leovold, Emissary of Trest",0.2529067746199412,0.3873999488736569,1.2877632190229806,60,1676,0.6166666666666667,0.49566831683168316,6,0.8151742270467979,False
261ac92e-c61a-4c11-aa6a-9ae1cb703e5c,Dreams of Steel and Oil,0.24455822665134402,0.3182590533652786,1.2770570188133268,84,1676,0.5714285714285714,0.4962311557788945,9,0.8118418165908091,False
b598c93e-dae1-4d71-a9e4-917abf76d2d0,Raucous Theater,0.24198226191396768,0.3605839926597222,1.273771598345607,66,1676,0.5303030303030303,0.49875776397515525,7,0.8151742270467979,False
e7b3ddca-69ef-4743-897b-57c58077db24,Time Warp,0.23934371109250868,0.2940018020912415,1.2704151173186309,98,1676,0.5306122448979592,0.49809885931558934,10,0.8118418165908091,False
33ab05b5-d6f5-439c-9aed-1a58ceb282ad,Flametongue Yearling,0.23825470261329465,0.35596171445169555,1.2690323775280814,74,1676,0.5405405405405406,0.49812734082397003,8,0.8151742270467979,False
bd3d4b4b-cf31-4f89-8140-9650edb03c7b,Ancient Tomb,0.2347013390722943,0.30113543112900043,1.2645310463148305,93,1676,0.5806451612903226,0.4952621604548326,10,0.8118418165908091,False
8870ef0b-cb1f-463b-8509-fece4743d3d4,Ramunap Excavator,0.2328629176676391,0.31268972822487373,1.2622084409902663,96,1676,0.5208333333333334,0.49873417721518987,10,0.8118418165908091,False
15db4353-9c46-4fe4-b22e-0cf024aa9dfc,Grim Lavamancer,0.23054214904433962,0.39508547154077067,1.259282543722871,66,1676,0.5454545454545454,0.49813664596273294,7,0.8151742270467979,False
bbec97ff-bb84-4496-9e09-d4fc1570c516,Mawloc,0.22871461395748688,0.31495427171827095,1.256983262338603,108,1676,0.6018518518518519,0.492984693877551,11,0.8118418165908091,False
18092f68-b96e-4084-9eba-b240d2195d81,"Adeline, Resplendent Cathar",0.2285811027367709,0.32799671526835905,1.256815452171348,92,1676,0.5,0.5,10,0.8118418165908091,False
d51269cf-a333-4a64-94cd-245798d840d2,Elder Gargaroth,0.22817198508936362,0.29416452793572956,1.256301371957145,110,1676,0.5454545454545454,0.49680715197956576,11,0.8118418165908091,False
3003d481-1b52-4aa9-bbdc-e948fbc8d49d,Sylvan Library,0.22776575492010315,0.40721540906452713,1.255791128083417,86,1676,0.5697674418604651,0.4962264150943396,9,0.8151742270467979,False
612b2e6e-fe8d-49ad-b845-6fa7fa59ffd1,Concealing Curtains // Revealing Eye,0.2265617821813391,0.2652129067930665,1.254280099600699,119,1676,0.5546218487394958,0.49582530507385997,12,0.8118418165908091,False
3d3025a2-4a17-4137-ba0b-bd676c6f5f88,"Tinybones, the Pickpocket",0.2252625733342948,0.4073185793989724,1.2526515859173886,68,1676,0.5,0.5,7,0.8151742270467979,False
26c68473-70ca-40ba-b5c6-71ec30f88a2c,Damnation,0.22501283947520212,0.40381742267248566,1.2523387954615484,66,1676,0.5303030303030303,0.49875776397515525,7,0.8151742270467979,False
6f11029a-b24d-4248-834f-b852b56857f6,Biogenic Ooze,0.2231150628516983,0.3878378917538835,1.249964389929101,87,1676,0.4827586206896552,0.500943989930774,9,0.8151742270467979,False
c1e0f201-42cb-46a1-901a-65bb4fc18f6c,Urza's Saga,0.2220188281177956,0.30653769621557925,1.2485948863345715,100,1676,0.52,0.4987309644670051,11,0.8118418165908091,False
9d3a7998-ccac-45ad-a4e9-3a2cb057f63b,Elite Spellbinder,0.2170128068340356,0.27767346239468926,1.2423600127343772,131,1676,0.5725190839694656,0.49385113268608416,14,0.8118418165908091,False
8ca3c48b-f104-4292-9a4e-2ce87a65893c,Mutavault,0.2158124293365033,0.4493511768700068,1.24086960643531,62,1676,0.46774193548387094,0.5012391573729864,7,0.8491493591839735,False
2dc16614-5cf8-444d-a5ae-cac25018af68,Burst Lightning,0.21551965076138865,0.3057838460799206,1.240506359578078,113,1676,0.5752212389380531,0.4945617402431222,12,0.8118418165908091,False
f823be95-bef4-4e86-a924-239be62394bf,Izzet Signet,0.21387333632499272,0.4758819311436656,1.2384657762316662,56,1676,0.5178571428571429,0.4993827160493827,6,0.8512508820292891,False
61a28870-cf78-4323-9d82-cee764067764,Lightning Greaves,0.21146352457028467,0.5369393108155612,1.2354848999641772,40,1676,0.525,0.4993887530562347,5,0.9015726059369972,False
18f23daa-bc59-456a-8a28-3823e51bc74b,Night's Whisper,0.21041615288563548,0.40519073774525294,1.2341915654823317,85,1676,0.5176470588235295,0.49905719673161536,9,0.8151742270467979,False
b045c28a-39f9-4cd9-8f3a-a626b697f409,Cathartic Pyre,0.20666332437204515,0.338629232839451,1.2295685363277589,106,1676,0.5188679245283019,0.49872611464968153,11,0.8151742270467979,False
37dbe1a3-3c44-452b-9fb9-37f5d793d0b5,Memory Jar,0.20235463975082274,0.45739725749879856,1.2242821102343842,65,1676,0.5076923076923077,0.49968963376784603,7,0.8491493591839735,False
ed0216a0-c5c9-4a99-b869-53e4d0256326,Mox Pearl,0.2014343442700778,0.29883656061056174,1.2231559272312273,139,1676,0.539568345323741,0.49642160052049444,15,0.8118418165908091,False
e9be371c-c688-44ad-ab71-bd4c9f242d58,Force of Negation,0.20133410958173045,0.3951220386330646,1.223033330722375,90,1676,0.4888888888888889,0.5006305170239597,10,0.8151742270467979,False
1daf4348-05c5-4c55-bcf2-c7bec7988bfc,Plateau,0.20112972538206658,0.38544922043681795,1.2227833875769982,98,1676,0.6122448979591837,0.49302915082382764,10,0.8151742270467979,False
df3784d4-80cd-4f78-afb3-d61f3bab5b2c,Zealous Conscripts,0.19976777356396805,0.37386604248665656,1.22111914908272,113,1676,0.584070796460177,0.49392194497760716,12,0.8151742270467979,False
073bfdca-d7b8-4f4b-93f3-6e7c44bc0b0a,Sol Ring,0.1991596517210119,0.2984459628782953,1.2203767856019128,136,1676,0.5588235294117647,0.4948051948051948,14,0.8118418165908091,False
006d2bf1-20f7-4b09-8d98-8233d91682bd,Flame Slash,0.19861146408533872,0.3618155690892868,1.2197079734712022,114,1676,0.5701754385964912,0.49487836107554417,12,0.8151742270467979,False
fa7b7897-36e0-415a-8bb7-602886164852,Show and Tell,0.19455286101458635,0.4897544557825577,1.2147676950407151,64,1676,0.484375,0.500620347394541,7,0.8640534885289232,False
78cef262-c753-4658-b3ec-fec8db47f944,Palace Jailer,0.18877813863212953,0.3335610001680428,1.2077729645939195,138,1676,0.5,0.5,15,0.8151742270467979,False
7c884e1e-fecb-4330-b3de-5fc2a60f7173,Kolaghan's Command,0.185517022992953,0.37399209354492335,1.2038406925723357,117,1676,0.5555555555555556,0.49583066067992304,12,0.8151742270467979,False
045ce37b-86d2-4e56-84af-b6625b53d13c,Path to Exile,0.18535775779937444,0.3461303372995187,1.2036489779185364,143,1676,0.46853146853146854,0.50293542074364,15,0.8151742270467979,False
4f84b838-b8f1-4b9a-a19f-479594f9d427,Qasali Pridemage,0.18522897733959665,0.5810867498804819,1.2034939814302228,45,1676,0.4,0.5027590435315757,5,0.9015726059369972,False
01978fe5-00a9-4add-ae2a-b4c2572ffb9a,Vendilion Clique,0.18509180289325644,0.5626989942155667,1.2033289041320987,46,1676,0.5,0.5,5,0.9015726059369972,False
5de097e5-e960-4404-a370-defe93ce892f,Oracle of Mul Daya,0.1842844425547419,0.5075191340484113,1.2023577761785618,68,1676,0.5588235294117647,0.4975124378109453,7,0.8819808172227073,False
568dd5a6-86f4-4039-87d7-812120c8ab94,Triplicate Titan,0.1833111464964661,0.4637410712841876,1.201188095409548,79,1676,0.4936708860759494,0.5003130870381967,9,0.8491493591839735,False
416d2d51-8f29-4e95-b037-e8c32b081e6c,Mana Drain,0.18143649343299886,0.4033224323380623,1.198938393830515,112,1676,0.5803571428571429,0.4942455242966752,12,0.8151742270467979,False
72c6d541-e2cb-4d6e-acac-90a8f53b7006,Elegant Parlor,0.17847233419280084,0.39891475195391846,1.1953898113919508,120,1676,0.5916666666666667,0.4929305912596401,12,0.8151742270467979,False
09fd2d9c-1793-4beb-a3fb-7a869f660cd4,Bonecrusher Giant // Stomp,0.17615636003861362,0.411950194954777,1.1926245228889623,122,1676,0.5737704918032787,0.4942084942084942,13,0.8151742270467979,False
ea1feac0-d3a7-45eb-9719-1cdaf51ea0b6,Mox Sapphire,0.17465401540686346,0.38170195489820946,1.1908341350658218,131,1676,0.5801526717557252,0.49320388349514566,14,0.8151742270467979,False
a9225cc3-90f0-448f-a8d9-7c6c2796d077,Sheoldred's Edict,0.17183567723261017,0.429974146098275,1.187482686739528,99,1676,0.5252525252525253,0.4984147114774889,10,0.8328786233062357,False
5a077de0-1893-40d0-a499-ee2e6e2258f1,Legion Extruder,0.16840631374251874,0.5847342178016776,1.1834173517084816,49,1676,0.5102040816326531,0.49969268592501537,6,0.9015726059369972,False
504a69eb-3c2d-4bb1-b117-252b15acf0c2,Mana Confluence,0.16690410312594806,0.40941518532478627,1.1816409442020777,124,1676,0.4838709677419355,0.5012886597938144,13,0.8151742270467979,False
377cee38-e769-47b0-abd5-0f528600f36a,Badlands,0.16684186304707388,0.40058639430032184,1.1815674010651986,127,1676,0.5433070866141733,0.4964493221433183,13,0.8151742270467979,False
c86b8a75-9e31-4a44-95b8-c83b9a49646f,Ocelot Pride,0.16663690600741815,0.3525415663256216,1.1813252553241074,158,1676,0.5443037974683544,0.49538866930171277,16,0.8151742270467979,False
f20015ad-8fda-498f-ac28-1ffb824ab480,Caldaia Guardian,0.16615934556187048,0.5410947233956189,1.180761235796266,74,1676,0.4594594594594595,0.50187265917603,8,0.9015726059369972,False
4e117771-5a8b-4812-b487-32ba34b7f724,Giver of Runes,0.16573559683907735,0.41402887670761324,1.1802609957262045,141,1676,0.5460992907801419,0.49576547231270357,14,0.8151742270467979,False
05cf51d8-9f91-42ff-99e9-4397f2251c20,Dark Confidant,0.1649637362785507,0.47699402872330854,1.17935035030333,100,1676,0.52,0.4987309644670051,11,0.8512508820292891,False
b5aaaee0-9a61-45df-821e-cce516f8de6a,Old One Eye,0.16394882433264915,0.5451748564788743,1.1781540207316803,70,1676,0.4714285714285714,0.5012453300124533,7,0.9015726059369972,False
0e0d989d-7186-40dc-bdfe-cfbb77656bc8,"Emrakul, the Aeons Torn",0.16101414251948587,0.5786347570838609,1.1747015819364082,61,1676,0.5409836065573771,0.4984520123839009,7,0.9015726059369972,False
106f9629-b3aa-4703-82fb-c1e771bbce72,The Wandering Emperor,0.15894513806054417,0.518128387688993,1.1722736317115032,79,1676,0.4810126582278481,0.5009392611145899,9,0.882609060242007,False
1e3e8085-cfcd-4e88-b441-4d1f8ac63904,Forth Eorlingas!,0.1580923995467015,0.4061777011036417,1.1712744149328456,148,1676,0.5675675675675675,0.49345549738219896,16,0.8151742270467979,False
89f5cc05-5d9d-4709-b3c5-a6249c294acc,Hexdrinker,0.15789352102604998,0.4219783970411255,1.171041496771904,147,1676,0.5102040816326531,0.49901896664486595,16,0.8226805723826983,False
8c2996d9-3287-4480-8c04-7a378e37e3cf,Flooded Strand,0.1577869525854776,0.43872011230343955,1.1709167073551723,122,1676,0.5655737704918032,0.4948519948519948,13,0.8446727473394023,False
3a9d1082-a862-45d4-9e5e-392e879fead6,Zuran Orb,0.15754089832398155,0.5926993180498162,1.1706286337517928,60,1676,0.5166666666666667,0.4993811881188119,6,0.9076319589937779,False
2bf2da97-3331-4614-b4ff-f03d061500a7,Fire Covenant,0.1543416051695875,0.47032626144457157,1.1668894341646878,109,1676,0.5321100917431193,0.4977664326738992,12,0.8491493591839735,False
eca8d6f8-c6f1-437c-99e2-4281eae14a6f,Fateful Absence,0.15312264346011553,0.5817226919697152,1.165467907194743,62,1676,0.5645161290322581,0.49752168525402723,7,0.9015726059369972,False
05bd329b-5707-42fc-af1c-084cc604e805,Imperial Recruiter,0.1490684764557403,0.6474225977967105,1.1607524707029346,46,1676,0.5434782608695652,0.49877300613496933,5,0.9358382722045909,False
652236c2-84ef-45e4-b5fc-ed6170bc3d6c,Meticulous Archive,0.14854647976463278,0.5742751480246016,1.160146719867753,68,1676,0.5,0.5,8,0.9015726059369972,False
0ad38866-fc5f-4f62-89c1-afc0f50765aa,Novice Inspector,0.1484029697247295,0.4766981691740989,1.159980239111807,114,1676,0.5526315789473685,0.49615877080665816,12,0.8512508820292891,False
641b21e1-9188-4bc3-96e8-cda2acbc5ed5,Time Spiral,0.14790361846298983,0.4843640926355236,1.1594011461132563,119,1676,0.5378151260504201,0.49710982658959535,13,0.8607002554928769,False
866b7fd4-86e3-4b42-b1ea-33bad0db1f9f,Prismari Command,0.14766451985933648,0.541961376204619,1.1591239680559102,85,1676,0.5764705882352941,0.49591451917033313,9,0.9015726059369972,False
0adcd4e5-d542-4293-8774-ace2305ef820,Walk-In Closet // Forgotten Cellar,0.14488573638895963,0.5192936927716981,1.155907484558656,103,1676,0.5145631067961165,0.4990464081373172,10,0.882609060242007,False
310a1c46-8331-4a09-9fcb-d942f8102364,Thoughtseize,0.14229491229273475,0.4859988511619262,1.1529166076855797,138,1676,0.6231884057971014,0.4889466840052016,15,0.8607002554928769,False
7c59e0cd-10a8-4a32-9c0a-a2c6ef1ed9a6,Unable to Scream,0.14095577907152804,0.6812964373442636,1.1513737320435282,41,1676,0.43902439024390244,0.5015290519877675,5,0.9515044071203663,False
9d48aaff-46ab-411b-9456-171d4709f951,Fear of Missing Out,0.1385717913672027,0.5122870628158425,1.1486321404820024,113,1676,0.5221238938053098,0.4984005118362124,12,0.882609060242007,False
43aa7e35-55ee-4e02-a8aa-ea2b267055d1,Woodfall Primus,0.1314961499724823,0.5538652411209486,1.1405335166284944,106,1676,0.5377358490566038,0.49745222929936306,11,0.9015726059369972,False
4b4956a2-9a39-4152-9c98-70e4b2acfa26,Miscalculation,0.12821756454514957,0.49240892293930505,1.1368003032350695,155,1676,0.5419354838709678,0.49572649572649574,16,0.8654459857721118,False
80fca8c0-ae3e-439e-b202-228b9f360e9a,Portable Hole,0.12414814114933997,0.6215951649674069,1.1321835815534864,78,1676,0.5512820512820513,0.4974968710888611,9,0.925775812026218,False
3028075c-5fc5-4942-a984-1ffcf7a8933d,Knight of Autumn,0.12405451264636462,0.5879069499079314,1.1320775818620261,96,1676,0.5104166666666666,0.49936708860759493,10,0.9032742541631793,False
4c732dc7-dd6b-4cc1-bbe0-ff3b1d2c7419,Animate Dead,0.12307103882252514,0.5529395514063136,1.1309647604987452,131,1676,0.5038167938931297,0.49967637540453075,14,0.9015726059369972,False
45fd6e91-df76-497f-b642-33dc3d5f6a5a,Mox Ruby,0.12223595353560171,0.5138202975989197,1.130020702706473,144,1676,0.5416666666666666,0.4960835509138381,15,0.882609060242007,False
7d48d622-f397-4f31-b1a5-0c23f60aa71c,Mana Tithe,0.12145950362421074,0.5641755925682874,1.129143638774156,114,1676,0.543859649122807,0.4967989756722151,12,0.9015726059369972,False
3ca1e1de-b916-445f-b3b2-0f4d0cc7ceeb,Stern Scolding,0.12022342232017885,0.6075967964340416,1.1277487876849766,93,1676,0.4946236559139785,0.5003158559696779,10,0.9235643890753352,False
d7a8cc1d-aabb-4eb6-b0f1-6c93ec246f61,Court of Garenbrig,0.11942852764761833,0.6416319664946429,1.1268527023755617,85,1676,0.49411764705882355,0.5003142677561282,9,0.9314448848215601,False
52eef0d6-24b7-40b7-8403-e8e863d0cd55,"Bristly Bill, Spine Sower",0.11939955404494462,0.569805767850097,1.126820053866066,146,1676,0.4931506849315068,0.5006535947712418,15,0.9015726059369972,False
825969b9-3c70-4fca-8cab-696e9ca7cdb2,Prismatic Ending,0.11863180933417976,0.6216770918711576,1.1259552757366214,97,1676,0.6391752577319587,0.4914502849905003,10,0.925775812026218,False
fa87bf1e-2062-4983-b1c4-98bffea69a4c,Pyrogoyf,0.11495411556428188,0.5684143844842534,1.121821962223276,133,1676,0.5714285714285714,0.4938431626701231,14,0.9015726059369972,False
57fb0fa7-0c5c-4a75-9461-c51403c30282,Foreboding Landscape,0.11335514362919316,0.748577634947722,1.1200296337128801,39,1676,0.46153846153846156,0.5009163103237629,5,0.9573229491374853,False
16c8d2fa-54a7-46e8-980c-905258497c90,Arid Mesa,0.11212259047952561,0.5520987094024509,1.1186499880780745,149,1676,0.5570469798657718,0.49443352979698757,15,0.9015726059369972,False
162e81d3-6cd4-4cb8-8ed8-cfbd8d34ca71,Mind Stone,0.10944898208673504,0.7046927568733066,1.1156631506773296,60,1676,0.5,0.5,6,0.9515044071203663,False
ee8e9928-d9b2-4570-adb8-44b34115decd,Tireless Tracker,0.10847958610168962,0.6234257686044166,1.1145821553393236,103,1676,0.5339805825242718,0.49777495232040686,11,0.925775812026218,False
fe30c0ff-f74b-456a-a61e-3720d84d713f,Parallax Wave,0.10689604674054498,0.6017243235027212,1.1128185673491446,129,1676,0.5736434108527132,0.49385908209437623,14,0.9184213358725745,False
89af0f45-c11c-4f13-9950-b1489440ee5b,Chain Lightning,0.10137540527654326,0.6116781295506506,1.1066920218151115,130,1676,0.5153846153846153,0.4987063389391979,13,0.9244907234902341,False
2a717b98-cdac-416d-bf6c-f6b6638e65d1,"Tamiyo, Inquisitive Student // Tamiyo, Seasoned Scholar",0.09497684127928982,0.637664216269294,1.0996333887286864,130,1676,0.5230769230769231,0.49805950840879687,14,0.9314448848215601,False
2b9b0195-beda-403e-bc27-7ae3be9f318c,Temple Garden,0.09334057012182248,0.6942327023525412,1.097835561598384,88,1676,0.5227272727272727,0.4987405541561713,9,0.9515044071203663,False
3d8ca18d-9099-4f1e-95c1-f04da58a26bd,"Gut, True Soul Zealot",0.09288985510036302,0.6525774235545467,1.0973408621122984,140,1676,0.6214285714285714,0.4889322916666667,15,0.9403600140661791,False
071daca8-ccc6-4707-843e-adac40dd1588,Fury,0.09076172374494747,0.6606134513179791,1.095008059751411,121,1676,0.5289256198347108,0.4977491961414791,13,0.9460637080603157,False
4820d223-4ea1-4850-931c-3d2ab5eb003b,Birthing Ritual,0.0894228830561151,0.7733277734685375,1.0935429993664867,50,1676,0.46,0.501230012300123,5,0.9628662089481826,False
1066a94a-8e4f-4d77-820b-7a77a18116f0,Wooded Foothills,0.08535476685448715,0.6829162654017327,1.0891033759483848,118,1676,0.5423728813559322,0.496790757381258,13,0.9515044071203663,False
6920c895-bc98-4871-a53f-219fa27a74e5,Occult Epiphany,0.08512219101729745,0.6847442432451366,1.0888501062722826,113,1676,0.48672566371681414,0.5009596928982726,12,0.9515044071203663,False
17db2b6a-eaa8-4a08-9e86-370bbd058574,Bayou,0.08504248374883469,0.711126087347675,1.088763320463322,104,1676,0.5096153846153846,0.4993638676844784,11,0.9515044071203663,False
e4e6794a-feeb-4fc8-a2ee-38c75c18aaae,Heartless Act,0.0844416655369542,0.7101237030661575,1.0881093681048757,104,1676,0.4230769230769231,0.5050890585241731,11,0.9515044071203663,False
a8069994-b103-40dc-9e14-062004914ec8,Cathar Commando,0.08325696349679035,0.7025309784068396,1.0868210460061518,110,1676,0.5272727272727272,0.49808429118773945,12,0.9515044071203663,False
2b73d294-6ab1-4051-9b0f-d8e335d37674,Unholy Heat,0.0807802196376645,0.6980525016931256,1.084132599325693,122,1676,0.5573770491803278,0.4954954954954955,13,0.9515044071203663,False
94b67489-5eb0-4406-9bf3-27e50dc632eb,"Nadu, Winged Wisdom",0.0796827378132786,0.7937249509298987,1.0829434361645456,55,1676,0.4727272727272727,0.5009253547193091,7,0.9628662089481826,False
97b9bab9-12ee-4da5-9d53-d0b82d9279cd,Pyrite Spellbomb,0.0791570782446296,0.7310971048742279,1.0823743261771799,95,1676,0.4842105263157895,0.5009487666034156,10,0.9573229491374853,False
25b0b816-0583-44aa-9dc5-f3ff48993a51,Gaea's Cradle,0.07846528806281608,0.758735561878991,1.0816258091834887,103,1676,0.5631067961165048,0.49586776859504134,11,0.9616141646419614,False
aced2c55-7543-4076-bcdd-36c4d649b8ae,Mox Emerald,0.07670016414691382,0.6827868321592677,1.0797182895991266,142,1676,0.5,0.5,15,0.9515044071203663,False
17260fff-b239-4af4-9306-3236ae3fa5a5,Thundering Falls,0.07585521937069818,0.7288107394339725,1.078806372584558,106,1676,0.5377358490566038,0.49745222929936306,11,0.9573229491374853,False
f05e9a3e-8a35-4687-85cb-e31b3927a5e2,Daze,0.07356671331450523,0.7159585536868409,1.0763403405083802,131,1676,0.5267175572519084,0.49773462783171524,14,0.9546114049157879,False
60d0e6a6-629a-45a7-bfcb-25ba7156788b,Elvish Mystic,0.07352701007313417,0.7605870655681031,1.0762976071563755,107,1676,0.5327102803738317,0.49776927979604846,12,0.9616141646419614,False
54f449ff-4025-465e-9ec5-a5cf42c4c9d3,Xander's Lounge,0.07285844980325905,0.7080005754978764,1.0755782778219694,132,1676,0.5303030303030303,0.49740932642487046,14,0.9515044071203663,False
586a4c31-65c7-4c7f-b5f6-74b105b2a629,Trinket Mage,0.07181912412798389,0.8175745647346204,1.0744609824195352,48,1676,0.4791666666666667,0.5006142506142506,5,0.9628662089481826,False
f83ed433-fae3-4fa5-acad-bb8a5b535ce3,Coveted Jewel,0.07078025302910532,0.7992779048348405,1.0733453355650024,60,1676,0.48333333333333334,0.5006188118811881,6,0.9628662089481826,False
c2089ec9-0665-448f-bfe9-d181de127814,Brazen Borrower // Petty Theft,0.06842633834587666,0.7489401520191965,1.0708217435448468,125,1676,0.512,0.4990328820116054,14,0.9573229491374853,False
2b20d3e1-62ef-44db-8109-a33d4fa3e7f1,Exploration,0.06794344776773736,0.8134335637485511,1.0703047786428082,63,1676,0.49206349206349204,0.5003099814011159,6,0.9628662089481826,False
29632951-3c3d-478c-8c5a-9a34f30a5c28,Dauthi Voidwalker,0.06702351528311058,0.7473795789527018,1.069320623256144,113,1676,0.5309734513274337,0.49776071657069737,12,0.9573229491374853,False
bf220c06-3cce-4bdd-aa58-83940c223e9c,Commercial District,0.06593516799040988,0.8223146999338251,1.0681574641261526,57,1676,0.5789473684210527,0.4972205064854849,6,0.9628662089481826,False
e5145f31-a4ac-44ef-8f85-e4d95f2c9ff5,Library of Alexandria,0.06586625498620549,0.7312271189682142,1.0680838567226192,151,1676,0.5165562913907285,0.49836065573770494,16,0.9573229491374853,False
fa7a55aa-ae61-4933-b7a4-dcc55dac6fcd,"Inti, Seneschal of the Sun",0.0649763885536472,0.7485543464443234,1.0671338275136069,137,1676,0.5620437956204379,0.4944769330734243,14,0.9573229491374853,False
345a4aee-5846-4ae9-9af1-4c8fe8d692ec,Winds of Abandon,0.06242994590778492,0.7778438743843856,1.0644198893368546,102,1676,0.45098039215686275,0.5031766200762389,11,0.9628662089481826,False
5cb76266-ae50-4bbc-8f96-d98f309b02d3,"Teferi, Time Raveler",0.06198841459990029,0.8112658358164504,1.063950018369982,77,1676,0.5324675324675324,0.4984365228267667,8,0.9628662089481826,False
b256ddc8-8b12-434c-a610-1a872e948f2f,White Plume Adventurer,0.05739432543648265,0.787277817456063,1.0590733476273844,112,1676,0.5535714285714286,0.4961636828644501,12,0.9628662089481826,False
1ac01fff-4de6-4783-9489-4127e25bc641,Prismatic Vista,0.05570795983696863,0.7791353511108828,1.0572888678321497,125,1676,0.512,0.4990328820116054,13,0.9628662089481826,False
01d1e394-1b0c-4b40-ba85-f55973703d41,Smirking Spelljacker,0.05528475274816809,0.8264202047246006,1.0568415103574773,75,1676,0.4666666666666667,0.5015615240474703,8,0.9628662089481826,False
f3537373-ef54-4578-9d05-6216420ee349,Esper Sentinel,0.05526615952342466,0.7904209188317614,1.0568218604484352,116,1676,0.5344827586206896,0.49743589743589745,12,0.9628662089481826,False
7054012b-4f9d-44a0-aaf9-7fd3bddc7b2d,Slickshot Show-Off,0.05201658926317923,0.8228616836899012,1.0533932173857312,95,1676,0.5263157894736842,0.49841872232764073,10,0.9628662089481826,False
07c17b01-ee5d-491a-8403-b3f819b778c4,Wishclaw Talisman,0.049753391794003794,0.8493797948424653,1.0510118762611484,76,1676,0.5,0.5,8,0.9628662089481826,False
5b8ba842-c662-4686-bca3-93ddb7fa11a6,Mother of Runes,0.04961245325954461,0.8048382289050924,1.0508637586255956,131,1676,0.549618320610687,0.49579288025889967,14,0.9628662089481826,False
32a180dd-9641-4546-8940-9b21084f0c71,Lightning Bolt,0.04861831738043461,0.8101476297950807,1.049819576374607,126,1676,0.5238095238095238,0.49806451612903224,14,0.9628662089481826,False
1a6f256b-943e-4cfb-9fc9-d1ded68b5f97,Chart a Course,0.04843922659715527,0.8588013432289988,1.0496315801990659,65,1676,0.47692307692307695,0.5009310986964618,7,0.9628662089481826,False
207d5f12-fbc6-4c75-9d84-fd2f0023fbd0,Sneak Attack,0.048140575774179704,0.833115391631538,1.0493181536686935,101,1676,0.5742574257425742,0.49523809523809526,11,0.9628662089481826,False
4acaef84-55d1-43dc-b10a-696182e6709b,Repeal,0.04794310114434093,0.8265581856332775,1.0491109604130937,105,1676,0.49523809523809526,0.5003182686187142,11,0.9628662089481826,False
0d08f5e4-d2d3-4659-86d4-a983d80e3b2c,Tundra,0.04739180130750604,0.8446391053049195,1.0485327451114417,84,1676,0.5119047619047619,0.4993718592964824,9,0.9628662089481826,False
3c3ac3dd-35db-447f-8674-37b4680a1ef7,Leyline Binding,0.04666826587969594,0.8653180135078188,1.047774368912243,68,1676,0.5588235294117647,0.4975124378109453,7,0.9628662089481826,False
15faa763-b897-4e86-b094-73f3236291a9,Verdant Catacombs,0.04554167525374578,0.8209146695799346,1.0465946208014756,126,1676,0.5079365079365079,0.4993548387096774,14,0.9628662089481826,False
ebc01ab4-d89a-4d25-bf54-6aed33772f4b,Force of Will,0.04521977739113041,0.8352587165366531,1.0462577784473401,116,1676,0.49137931034482757,0.5006410256410256,12,0.9628662089481826,False
5c70da33-ce5d-4b8b-9c1d-9a356a7e196f,Grave Titan,0.0447668049359346,0.8736034233767784,1.0457839598141656,64,1676,0.46875,0.5012406947890818,7,0.9628662089481826,False
59faa45d-868b-4bc7-934c-0e077642e129,Loran of the Third Path,0.04396333939458336,0.8728342476679622,1.0449440459048833,69,1676,0.5652173913043478,0.4971997510889857,7,0.9628662089481826,False
98e7bf8f-dba7-4005-8cee-634c9153931d,Phantasmal Image,0.04318623476151841,0.8511181386255791,1.0441323304802748,92,1676,0.45652173913043476,0.5025252525252525,10,0.9628662089481826,False
928036c9-11b8-493e-b9f2-8fbd3487cd19,"Minsc & Boo, Timeless Heroes",0.043088510469606545,0.8327423092947386,1.044030298373205,122,1676,0.5409836065573771,0.4967824967824968,13,0.9628662089481826,False
10158a5e-5a03-41ab-85d2-0907ccf32c9b,Dack Fayden,0.04240909406586897,0.855997825763495,1.0433212079735927,89,1676,0.5056179775280899,0.49968494013862635,10,0.9628662089481826,False
fadb218d-29e2-42d1-a7a1-1066741d63ad,Mox Diamond,0.041863118021411634,0.8484531596402117,1.042751735060795,102,1676,0.5098039215686274,0.4993646759847522,11,0.9628662089481826,False
39c431d7-d94b-46c4-bb89-f3db56214ab4,Elvish Reclaimer,0.04173547627138227,0.8898813172355622,1.0426186448985972,61,1676,0.47540983606557374,0.5009287925696595,6,0.968695506689311,False
4e4fb50c-a81f-44d3-93c5-fa9a0b37f617,"Omnath, Locus of Creation",0.04131715032097139,0.8793246145088197,1.0421825816776937,73,1676,0.5342465753424658,0.4984404242046163,7,0.9668403344362378,False
28667c8b-d02c-4e57-a050-1549207b65d1,Thragtusk,0.041006757879146975,0.9040441922640582,1.041859146279888,50,1676,0.56,0.4981549815498155,5,0.968695506689311,False
e41cf82d-3213-47ce-a015-6e51a8b07e4f,Questing Beast,0.039428260718782235,0.8664634908090307,1.0402158718691865,126,1676,0.5079365079365079,0.4993548387096774,13,0.9628662089481826,False
1716b4dd-9045-462b-b053-72de450a8cde,Blood Crypt,0.03927248632555526,0.8483901247356436,1.0400538454930288,118,1676,0.5338983050847458,0.49743260590500643,12,0.9628662089481826,False
53d4fd57-74b6-42c7-88b1-110e5a8dfc3c,Spell Pierce,0.03786441171539878,0.8691590781974725,1.038590402640151,95,1676,0.5263157894736842,0.49841872232764073,10,0.9628662089481826,False
492b368b-de32-45c1-8459-238aae54f9fc,Unmarked Grave,0.03680402692173075,0.8974937901827229,1.0374896808677956,64,1676,0.421875,0.5031017369727047,7,0.968695506689311,False
b768efa2-e56b-4a7e-ace8-d673f10e0714,Birthing Pod,0.036159445786645025,0.9081520375212291,1.0368211500759774,51,1676,0.5882352941176471,0.49723076923076925,5,0.968695506689311,False
5f1cdcba-a04a-4a2f-8bc1-0dd7fa03754d,Exhume,0.032015819522883515,0.9075492593249452,1.0325338393686194,67,1676,0.5522388059701493,0.4978247358607831,7,0.968695506689311,False
1453f92e-df2d-4789-aa1b-a5b5c51567d4,Preordain,0.031170865532398555,0.8647964918867982,1.0316617642642885,152,1676,0.5,0.5,16,0.9628662089481826,False
70e33f45-7d47-423b-a123-8541f1d1afb4,Lingering Souls,0.030235059956008996,0.8931635636192613,1.0306967810211143,108,1676,0.5740740740740741,0.49489795918367346,12,0.968695506689311,False
551c0a45-9515-4e51-84e5-79703832a661,Expedition Map,0.028708453965920325,0.9059076638986121,1.029124513563053,86,1676,0.5116279069767442,0.49937106918238994,9,0.968695506689311,False
76c3cad2-1e25-4abe-878d-9194de6fcc27,Guide of Souls,0.02153552016578618,0.937056769870897,1.0217690831000426,68,1676,0.5588235294117647,0.4975124378109453,7,0.9792665342794961,False
be77b98a-dd79-477c-8ab2-7ebf5637a89e,Headliner Scarlett,0.018657318535947147,0.9323545755716509,1.018832453792638,105,1676,0.5428571428571428,0.49713558243157224,11,0.9792665342794961,False
cea3b218-0e6e-443a-84f7-380f1021e8e1,Barrowgoyf,0.015624109943406475,0.9343052509473114,1.0157468045141427,140,1676,0.4714285714285714,0.5026041666666666,15,0.9792665342794961,False
1fc6d14a-1328-4032-ad9e-cd85cd365bd3,Endurance,0.01505727819385183,0.952996514141485,1.0151712101238346,77,1676,0.44155844155844154,0.5028142589118199,8,0.9874548875661009,False
73cc6df4-3564-4ace-bf8a-eac3e62d725a,Ursine Monstrosity,0.01241714510831074,0.9637755488222065,1.0124945579382507,78,1676,0.5128205128205128,0.49937421777221525,8,0.9874548875661009,False
7740ff55-67bb-409e-90f7-2c2c8b8c770a,"Valgavoth, Terror Eater",0.010163720233242718,0.973581475767288,1.0102155462707,55,1676,0.43636363636363634,0.5021591610117212,6,0.9905005506373131,False
df9d9075-2d1e-4848-b661-816d539e05eb,Emperor of Bones,0.009068849512352775,0.964045396697077,1.009110096120231,131,1676,0.5267175572519084,0.49773462783171524,14,0.9874548875661009,False
cb94a02f-4660-45b6-8a39-941b710cf8f3,Collective Brutality,0.00900213552471997,0.9639198768323705,1.00904277660736,126,1676,0.48412698412698413,0.5012903225806452,14,0.9874548875661009,False
0eee981e-5d26-4810-90e1-432f3c3107f2,Reclamation Sage,0.008823054642253504,0.9776923538618306,1.0088620925154947,53,1676,0.4716981132075472,0.5009242144177449,5,0.9905005506373131,False
35f1a6ba-e46f-44fb-93f4-fb883d677b36,Baleful Mastery,0.003009531566185178,0.9891604960808068,1.0030140647527577,99,1676,0.46464646464646464,0.5022194039315155,11,0.9977618916989007,False
493a5ca7-5f90-4af4-b6db-43ae09a2f2c9,Dark Ritual,0.00165561619467898,0.9938045090485859,1.0016569874838428,113,1676,0.48672566371681414,0.5009596928982726,12,0.9984338632788657,False
a1febcf1-afa4-4406-9ac1-5bf98b2765d2,Time Walk,0.0015133126867792196,0.9941302690405948,1.001514458322252,117,1676,0.47863247863247865,0.5016035920461834,13,0.9984338632788657,False
5d10b752-d9cb-419d-a5c4-d4ee1acb655e,"Teferi, Hero of Dominaria",0.00042418258053031344,0.998550387561053,1.0004242725586832,89,1676,0.47191011235955055,0.5015752993068683,10,0.9992522571727597,False
cc520518-2063-4b57-a0d4-10cf62a7175e,Zagoth Triome,0.00019166412522910944,0.9992522571727597,1.0001916824939712,121,1676,0.4462809917355372,0.5041800643086817,13,0.9992522571727597,False
01006833-6007-4c16-9ebb-20d31c60a57a,Taiga,-0.006560001929780873,0.9768412380065968,0.9934614679098287,95,1676,0.5473684210526316,0.4971537001897533,10,0.9905005506373131,False
96c5607b-55fe-43c2-93fe-0084d84499d9,Deep Forest Hermit,-0.007278131115924069,0.9837528573012041,0.9927482903418766,54,1676,0.5185185185185185,0.499383477188656,6,0.9944691193633087,False
4df8aabc-7fcb-4b7b-980b-18f499e6c170,Hullbreacher,-0.007428653609846264,0.9711518274609239,0.9925988706391726,118,1676,0.4745762711864407,0.5019255455712451,13,0.990361424048063,False
f46a9329-7b91-441d-8653-50c1152c9120,"Kellan, Planar Trailblazer",-0.010685504508114778,0.9706675726332826,0.9893713826920717,58,1676,0.5517241379310345,0.49814585908529047,6,0.990361424048063,False
69c68c95-b788-43b1-9f22-1b22c5a00b25,Deep-Cavern Bat,-0.01090558252406984,0.9540099338412295,0.9891536677591402,140,1676,0.4785714285714286,0.501953125,15,0.9874548875661009,False
dcb94950-3f3e-4876-84f8-d5e4d9cfecee,Charming Prince,-0.011560310380809152,0.9603771522562453,0.9885062532615427,95,1676,0.4421052631578947,0.5034788108791903,11,0.9874548875661009,False
672b9b16-daef-44e6-9a3a-cfd9f3c78bc7,Pentad Prism,-0.011952058035065355,0.9551498443652723,0.9881190840968674,107,1676,0.5046728971962616,0.4996813256851498,11,0.9874548875661009,False
19477aca-b8db-4061-9a78-ebb189a9df22,Breeding Pool,-0.011986786384293083,0.9598154178776386,0.988084768948094,89,1676,0.5168539325842697,0.499054820415879,10,0.9874548875661009,False
729daf0e-b822-41bd-a908-ca8ec34032f0,Tropical Island,-0.01204211723100972,0.9625902177210054,0.9880300988936844,83,1676,0.4819277108433735,0.5009416195856874,9,0.9874548875661009,False
55707746-da6e-46e5-a5ca-7ac843fdc38e,"Phelia, Exuberant Shepherd",-0.017518671642220374,0.9289076972062298,0.9826338881053919,140,1676,0.5071428571428571,0.4993489583333333,15,0.9792665342794961,False
441f8b2f-c8cb-4340-a92f-116c2276e906,Frantic Search,-0.020469726980849978,0.9339779531842544,0.979738355663582,85,1676,0.43529411764705883,0.5034569453174105,9,0.9792665342794961,False
d5c782cc-c951-4c6f-a93f-774ae6c1c214,Shallow Grave,-0.02186653053985925,0.9349835018752372,0.9783708089608911,75,1676,0.4666666666666667,0.5015615240474703,8,0.9792665342794961,False
7eb39e97-53c2-4df0-9fb3-a3d6a24ec41f,Avacyn's Pilgrim,-0.02226211521842182,0.9227674228102293,0.9779838570000928,109,1676,0.5596330275229358,0.4958519463943842,11,0.9775435711962246,False
8db735ea-f9cf-4e3c-9200-4f180df55baa,Fractured Identity,-0.023670471468151794,0.9182617380252126,0.9766074767673036,90,1676,0.5,0.5,10,0.9749964449512555,False
52d3005f-a1c7-4ef5-911f-ccc0752f4181,Faerie Mastermind,-0.02483209837816919,0.9068700419258993,0.9754736818925781,124,1676,0.4596774193548387,0.5032216494845361,14,0.968695506689311,False
05bdd22c-3e11-4c29-bdfa-d3dfc0e90a9f,Bitter Triumph,-0.02539525396804579,0.9061760579748173,0.9749244930897292,109,1676,0.42201834862385323,0.5054243777919591,12,0.968695506689311,False
9a71531f-d4b6-4cc7-8193-b2f5bce33b21,Night Scythe,-0.029561394111556474,0.9108329583218419,0.9708712700323756,73,1676,0.5342465753424658,0.4984404242046163,8,0.969326818030584,False
5ab21006-7f61-49e0-8b6a-0397c5d4c3bd,Imperial Seal,-0.030206784304910084,0.8917992677284395,0.9702448813899738,110,1676,0.5545454545454546,0.49616858237547895,11,0.968695506689311,False
3bd1ec98-8188-4649-899e-b0972509fc7e,Firebolt,-0.030231032764639627,0.9058599259652647,0.9702213547312833,81,1676,0.5555555555555556,0.4971786833855799,8,0.968695506689311,False
995486ce-58bb-4753-a812-0ca73ef1a235,Gitaxian Probe,-0.03220588971606174,0.8701723715297771,0.9683071970603762,130,1676,0.49230769230769234,0.500646830530401,14,0.9628662089481826,False
3f3c77ad-fce8-4506-90e1-7ef71552a71c,Wheel of Fortune,-0.03306193927512159,0.8735678990322621,0.9674786328079287,118,1676,0.5,0.5,12,0.9628662089481826,False
63c59228-c742-4abd-b4d7-9f7880190e95,Windswept Heath,-0.03310146217588234,0.8629382715692892,0.9674403960015558,141,1676,0.49645390070921985,0.5003257328990228,15,0.9628662089481826,False
327cf118-cc92-4073-85d0-94d2a0a6989a,Scalding Tarn,-0.03367394663331506,0.8638950422216081,0.9668867099148138,133,1676,0.5714285714285714,0.4938431626701231,14,0.9628662089481826,False
0e606072-a3aa-4300-ba90-ec92a721fa76,"Jace, the Mind Sculptor",-0.035032042134484194,0.8883945474259306,0.9655744766946476,79,1676,0.5063291139240507,0.4996869129618034,9,0.968695506689311,False
b841bfa8-7c17-4df2-8466-780ab9a4a53a,Fabled Passage,-0.03522185401729278,0.8688752108446145,0.9653912165782583,113,1676,0.5398230088495575,0.4971209213051823,12,0.9628662089481826,False
fa6ac7d2-0127-49a8-b7d2-a38308d3c27b,"Liliana, the Last Hope",-0.039076751517527764,0.9040078420296941,0.9616768961526222,46,1676,0.5,0.5,5,0.968695506689311,False
b689a206-aec3-4a31-95cf-3d4b840db04c,Securitron Squadron,-0.04047551411596369,0.8708783637495345,0.9603326788181373,81,1676,0.4444444444444444,0.5028213166144201,9,0.9628662089481826,False
00cb17a0-5a13-4d02-b7fb-f99531bc8ca5,Dark Depths,-0.04347525705950986,0.8736350732051399,0.9574562440807549,70,1676,0.4857142857142857,0.5006226650062267,7,0.9628662089481826,False
fe964e7e-e2c5-4263-889d-0a531eb51442,Luminarch Aspirant,-0.04493995069754128,0.8279247684756006,0.9560548905386954,135,1676,0.5777777777777777,0.49318624269954575,14,0.9628662089481826,False
1c7d50d6-b63a-4d8c-88fa-1d78ae693a45,Overgrown Tomb,-0.04524272049826339,0.8526307159058633,0.9557654698061473,86,1676,0.5465116279069767,0.49748427672955975,9,0.9628662089481826,False
8c39f9b4-02b9-4d44-b8d6-4fd02ebbb0c5,"Narset, Parter of Veils",-0.04968799451279035,0.8418320207104585,0.9515262596054362,80,1676,0.5125,0.4993734335839599,9,0.9628662089481826,False
4b0bd07e-cf80-4d64-af29-f4cec6632b3e,Perilous Landscape,-0.05135151041544404,0.8733715645645865,0.9499446963832953,45,1676,0.5333333333333333,0.49908031882280807,5,0.9628662089481826,False
0d60eabe-b281-4eba-9c26-287364ed2067,Earthshaker Khenra,-0.051737417411413626,0.8509153086929286,0.94957817680496,66,1676,0.5,0.5,7,0.9628662089481826,False
f33d3948-fe7b-4c3b-ab67-1022623fbb2b,"Toby, Beastie Befriender",-0.05396491962335461,0.8483066616249169,0.9474653433599176,64,1676,0.421875,0.5031017369727047,7,0.9628662089481826,False
486d7edc-d983-41f0-8b78-c99aecd72996,"Otawara, Soaring City",-0.05842358821817469,0.8221667205650486,0.9432503130831604,71,1676,0.49295774647887325,0.5003115264797507,8,0.9628662089481826,False
fd97b3cf-924e-4f77-bb82-0bf19592389f,Dreadhorde Arcanist,-0.059395388376484566,0.8161638052795037,0.9423341075360333,80,1676,0.55,0.4974937343358396,8,0.9628662089481826,False
c8090bcf-e17a-4110-a518-77ccd045b18f,Charming Scoundrel,-0.06288201231757509,0.7772788898552732,0.9390542639893387,103,1676,0.5631067961165048,0.49586776859504134,11,0.9628662089481826,False
0fe070f4-8877-4280-b8fd-869f3ac34ab6,Sheltering Landscape,-0.06471383027154987,0.8419662342931598,0.937335662092284,45,1676,0.5333333333333333,0.49908031882280807,5,0.9628662089481826,False
19adde22-e5eb-4815-beb6-c520b3274cc9,Lotus Cobra,-0.06618993651906263,0.7411787499758631,0.9359530757386721,132,1676,0.48484848484848486,0.5012953367875648,13,0.9573229491374853,False
54a3ea87-005e-4985-b2a5-21711d0b71c0,Springheart Nantuko,-0.06740858097285701,0.742698665335126,0.9348131764209736,118,1676,0.5169491525423728,0.4987163029525032,12,0.9573229491374853,False
e6befbc4-1320-4f26-bd9f-b1814fedda10,Grief,-0.0677619535332283,0.7309419366769858,0.9344828974545518,129,1676,0.49612403100775193,0.5003232062055591,14,0.9573229491374853,False
1be9d9a4-d7ee-4854-abc2-85cabf993ec9,Archon of Cruelty,-0.0695803641371718,0.7735969349457457,0.9327851678971433,94,1676,0.43617021276595747,0.5037926675094817,10,0.9628662089481826,False
2605df98-0b02-4aab-bc36-01e93c693743,Territorial Kavu,-0.07065966374542203,0.825312781556842,0.9317789563304021,48,1676,0.5625,0.49815724815724816,5,0.9628662089481826,False
f1a21287-e244-4960-84fb-c4f6e5c346d9,Third Path Iconoclast,-0.07147586097133442,0.7882955204208708,0.9310187512119388,66,1676,0.48484848484848486,0.5006211180124224,7,0.9628662089481826,False
18bd50f2-c3ba-4217-a2d5-bb771e199706,Vampiric Tutor,-0.07424753034737673,0.7234853133963934,0.9284418478624128,123,1676,0.43902439024390244,0.5048293625241468,13,0.9573229491374853,False
564caf57-4ba5-4993-a35e-945699c94eb7,Toxic Deluge,-0.07538008855680736,0.7421495208057345,0.9273909286515606,96,1676,0.4791666666666667,0.5012658227848101,10,0.9573229491374853,False
1571b584-9007-45ee-a3c3-6c72f227fee2,Mystical Tutor,-0.0754619036868886,0.7089156201862552,0.9273150571458577,124,1676,0.4596774193548387,0.5032216494845361,14,0.9515044071203663,False
fc310a26-b6a0-4e42-98ab-bdfd7b06cb63,"Beza, the Bounding Spring",-0.07595457271867348,0.7589866512342627,0.9268583102562565,80,1676,0.525,0.49874686716791977,8,0.9616141646419614,False
04fc99dc-bfbe-4567-b791-6b1db96471ec,Reanimate,-0.07786228543777676,0.6995008261128088,0.9250918163861297,126,1676,0.47619047619047616,0.5019354838709678,14,0.9515044071203663,False
2be39749-ad6f-4160-99eb-c677eee7f1b2,Thraben Inspector,-0.07872333821196364,0.7049873009693309,0.9242956063498764,125,1676,0.536,0.49709864603481624,13,0.9515044071203663,False
93f99e67-901f-4c8d-8a09-e443b7eb928f,Archangel Elspeth,-0.07880208185583035,0.7115776492904463,0.9242228268113231,117,1676,0.47863247863247865,0.5016035920461834,12,0.9515044071203663,False
f9246b68-580f-4f53-883d-7900880e4b0d,Six,-0.08047678234120366,0.7830272422203156,0.9226763257191797,60,1676,0.5166666666666667,0.4993811881188119,6,0.9628662089481826,False
69af2825-18c2-4463-b6ba-42eaa070ccc1,"Grist, the Hunger Tide",-0.08415488824770173,0.7537477051776114,0.9192888580271642,79,1676,0.5063291139240507,0.4996869129618034,8,0.960821250556076,False
30377bf0-d9b1-4c14-8dde-f74b1e02d604,Gilded Goose,-0.09181537507571828,0.6407553723553729,0.9122735624353923,143,1676,0.48951048951048953,0.5009784735812133,15,0.9314448848215601,False
907b3d1d-8c85-4707-80b5-c4d832df9846,Tishana's Tidebinder,-0.0952054494574433,0.7352570524225217,0.9091861234829962,62,1676,0.4838709677419355,0.5006195786864932,7,0.9573229491374853,False
139b90cd-8272-457a-be32-1298145345be,Watery Grave,-0.09644669085165963,0.6546822105263029,0.9080583041243193,113,1676,0.5486725663716814,0.4964811260396673,12,0.9404722776600761,False
6a058e68-70af-4a64-859c-c881e5578368,Chrome Mox,-0.09673237464555348,0.6392166152169226,0.9077989236350855,123,1676,0.5284552845528455,0.4977462974887315,14,0.9314448848215601,False
ff590af2-2d6c-4f16-a9b8-1a6dab6e9ad5,Echo of Eons,-0.10110855360195728,0.7216949845854628,0.9038349130249447,63,1676,0.47619047619047616,0.5009299442033478,7,0.9573229491374853,False
62b3f560-262b-4bc3-9aef-535fd7082c28,Vaultborn Tyrant,-0.10443161715269225,0.692898075183749,0.9008363970584687,70,1676,0.5,0.5,7,0.9515044071203663,False
2b5315a4-6a78-456f-8d5a-fea9d62f3f0e,Strip Mine,-0.10844221768407167,0.5752784181067145,0.8972307373890931,138,1676,0.5144927536231884,0.4986996098829649,14,0.9015726059369972,False
2b74bb81-fb9a-40e5-a941-e517430b52f5,Indatha Triome,-0.11017425694783169,0.6326145232940543,0.8956780435747765,90,1676,0.4888888888888889,0.5006305170239597,9,0.9314448848215601,False
059164e1-894d-4586-9800-e60d6fbd6eb6,Shifting Woodland,-0.1152633926526094,0.7336329232717517,0.8911313955305974,48,1676,0.4583333333333333,0.5012285012285013,5,0.9573229491374853,False
01c6f877-6b00-4d57-8a88-36cd3b16edbc,Llanowar Elves,-0.11623294956517223,0.6214870644694397,0.8902678116405744,118,1676,0.423728813559322,0.5057766367137355,13,0.925775812026218,False
2da5f3f8-5eef-498f-ba2c-2f3fbc3745aa,Ephemerate,-0.1164109436739019,0.6843418228208822,0.8901093633167632,64,1676,0.40625,0.5037220843672456,7,0.9515044071203663,False
b83cfbaa-7890-4f6f-878b-4edb45677371,Skyclave Apparition,-0.1171151534854981,0.5703327299915723,0.8894827602256392,128,1676,0.578125,0.4935400516795866,13,0.9015726059369972,False
07246783-d475-4f61-99ac-e2b574072349,Voice of Resurgence,-0.11830557756948024,0.6862301186613821,0.8884245285228016,59,1676,0.4067796610169492,0.5034013605442177,6,0.9515044071203663,False
079e6263-e54c-4899-a336-5315909b9322,"Magda, Brazen Outlaw",-0.11839733079027359,0.5766591259332938,0.8883430164504326,125,1676,0.592,0.49258542875564154,13,0.9015726059369972,False
1785cb18-c291-4fd5-b8c7-ace893c32e49,Mesmeric Fiend,-0.11855614185100696,0.5848563672134399,0.8882019489555307,109,1676,0.46788990825688076,0.5022335673261008,12,0.9015726059369972,False
f6ca59cd-8779-4a84-a54b-e863b79c61f0,Underground Mortuary,-0.12162463071876783,0.6938841085922753,0.8854806883769298,54,1676,0.48148148148148145,0.5006165228113441,7,0.9515044071203663,False
7c353e83-4b63-4bc6-b029-273d2eca1f75,Upheaval,-0.12261392035598906,0.677920029701766,0.8846051246724179,55,1676,0.45454545454545453,0.5015422578655151,6,0.9515044071203663,False
3faa8c5e-9e1b-4cee-b322-a033bf33dcbc,Hymn to Tourach,-0.12298223029892852,0.6660435482513045,0.8842793758013823,56,1676,0.5,0.5,6,0.9509052504264778,False
b3dd3c7d-4685-4579-b483-14ddaaaddf5b,Scythecat Cub,-0.12336433843236105,0.623312659391728,0.8839415500067643,78,1676,0.5256410256410257,0.49874843554443055,8,0.925775812026218,False
6aa5cc65-f8f1-4f6f-8b4e-2fedccbda684,"Rofellos, Llanowar Emissary",-0.12371378891045154,0.7081497372569474,0.8836327101747666,55,1676,0.4727272727272727,0.5009253547193091,6,0.9515044071203663,False
62d37423-3445-412a-9abd-0480da404637,Phyrexian Fleshgorger,-0.12408114828240112,0.6244996318194099,0.8833081590344243,77,1676,0.5064935064935064,0.4996873045653533,8,0.925775812026218,False
0ce44270-a684-4489-9077-521456e6dfaa,Lórien Revealed,-0.12430969971039788,0.5584496356426181,0.8831063007616927,123,1676,0.5040650406504065,0.4996780424983902,14,0.9015726059369972,False
748e6a61-9c1f-4225-9f04-e54002f63ac3,Savai Triome,-0.12612386789466623,0.6423757826355587,0.8815056497715801,69,1676,0.5072463768115942,0.49968886123210954,7,0.9314448848215601,False
1ea179e9-9c0d-46c1-9ee8-60be68e1f79c,Thirst for Discovery,-0.1280293349472113,0.6748095122554437,0.8798275690707834,54,1676,0.42592592592592593,0.5024660912453761,6,0.9515044071203663,False
6cc73d16-5ed7-4104-91f6-0997a2080e2e,Embereth Shieldbreaker // Battle Display,-0.13447188277403754,0.609074791071234,0.8741774579761397,70,1676,0.45714285714285713,0.50186799501868,7,0.9235643890753352,False
af7091c9-5f98-4078-a42b-c9e057346d9b,Hallowed Fountain,-0.13453311910592988,0.5553674089396988,0.8741239281941907,93,1676,0.4731182795698925,0.5015792798483891,10,0.9015726059369972,False
1bd3fa8a-6c50-4f7f-9ae3-0810eec5e3db,Reprieve,-0.13993551459058873,0.5005739964729754,0.8694142981281352,122,1676,0.47540983606557374,0.5019305019305019,13,0.8731817081333104,False
d6ec3293-b09e-4931-ac4e-dc5eac0ca004,Mana Vault,-0.14223240076162308,0.46041302440289555,0.8674196440734528,138,1676,0.4782608695652174,0.5019505851755527,15,0.8491493591839735,False
7832abb5-5107-4603-904e-491b221bd3e3,Smuggler's Copter,-0.14250007951364202,0.5179001012190179,0.8671874853390169,104,1676,0.5,0.5,11,0.882609060242007,False
bb9ad57f-cca2-4717-a951-cbe3c7782efe,Recruiter of the Guard,-0.1446480941370834,0.5468447849611189,0.8653267530947253,97,1676,0.5876288659793815,0.49461684610512985,10,0.9015726059369972,False
24da9431-7e52-44f5-bc18-2f2d8a4ca81e,Abrade,-0.1452496606160432,0.5178682653238637,0.8648063580685116,101,1676,0.5148514851485149,0.4990476190476191,11,0.882609060242007,False
4a706ecf-3277-40e3-871c-4ba4ead16e20,Wrenn and Six,-0.1464356182825162,0.5306075977057345,0.8637813422709574,95,1676,0.5052631578947369,0.49968374446552816,10,0.8985471727571562,False
985453e7-997e-4d77-a338-cc0290791ebe,Finale of Devastation,-0.14734301105968245,0.6390886938145204,0.8629979088146137,60,1676,0.45,0.5018564356435643,6,0.9314448848215601,False
0027e5ca-8046-40a0-bd73-79be55f28bff,Remand,-0.1484980280352603,0.46786912112489876,0.8620017070057945,123,1676,0.5121951219512195,0.4990341274951706,13,0.8491493591839735,False
b50e1800-a45c-43bd-8886-8a06145d9346,Recurring Nightmare,-0.15064807476908104,0.5746807274840614,0.860150354012015,75,1676,0.38666666666666666,0.5053091817613992,8,0.9015726059369972,False
45026d57-0324-4312-8b86-2e7d4f581ee9,Marsh Flats,-0.15566526393584437,0.4184155840174977,0.8558456248243517,142,1676,0.5,0.5,15,0.8191765020426959,False
329a8738-3e17-403a-857a-0ba529ce8cd1,Walking Ballista,-0.1566022263928991,0.4629635231774426,0.8550441051604113,111,1676,0.4144144144144144,0.5060702875399361,12,0.8491493591839735,False
68c72226-6f52-4322-8b14-18737293dfa0,Bloodstained Mire,-0.15805001656035794,0.44696090677474687,0.8538070764073268,116,1676,0.47413793103448276,0.5019230769230769,12,0.8491493591839735,False
1e0c695d-62f9-4805-9e2f-7032e8464136,No More Lies,-0.16030297115884426,0.5786992520013934,0.851885653080805,56,1676,0.44642857142857145,0.5018518518518519,6,0.9015726059369972,False
5ad67b3c-cd5a-497b-8639-9b844e8d517a,Mind Twist,-0.16244936331526474,0.4981329393887973,0.8500591333119492,88,1676,0.48863636363636365,0.5006297229219143,10,0.8722025806656678,False
8683a978-1bef-4b01-9361-56b1fc157d26,Courser of Kruphix,-0.1679872437310207,0.4642655583390072,0.845364618314336,107,1676,0.4205607476635514,0.5054174633524537,11,0.8491493591839735,False
487116ab-b885-406b-aa54-56cb67eb3ca5,Scavenging Ooze,-0.17125856013956375,0.5381885389117277,0.8426036815782488,72,1676,0.5,0.5,8,0.9015726059369972,False
9a9a1df5-a4e8-49a4-aebe-ca93894ccfcf,Dimir Signet,-0.17169317966560996,0.5545835289231695,0.8422375491354342,54,1676,0.46296296296296297,0.501233045622688,6,0.9015726059369972,False
de0e01e4-e143-47fd-8565-7b48219bb546,Goldvein Hydra,-0.17199741805179064,0.46782668215427514,0.8419813471179249,99,1676,0.45454545454545453,0.50285351934052,10,0.8491493591839735,False
4216656e-90e8-45fc-a0f6-0d0d79d0a021,Shelldock Isle,-0.17464055353045144,0.4307992879170185,0.8397588148678229,101,1676,0.4752475247524752,0.5015873015873016,11,0.8328786233062357,False
07a3d9e8-8597-498b-869c-cff79e0df516,"Karn, Scion of Urza",-0.17847580751614384,0.4544890585072777,0.8365442947169346,89,1676,0.4044943820224719,0.5053560176433523,10,0.8491493591839735,False
a249b1f4-2b22-4b67-a207-e0c4ae95d2e1,Ketria Triome,-0.17964319487004515,0.45632843208973595,0.8355682932830101,82,1676,0.4634146341463415,0.5018820577164367,9,0.8491493591839735,False
a7a8b6b8-b95f-4014-b17a-a6d44d965995,City of Traitors,-0.1830737395364589,0.3898879896453621,0.8327067500633499,108,1676,0.46296296296296297,0.5025510204081632,12,0.8151742270467979,False
5eccf31d-869d-4003-a92b-71b4f4b479ee,Strix Serenade,-0.18443832837056445,0.4695684858054443,0.8315712226703356,81,1676,0.5185185185185185,0.4990595611285266,9,0.8491493591839735,False
6bbf7394-9b17-45f8-a25b-d865e8452b2c,Steamcore Scholar,-0.1858747997176498,0.4133440347820668,0.8303775519780392,103,1676,0.4368932038834951,0.5041322314049587,11,0.8151742270467979,False
5da578b8-19e6-4068-9336-e7cd33c585f1,Retrofitter Foundry,-0.19042480527957245,0.38519772489707194,0.8266079119430343,101,1676,0.45544554455445546,0.5028571428571429,11,0.8151742270467979,False
80c72839-0fa6-4b5f-83b7-6553ebf09bef,"Otharri, Suns' Glory",-0.19331577572253145,0.36533233325005254,0.8242216638500082,119,1676,0.5210084033613446,0.4983943481053308,12,0.8151742270467979,False
c3896705-bbd2-4ffb-a590-ee78e0eabdc5,Long Goodbye,-0.1955555832311714,0.39948746914232136,0.8223776318877695,92,1676,0.42391304347826086,0.5044191919191919,10,0.8151742270467979,False
01e7b0bc-1c6c-48f4-8b72-1a809f536c6c,Birds of Paradise,-0.19590387867860715,0.30941094654781076,0.8220912513779188,144,1676,0.5138888888888888,0.49869451697127937,15,0.8118418165908091,False
064dfdeb-485f-473e-9fa0-8fdb7638cdc6,Dismember,-0.197211176259883,0.34706908296160854,0.8210172356554427,121,1676,0.5371900826446281,0.49710610932475885,13,0.8151742270467979,False
4c6cf93a-d073-48ac-88db-c46bf3e10beb,Generous Plunderer,-0.20064773849763018,0.44531208184926196,0.8182006013683916,72,1676,0.5138888888888888,0.4993765586034913,8,0.8491493591839735,False
02c532e8-21f1-4d6f-a931-1ea48a6aeea2,Coalition Relic,-0.2009578261535274,0.3811932732851052,0.8179469267945692,92,1676,0.45652173913043476,0.5025252525252525,10,0.8151742270467979,False
187e887c-c39d-4d25-a506-cdc95fc70316,"Gideon, Ally of Zendikar",-0.2020102218883878,0.4534767039917461,0.8170865757317688,72,1676,0.4583333333333333,0.5018703241895262,8,0.8491493591839735,False
1f9fb33a-3b39-4aff-93b8-aedafe0ea694,Fanatic of Rhonas,-0.20352038655733806,0.4632367502031991,0.8158535717075143,86,1676,0.3953488372093023,0.5056603773584906,10,0.8491493591839735,False
0055ea30-20fb-4324-a632-8fed87628f05,"Boseiju, Who Endures",-0.20505052563134465,0.3479431950504551,0.814606156881244,119,1676,0.48739495798319327,0.5009633911368016,13,0.8151742270467979,False
ff84ea71-e477-44f7-a3f8-77fef708efeb,Thieving Skydiver,-0.21208086519766284,0.3445511650514187,0.8088992831212405,110,1676,0.509090909090909,0.49936143039591313,12,0.8151742270467979,False
c7bbb911-9de2-455d-9677-e1004db65dbd,"Chandra, Torch of Defiance",-0.21742915854921896,0.307364707200217,0.8045846008413668,125,1676,0.512,0.4990328820116054,13,0.8118418165908091,False
3c02b8ee-84cb-44cb-ba14-9e725a9d03ee,Ponder,-0.22073537573524796,0.2758086056103568,0.8019288620502395,123,1676,0.4634146341463415,0.5028976175144881,13,0.8118418165908091,False
d40b65c1-b24d-492d-81b9-d8474ebdc08c,Sylvan Caryatid,-0.22262224037244696,0.2902454750079754,0.8004171574783417,119,1676,0.46218487394957986,0.5028901734104047,13,0.8118418165908091,False
c78da035-6b5b-4136-9ab6-f622b64fdc54,Unstoppable Slasher,-0.22273613622396898,0.2864112175249166,0.8003259984760326,115,1676,0.4260869565217391,0.5054452274183215,13,0.8118418165908091,False
d2507bc2-da17-4e46-b4c5-ba0080ce2c6f,Rishadan Port,-0.22404740918173469,0.38232532630164695,0.7992772403911649,77,1676,0.5064935064935064,0.4996873045653533,8,0.8151742270467979,False
0f7585c8-9e21-4eef-afc1-2852de23db2f,Polluted Delta,-0.22444120298218856,0.26568354037744646,0.7989625519343033,124,1676,0.46774193548387094,0.5025773195876289,13,0.8118418165908091,False
2c695df6-6bf2-4e6b-8500-e3116137ca27,Jacked Rabbit,-0.22593762237222897,0.27938272431856204,0.7977678629804664,128,1676,0.4609375,0.5032299741602068,13,0.8118418165908091,False
c17816e8-28b1-4295-a637-efb0e5c18873,Lush Portico,-0.22783766491871407,0.33921508155362434,0.7962535092224589,102,1676,0.37254901960784315,0.5082592121982211,11,0.8151742270467979,False
32aa6e33-221f-414c-9b51-850d97a7e051,Galvanic Discharge,-0.2284810926017016,0.30984530244797304,0.7957413424607552,102,1676,0.5294117647058824,0.49809402795425667,11,0.8118418165908091,False
1132218d-56cd-441e-9006-df3c50344491,Joraga Treespeaker,-0.23549039096895844,0.297059450213102,0.7901832558677633,107,1676,0.4205607476635514,0.5054174633524537,11,0.8118418165908091,False
400382a4-aea2-4827-b06a-1b0b3745908b,Noble Hierarch,-0.2360693708878948,0.2497395069252225,0.7897258880465047,151,1676,0.5165562913907285,0.49836065573770494,16,0.8118418165908091,False
1af92296-455a-425e-9397-a96d09937767,Incinerate,-0.23651971700771798,0.317621710914044,0.7893703181278751,90,1676,0.4666666666666667,0.501891551071879,9,0.8118418165908091,False
6151b583-3aa7-4be8-9d05-d5e53f19c6c9,Fastbond,-0.24084812332055183,0.24829970738186113,0.7859609864689104,131,1676,0.4122137404580153,0.5074433656957928,14,0.8118418165908091,False
247939d9-87e9-4f01-b223-fb4cfa7dbbe1,Mana Leak,-0.24177420784182957,0.23325301313265445,0.785233457093856,122,1676,0.4918032786885246,0.5006435006435006,13,0.8076820753250125,False
15c34f32-49d9-4a0d-83b2-28172f54fdd1,Crop Rotation,-0.2418305237849097,0.38388658690074917,0.7851892371763365,65,1676,0.4461538461538462,0.5021725636250776,7,0.8151742270467979,False
0da69523-cece-425a-b08a-fb27fac29374,Figure of Destiny,-0.2419275587077545,0.32893590844627607,0.785113050095752,86,1676,0.5116279069767442,0.49937106918238994,9,0.8118418165908091,False
671c008a-8ff8-42d7-9e03-6d8a9ddace67,Faithless Looting,-0.24389977736168225,0.37740112916671664,0.7835661613956901,64,1676,0.4375,0.5024813895781638,7,0.8151742270467979,False
4a08ca06-58db-4ce6-b490-be4bea8956a1,Sensei's Divining Top,-0.24766839490380718,0.32227770992696314,0.7806187575217794,78,1676,0.47435897435897434,0.5012515644555695,8,0.8118418165908091,False
d5806e68-1054-458e-866d-1f2470f682b2,The One Ring,-0.248903748567754,0.20647138884396699,0.7796550126849511,132,1676,0.45454545454545453,0.5038860103626943,14,0.7917580530876089,False
245cdc59-d560-4c10-b721-f51cc312e370,Mishra's Factory,-0.24966124770329812,0.35426617977336783,0.779064648315299,67,1676,0.3880597014925373,0.5046612802983219,8,0.8151742270467979,False
a2c56479-4bee-4edb-80d7-4af010b7c793,Raffine's Tower,-0.25045835081106294,0.2553978707348755,0.7784439008956929,109,1676,0.41284403669724773,0.5060625398851308,12,0.8118418165908091,False
aaae15dd-11b6-4421-99e9-365c7fe4a5d6,Embercleave,-0.2510711985073202,0.3417077929712443,0.77796697949938,81,1676,0.4691358024691358,0.5015673981191222,9,0.8151742270467979,False
0c3d7e2c-a104-4757-9984-fb31088f92c4,Cryptic Coat,-0.25386060440549796,0.29042840748347754,0.7757999376030077,84,1676,0.44047619047619047,0.503140703517588,9,0.8118418165908091,False
9417f14c-a853-42c6-a992-29139484260a,Ignoble Hierarch,-0.25643660008952684,0.22418671565564707,0.7738040521119615,112,1676,0.5,0.5,11,0.8076820753250125,False
985bdb0c-ce6c-4506-8163-76f3b2fdf5fb,Lose Focus,-0.25727673190992234,0.19555277104249713,0.7731542277123308,138,1676,0.47101449275362317,0.5026007802340702,15,0.7917580530876089,False
33ca68a6-474e-4d86-bffa-ee4bddb4a3cf,Fellwar Stone,-0.25904867888733896,0.4035602421844662,0.7717854524721733,51,1676,0.39215686274509803,0.5033846153846154,6,0.8151742270467979,False
8e42df9e-95f2-4c79-9274-2d16e3cd91f1,"Thalia, Guardian of Thraben",-0.2604110802396637,0.24872722435373518,0.7707346868727879,105,1676,0.44761904761904764,0.5035009548058561,11,0.8118418165908091,False
33672990-4860-4aa6-ac1b-f9da66f5da59,Wurmcoil Engine,-0.2620262818481929,0.2755386070214171,0.76949079980143,82,1676,0.45121951219512196,0.5025094102885822,9,0.8118418165908091,False
41e108a5-4e2f-42cf-9ea1-87bf3c0a2b7f,"Nissa, Who Shakes the World",-0.26716574998150566,0.3660638923545513,0.7655461716850478,77,1676,0.4675324675324675,0.5015634771732332,9,0.8151742270467979,False
b90331d4-74f0-43bf-8ed2-f8616d782859,Basalt Monolith,-0.27199333135820447,0.35983825246575163,0.7618593416399453,55,1676,0.4,0.5033929673041333,6,0.8151742270467979,False
553fb946-2706-475b-89f9-e4355ec9ea2b,March of Otherworldly Light,-0.27298318404371513,0.2937663647927363,0.7611055862395899,82,1676,0.34146341463414637,0.5081555834378921,9,0.8118418165908091,False
f231caf8-56c0-4719-a90d-5e5efbee3148,Den of the Bugbear,-0.27340527584982105,0.2759496001594005,0.7607843975983722,87,1676,0.45977011494252873,0.5022026431718062,9,0.8118418165908091,False
3ee3945e-5089-4751-b7b3-5961c39d2a33,Nethergoyf,-0.27920625576984365,0.22854783134914503,0.7563838785859355,90,1676,0.4888888888888889,0.5006305170239597,11,0.8076820753250125,False
99ff731b-8399-40c8-b539-ba6ba5783771,Wasteland,-0.2802634311653612,0.24928727534123019,0.7555846706858265,88,1676,0.5340909090909091,0.4981108312342569,9,0.8118418165908091,False
74b4c336-5d4c-4bc5-b82a-35084a6ad808,Spellseeker,-0.2806517498506536,0.32586070968733005,0.755291320000341,58,1676,0.4482758620689655,0.5018541409147095,6,0.8118418165908091,False
74d29b3d-f588-431d-bf4e-f7215683ab39,Tangle Wire,-0.2810702452902905,0.2314723251953802,0.7549753001583672,92,1676,0.43478260869565216,0.5037878787878788,10,0.8076820753250125,False
71384418-173a-4f77-adab-56e52fa23692,Delighted Halfling,-0.28537095192400946,0.2377070379467121,0.7517353449190479,94,1676,0.46808510638297873,0.5018963337547409,11,0.8118418165908091,False
86ecaedc-08f1-4de7-aae8-056df57940e0,Goblin Cratermaker,-0.28600151279659686,0.34042023303902624,0.7512614794402169,54,1676,0.42592592592592593,0.5024660912453761,6,0.8151742270467979,False
02138fbb-3962-4348-8d31-faaefba0b8b2,Raugrin Triome,-0.2887928595779723,0.23223425599925895,0.7491673721771012,89,1676,0.4606741573033708,0.5022054190296156,10,0.8076820753250125,False
9814d8e8-c462-41ca-9909-1c659f488543,Lotus Petal,-0.29290895452041377,0.17360795392809902,0.7460900657328899,109,1676,0.44954128440366975,0.5035098915124442,12,0.7917580530876089,False
175b3d28-5c74-4972-9b5c-5e39762c78f4,Relic of Sauron,-0.3029610504765772,0.18203678195342388,0.7386278650135455,101,1676,0.40594059405940597,0.506031746031746,11,0.7917580530876089,False
3b5233ff-03bc-4053-9b49-c4185c2de38d,Restoration Angel,-0.3088384136325837,0.2012811550029534,0.7342994132152216,86,1676,0.43023255813953487,0.5037735849056604,9,0.7917580530876089,False
90107d10-e2aa-4cb7-a000-039f0c581b47,Simic Signet,-0.31441322575001807,0.28921151150944346,0.7302172212475996,58,1676,0.3793103448275862,0.5043263288009888,6,0.8118418165908091,False
ab1d1461-1625-4163-aacd-a939f4871fad,Staff of the Storyteller,-0.3186252332851227,0.18221263798709575,0.727148009119322,89,1676,0.39325842696629215,0.5059861373660995,10,0.7917580530876089,False
fd99bce1-ce39-464b-8e61-2631eb3ed6f6,Tolarian Academy,-0.3215512587217681,0.1774403590413558,0.7250234652988582,90,1676,0.3888888888888889,0.5063051702395964,10,0.7917580530876089,False
af09af65-0a3b-42df-b0fd-372e2158beac,Academy Ruins,-0.3219964249663876,0.3228535876663988,0.7247007811549233,45,1676,0.4,0.5027590435315757,5,0.8118418165908091,False
e419cd0b-2449-4cc5-9ead-b9e45e271700,"Phlage, Titan of Fire's Fury",-0.32331751853728796,0.24933108222018607,0.7237440157395852,64,1676,0.46875,0.5012406947890818,7,0.8118418165908091,False
e2312c49-1627-47ad-8113-78a999a97d8d,Contaminated Landscape,-0.32776866134742055,0.3071453452217676,0.7205296867931745,51,1676,0.35294117647058826,0.5046153846153846,6,0.8118418165908091,False
2616aa0e-8413-4e63-877c-bffd5263f552,Porcelain Legionnaire,-0.3331208249560452,0.16049330621878477,0.7166835956602307,92,1676,0.43478260869565216,0.5037878787878788,10,0.7917580530876089,False
054f2276-2dd5-43da-bb26-c57c560861fe,Steam Vents,-0.3387836793086724,0.11022683359771838,0.71263659045652,122,1676,0.48360655737704916,0.5012870012870013,13,0.7006549909801716,False
229a0d4a-3777-451d-a2fb-f1a2fdf8019f,Spara's Headquarters,-0.3404906172977439,0.14939701650234447,0.7114212015796902,85,1676,0.4588235294117647,0.5021998742928976,9,0.7617606116163499,False
01794178-cf41-454c-ac37-1d8b18e42db2,Green Sun's Zenith,-0.34370966586647367,0.09713262963121005,0.709134784197655,132,1676,0.4621212121212121,0.5032383419689119,13,0.6842198996029344,False
febaaeae-5c0d-45fa-8169-b27b4996f18e,Chrome Host Seedshark,-0.345200919909334,0.19305098710386082,0.7080780721926418,74,1676,0.44594594594594594,0.5024968789013733,8,0.7917580530876089,False
187b6719-e5ed-4615-a00b-3313ceca055b,Currency Converter,-0.3476000006563523,0.2227879576532178,0.7063813717966777,62,1676,0.4032258064516129,0.5037174721189591,7,0.8076820753250125,False
e58e681e-a069-4414-aafe-634c7987fd0d,Swords to Plowshares,-0.35488897495306676,0.0655270622528395,0.7012512953447015,142,1676,0.49295774647887325,0.500651890482399,15,0.6471055840413743,False
1163fe84-c5d5-42c8-b7cd-d206a9b0bd3f,Tireless Provisioner,-0.3613840684370852,0.14503554908270647,0.6967113622308557,86,1676,0.47674418604651164,0.5012578616352201,10,0.7561403907233236,False
ebeafbc2-0399-4335-8f63-76a3e085e8c6,Evolved Sleeper,-0.3644886207536652,0.10862514253515304,0.6945517394228309,97,1676,0.41237113402061853,0.5053831538948702,10,0.7006549909801716,False
3462a3d0-5552-49fa-9eb7-100960c55891,"Oko, Thief of Crowns",-0.36541360724471783,0.11510782640693772,0.6939095854841725,93,1676,0.43010752688172044,0.5041061276058117,10,0.7006549909801716,False
4a0bb5dc-75a6-4bd6-81f8-611197fb0fba,Nettlecyst,-0.3669506667461323,0.20541038845070192,0.6928438244415762,57,1676,0.40350877192982454,0.5033971587399629,6,0.7917580530876089,False
5bb3cb5c-8d66-4f5e-a9a9-917e6045f024,Flickerwisp,-0.3726870558018033,0.14212194421710078,0.6888807803584871,83,1676,0.39759036144578314,0.5053358443188951,9,0.7561403907233236,False
0a26d900-c652-4f9c-8681-a35c5f8b1937,Sacred Foundry,-0.376102448517307,0.08765462065353051,0.6865319952543639,109,1676,0.5321100917431193,0.4977664326738992,11,0.6842198996029344,False
068bb15a-fc2d-42a2-859b-837b946d23c0,Underground Sea,-0.3803701484125457,0.09615928729821831,0.6836083258394285,100,1676,0.46,0.5025380710659898,11,0.6842198996029344,False
4720b4f2-e6af-4223-9250-a0ed21ed5693,Pest Infestation,-0.3832556534532836,0.07530782875228097,0.6816386137430945,111,1676,0.40540540540540543,0.5067092651757189,12,0.6842198996029344,False
85a89077-b384-4fca-9d26-7297962c1541,Kappa Cannoneer,-0.3932349623948024,0.09915670982880628,0.6748701598468471,90,1676,0.3888888888888889,0.5063051702395964,10,0.6842198996029344,False
05e8a4ea-8c0d-4284-ac23-80e19fdde11d,Myr Battlesphere,-0.3944368202698447,0.1687792670424758,0.6740595490476651,61,1676,0.3770491803278688,0.5046439628482973,7,0.7917580530876089,False
0c3bc412-689f-4385-807b-ed60d6276d76,Grim Monolith,-0.4058085249110278,0.10413638184208061,0.6664377614386249,78,1676,0.3974358974358974,0.5050062578222778,9,0.7002794373148609,False
b3da28c7-6e92-439d-a163-91682d4f11dc,Shattered Landscape,-0.40991795574733186,0.1977126863022164,0.6637047010587869,47,1676,0.40425531914893614,0.5027624309392266,5,0.7917580530876089,False
3b6e5956-f795-451b-bb24-56462d1ced27,Umezawa's Jitte,-0.41064316044699345,0.053486373357359035,0.6632235537766139,111,1676,0.42342342342342343,0.5054313099041533,12,0.6146044184500912,False
522aa72b-2b8c-484c-872b-f082101cee35,Get Lost,-0.42332197658347626,0.03523150627790486,0.654867747083612,139,1676,0.45323741007194246,0.5042290175666884,15,0.6103356083054938,False
7b54447f-1daf-4352-b5c3-3c0ec8b8f4d0,Unwanted Remake,-0.4272985190962127,0.12530326665072902,0.6522688084667896,62,1676,0.45161290322580644,0.5018587360594795,7,0.7298441030361955,False
0845f0b0-9413-4ddd-861d-9607636bebc6,Natural Order,-0.4299282588903386,0.12742360336952097,0.6505557646416726,105,1676,0.5047619047619047,0.4996817313812858,11,0.7298441030361955,False
14065271-d942-42a8-aa38-d8a622c0375d,Scrubland,-0.4392316091509074,0.05911922874279289,0.6445314829517307,93,1676,0.43010752688172044,0.5041061276058117,10,0.6146044184500912,False
5a10b543-d5d4-42a8-9ee8-dada59a2ad7e,"Saheeli, Sublime Artificer",-0.43946298064142963,0.08323069073766518,0.6443823739922779,79,1676,0.3670886075949367,0.506574827802129,9,0.6842198996029344,False
1b6ef5f5-4058-4f89-a573-9e2da87a9f2e,Steel Seraph,-0.44457900186798105,0.195137549359075,0.6410941186531148,42,1676,0.38095238095238093,0.5030599755201959,5,0.7917580530876089,False
162018eb-5483-4fa2-9c5a-abb639eecf91,"Kiki-Jiki, Mirror Breaker",-0.4747516536589811,0.16426009744567305,0.622039518522577,47,1676,0.5319148936170213,0.4990791896869245,5,0.7917580530876089,False
5f608efc-0dbc-4cc3-aadd-ed473bfc29ab,Portal to Phyrexia,-0.48846245770991437,0.05032567346848762,0.6135690576802848,86,1676,0.3953488372093023,0.5056603773584906,9,0.6146044184500912,False
9503a1e6-f0bf-44d0-a28b-56fbfcff1ff2,Guardian of Ghirapur,-0.49084100135816644,0.11291824794672568,0.6121113911443409,63,1676,0.2698412698412698,0.5089894606323621,7,0.7006549909801716,False
aac0c8df-f01d-4178-8d66-ee603f814d24,Mishra's Workshop,-0.4991541147189041,0.0816727372622489,0.6070439321244021,61,1676,0.3770491803278688,0.5046439628482973,7,0.6842198996029344,False
6982a82c-dd32-40d2-8dd2-ec92d0fc6c2d,Phyrexian Revoker,-0.5005094470513893,0.05580721341643456,0.6062217431514625,73,1676,0.4383561643835616,0.5028072364316906,8,0.6146044184500912,False
87d5e94b-0b35-4efd-9158-1767dcaea38c,Witherbloom Command,-0.5055559244390011,0.14893521706314933,0.6031701651686053,47,1676,0.3404255319148936,0.5046040515653776,5,0.7617606116163499,False
0324641d-af55-4c53-b4dc-c8262e967da5,Volcanic Island,-0.5128180676704566,0.039461353985269,0.5988057238165612,82,1676,0.43902439024390244,0.5031367628607277,9,0.6103356083054938,False
9e7fb3c0-5159-4d1f-8490-ce4c9a60f567,"Urza, Lord High Artificer",-0.5169061124636951,0.02292529937127082,0.5963627760373593,100,1676,0.36,0.5088832487309645,11,0.6068688190831807,False
1a55c370-d396-4c73-8ee2-83dc4c124005,The Goose Mother,-0.5173431105376765,0.09996534349649501,0.5961022235874426,53,1676,0.39622641509433965,0.503388786198398,7,0.6842198996029344,False
70719e7b-6f02-4c1a-9f11-79b2b0d9846a,Dust Animus,-0.5370085726076428,0.06694195696979734,0.5844941114624181,64,1676,0.40625,0.5037220843672456,7,0.6471055840413743,False
3b214b6f-4734-4200-8467-92d7e3469b5d,Tezzeret the Seeker,-0.5372904477611586,0.05883101296871967,0.5843293803129203,64,1676,0.375,0.5049627791563276,7,0.6146044184500912,False
d2e27911-87cb-49a0-a34f-6afe4bddd592,Phyrexian Metamorph,-0.5466261471264557,0.007982426385603389,0.5788996415282822,122,1676,0.4098360655737705,0.5070785070785071,13,0.4463636109969586,False
1e2fee55-227b-4373-a3f7-b463f220033f,Tinker,-0.5594542197175054,0.01071249539503817,0.5715209035832941,123,1676,0.3902439024390244,0.5086928525434643,13,0.4463636109969586,False
31b770cc-09e7-4c0b-b2a4-462ab4f7200d,Expressive Iteration,-0.5738938994501004,0.013116121365902402,0.5633276213217311,100,1676,0.38,0.5076142131979695,11,0.4463636109969586,False
97d08a15-e61c-4421-a541-c68a4f87cb74,Forensic Gadgeteer,-0.624558855942677,0.03699304433574013,0.5354976080080545,60,1676,0.31666666666666665,0.5068069306930693,7,0.6103356083054938,False
2ae6828e-ff19-45db-8b59-61616353491f,Deceptive Landscape,-0.6411790618620221,0.0318693355910882,0.5266710800292231,64,1676,0.34375,0.5062034739454094,7,0.6103356083054938,False
6be9b1d5-9ab8-4adb-ba54-2c0117e842fa,Mox Opal,-0.6487787779170238,0.011378473244786773,0.5226837000356338,82,1676,0.34146341463414637,0.5081555834378921,9,0.4463636109969586,False
a50d79fe-6d37-42f3-b7b0-0c3018282fa2,End-Raze Forerunners,-0.6830432401996636,0.15991895269375445,0.5050775787593573,69,1676,0.5217391304347826,0.49906658369632856,7,0.7917580530876089,False
ab9f6a1b-8467-4584-affd-8c71d3e34d2f,"Akal Pakal, First Among Equals",-0.6934286943640964,0.024850231815906103,0.4998592629085709,54,1676,0.3333333333333333,0.5055487053020962,6,0.6068688190831807,False
44afd414-cc69-4888-ba12-7ea87e60b1f7,Craterhoof Behemoth,-0.7347313532342399,0.1002736059762921,0.47963429387037615,68,1676,0.5294117647058824,0.4987562189054726,7,0.6842198996029344,False
70496f16-c4c0-4c03-beef-454eb4824cd1,Deathrite Shaman,-0.7426080812523346,0.02268449346590905,0.4758711849383334,48,1676,0.4166666666666667,0.5024570024570024,5,0.6068688190831807,False
18adbda4-8d36-47cd-afbc-c785aaa8ed80,Blightsteel Colossus,-0.746306624631165,0.00713760984615366,0.47411440548322875,72,1676,0.3472222222222222,0.506857855361596,8,0.4463636109969586,False
69c1b656-1d67-499c-bf0f-417682a86c7d,Shadowy Backstreet,-0.7662389277926935,0.03396291016658056,0.46475777281722036,43,1676,0.3488372093023256,0.5039804041641152,5,0.6103356083054938,False
1fdcc0c3-4029-4fc3-a486-5d7f45c910bd,Everflowing Chalice,-0.7775696201971423,0.002602984788033402,0.4595214669579937,82,1676,0.3048780487804878,0.5100376411543287,9,0.30194623541187465,False
29148d7e-b398-4e19-a29e-d9a660ad5016,Mirage Mirror,-0.7865916446568529,0.012012010962621254,0.4553942987444846,55,1676,0.36363636363636365,0.5046267735965454,6,0.4463636109969586,False
c4fffacd-81c7-44b8-9b59-2c7210022c14,Augur of Autumn,-0.7943387640208277,0.004492853895061171,0.4518799354275191,78,1676,0.3076923076923077,0.509386733416771,8,0.41693684146167664,False
bf4b9a8a-b42a-46fb-b0d0-9cf800f63c8a,"Emry, Lurker of the Loch",-0.8203067330555464,0.0025439079782215474,0.440296580275778,77,1676,0.2987012987012987,0.5096935584740463,9,0.30194623541187465,False
