card_id,card_name
23b95b26-0bbf-4fa1-80c1-f621f1a1b947,Damn
a7a8b6b8-b95f-4014-b17a-a6d44d965995,City of Traitors
fa7b7897-36e0-415a-8bb7-602886164852,Show and Tell
5ab21006-7f61-49e0-8b6a-0397c5d4c3bd,Imperial Seal
71384418-173a-4f77-adab-56e52fa23692,Delighted Halfling
90107d10-e2aa-4cb7-a000-039f0c581b47,Simic Signet
62b3f560-262b-4bc3-9aef-535fd7082c28,Vaultborn Tyrant
310a1c46-8331-4a09-9fcb-d942f8102364,Thoughtseize
564caf57-4ba5-4993-a35e-945699c94eb7,Toxic Deluge
a2c56479-4bee-4edb-80d7-4af010b7c793,Raffine's Tower
2b74bb81-fb9a-40e5-a941-e517430b52f5,Indatha Triome
229a0d4a-3777-451d-a2fb-f1a2fdf8019f,Spara's Headquarters
1be9d9a4-d7ee-4854-abc2-85cabf993ec9,Archon of Cruelty
b50e1800-a45c-43bd-8886-8a06145d9346,Recurring Nightmare
43aa7e35-55ee-4e02-a8aa-ea2b267055d1,Woodfall Primus
064dfdeb-485f-473e-9fa0-8fdb7638cdc6,Dismember
cea3b218-0e6e-443a-84f7-380f1021e8e1,Barrowgoyf
1ee98955-4c47-4d45-9377-608dfa755337,Bone Shards
5427d8a6-ac9e-4e50-bd39-81713b2ade25,Fatal Push
2424f2c4-366b-42cf-bf4b-a8a5bfdd2c4b,Life // Death
4a1f905f-1d55-4d02-9d24-e58070793d3f,"Atraxa, Grand Unifier"
75fdce80-e338-4a50-bdc6-786511feaeef,Ziatora's Proving Ground
87d5e94b-0b35-4efd-9158-1767dcaea38c,Witherbloom Command
76ae81ea-13e3-4ab8-b956-4c7b139a5e9c,Corpse Dance
175b3d28-5c74-4972-9b5c-5e39762c78f4,Relic of Sauron
4720b4f2-e6af-4223-9250-a0ed21ed5693,Pest Infestation
4216656e-90e8-45fc-a0f6-0d0d79d0a021,Shelldock Isle
d5c782cc-c951-4c6f-a93f-774ae6c1c214,Shallow Grave
e5145f31-a4ac-44ef-8f85-e4d95f2c9ff5,Library of Alexandria
2398892d-28e9-4009-81ec-0d544af79d2b,Ancestral Recall
a3012af9-621d-4fae-b00d-079a89ae35fe,Harvester of Misery
5f1cdcba-a04a-4a2f-8bc1-0dd7fa03754d,Exhume
3faa8c5e-9e1b-4cee-b322-a033bf33dcbc,Hymn to Tourach
2b5315a4-6a78-456f-8d5a-fea9d62f3f0e,Strip Mine
a6539e26-b63b-4725-9407-caaf451de084,Troll of Khazad-dûm
311a6257-dd77-4bb6-81cb-c8e7862350f3,Necromancy
54f449ff-4025-465e-9ec5-a5cf42c4c9d3,Xander's Lounge
3c02b8ee-84cb-44cb-ba14-9e725a9d03ee,Ponder
5c70da33-ce5d-4b8b-9c1d-9a356a7e196f,Grave Titan
18a3cca1-e50e-49b6-9e1a-f86640e3b177,Snuff Out
073bfdca-d7b8-4f4b-93f3-6e7c44bc0b0a,Sol Ring
02d6d693-f1f3-4317-bcc0-c21fa8490d38,"Jace, Vryn's Prodigy // Jace, Telepath Unbound"
62d37423-3445-412a-9abd-0480da404637,Phyrexian Fleshgorger
247939d9-87e9-4f01-b223-fb4cfa7dbbe1,Mana Leak
56995b84-2307-4955-9c7c-dc4f04acdc07,Inquisition of Kozilek
95c14c4d-6c16-4826-8d93-d89ad04aee09,"Etali, Primal Conqueror // Etali, Primal Sickness"
05bdd22c-3e11-4c29-bdfa-d3dfc0e90a9f,Bitter Triumph
493a5ca7-5f90-4af4-b6db-43ae09a2f2c9,Dark Ritual
4c732dc7-dd6b-4cc1-bbe0-ff3b1d2c7419,Animate Dead
e6befbc4-1320-4f26-bd9f-b1814fedda10,Grief
04fc99dc-bfbe-4567-b791-6b1db96471ec,Reanimate
fa6ac7d2-0127-49a8-b7d2-a38308d3c27b,"Liliana, the Last Hope"
492b368b-de32-45c1-8459-238aae54f9fc,Unmarked Grave
1785cb18-c291-4fd5-b8c7-ace893c32e49,Mesmeric Fiend
5ad36fb2-c44e-4085-ba0d-54277841ad3a,Lurrus of the Dream-Den
551c0a45-9515-4e51-84e5-79703832a661,Expedition Map
045ce37b-86d2-4e56-84af-b6625b53d13c,Path to Exile
70e33f45-7d47-423b-a123-8541f1d1afb4,Lingering Souls
612b2e6e-fe8d-49ad-b845-6fa7fa59ffd1,Concealing Curtains // Revealing Eye
eca8d6f8-c6f1-437c-99e2-4281eae14a6f,Fateful Absence
d6ec3293-b09e-4931-ac4e-dc5eac0ca004,Mana Vault
dcb94950-3f3e-4876-84f8-d5e4d9cfecee,Charming Prince
47c8e6c4-450b-4f8b-b897-5808fe935a90,Vampire Hexmage
3d3025a2-4a17-4137-ba0b-bd676c6f5f88,"Tinybones, the Pickpocket"
522aa72b-2b8c-484c-872b-f082101cee35,Get Lost
cb94a02f-4660-45b6-8a39-941b710cf8f3,Collective Brutality
a8069994-b103-40dc-9e14-062004914ec8,Cathar Commando
107492bd-b32f-4692-917c-7771986b5bf7,Thespian's Stage
2be39749-ad6f-4160-99eb-c677eee7f1b2,Thraben Inspector
b6cb2549-e485-44d6-9d65-7605c568909e,Unearth
00cb17a0-5a13-4d02-b7fb-f99531bc8ca5,Dark Depths
9a9a1df5-a4e8-49a4-aebe-ca93894ccfcf,Dimir Signet
df9d9075-2d1e-4848-b661-816d539e05eb,Emperor of Bones
05cf51d8-9f91-42ff-99e9-4397f2251c20,Dark Confidant
69c68c95-b788-43b1-9f22-1b22c5a00b25,Deep-Cavern Bat
06c0c35d-a26e-473a-9206-8fbda7191700,Entomb
f44e5128-e146-4e46-b313-a40d82719d1d,Spirit of the Labyrinth
09521f23-52d6-482d-9f3b-c4d12fcc08cc,Tidehollow Sculler
17f28b16-da65-41a8-ba4f-f1c5e104aad6,Council's Judgment
345a4aee-5846-4ae9-9af1-4c8fe8d692ec,Winds of Abandon
b045c28a-39f9-4cd9-8f3a-a626b697f409,Cathartic Pyre
9d3a7998-ccac-45ad-a4e9-3a2cb057f63b,Elite Spellbinder
55707746-da6e-46e5-a5ca-7ac843fdc38e,"Phelia, Exuberant Shepherd"
f231caf8-56c0-4719-a90d-5e5efbee3148,Den of the Bugbear
24e58478-c6a8-4f86-854a-a489c99bd777,Usher of the Fallen
18092f68-b96e-4084-9eba-b240d2195d81,"Adeline, Resplendent Cathar"
80c72839-0fa6-4b5f-83b7-6553ebf09bef,"Otharri, Suns' Glory"
1066a94a-8e4f-4d77-820b-7a77a18116f0,Wooded Foothills
fe964e7e-e2c5-4263-889d-0a531eb51442,Luminarch Aspirant
8e42df9e-95f2-4c79-9274-2d16e3cd91f1,"Thalia, Guardian of Thraben"
0cb33b46-4d1b-4f97-bfdc-d815aee111da,Mana Crypt
b83cfbaa-7890-4f6f-878b-4edb45677371,Skyclave Apparition
1bd3fa8a-6c50-4f7f-9ae3-0810eec5e3db,Reprieve
df3784d4-80cd-4f78-afb3-d61f3bab5b2c,Zealous Conscripts
0d16e8e0-31b2-4389-afd6-783c501f6fa0,"Ajani, Nacatl Pariah // Ajani, Nacatl Avenger"
0a26d900-c652-4f9c-8681-a35c5f8b1937,Sacred Foundry
a3bb2881-e8fb-4fba-a9f9-d93e6ca24378,"Laelia, the Blade Reforged"
0ad38866-fc5f-4f62-89c1-afc0f50765aa,Novice Inspector
fa7a55aa-ae61-4933-b7a4-dcc55dac6fcd,"Inti, Seneschal of the Sun"
78cef262-c753-4658-b3ec-fec8db47f944,Palace Jailer
005dae9a-dddc-4a11-95bb-cce319edcce4,Skullclamp
3d8ca18d-9099-4f1e-95c1-f04da58a26bd,"Gut, True Soul Zealot"
96b6b2e1-c3e6-464c-8a13-b15deb34e862,Aetherflux Reservoir
641b21e1-9188-4bc3-96e8-cda2acbc5ed5,Time Spiral
c8090bcf-e17a-4110-a518-77ccd045b18f,Charming Scoundrel
0e51d796-7279-4c06-87f0-37adbdaa41df,Underworld Breach
a1febcf1-afa4-4406-9ac1-5bf98b2765d2,Time Walk
94c6fdd8-21e7-48ae-aa05-a3666b928c1a,Timetwister
187b6719-e5ed-4615-a00b-3313ceca055b,Currency Converter
758f95f8-bcb0-43ae-b474-56ebd855951e,Lion's Eye Diamond
18f23daa-bc59-456a-8a28-3823e51bc74b,Night's Whisper
1716b4dd-9045-462b-b053-72de450a8cde,Blood Crypt
1571b584-9007-45ee-a3c3-6c72f227fee2,Mystical Tutor
0359f212-9564-41a9-870b-d2c57455a695,Brainstorm
6a058e68-70af-4a64-859c-c881e5578368,Chrome Mox
fadb218d-29e2-42d1-a7a1-1066741d63ad,Mox Diamond
37dbe1a3-3c44-452b-9fb9-37f5d793d0b5,Memory Jar
33ca68a6-474e-4d86-bffa-ee4bddb4a3cf,Fellwar Stone
5a10b543-d5d4-42a8-9ee8-dada59a2ad7e,"Saheeli, Sublime Artificer"
68841ca8-a043-4f30-9a17-e983ed960bc2,Demonic Tutor
1453f92e-df2d-4789-aa1b-a5b5c51567d4,Preordain
068bb15a-fc2d-42a2-859b-837b946d23c0,Underground Sea
ed0216a0-c5c9-4a99-b869-53e4d0256326,Mox Pearl
3a2d7cf9-dddb-4de3-b4f2-c52e3ec8fb4b,Brain Freeze
f823be95-bef4-4e86-a924-239be62394bf,Izzet Signet
671c008a-8ff8-42d7-9e03-6d8a9ddace67,Faithless Looting
995486ce-58bb-4753-a812-0ca73ef1a235,Gitaxian Probe
4a08ca06-58db-4ce6-b490-be4bea8956a1,Sensei's Divining Top
504a69eb-3c2d-4bb1-b117-252b15acf0c2,Mana Confluence
ea7e7daf-7c06-4c74-8bcf-e42c1f611861,Virtue of Loyalty // Ardenvale Fealty
b34bf7fd-9fe3-43e2-8cfe-7ce7cff08afe,Stonecoil Serpent
0055ea30-20fb-4324-a632-8fed87628f05,"Boseiju, Who Endures"
52eef0d6-24b7-40b7-8403-e8e863d0cd55,"Bristly Bill, Spine Sower"
e58e681e-a069-4414-aafe-634c7987fd0d,Swords to Plowshares
f3537373-ef54-4578-9d05-6216420ee349,Esper Sentinel
0aa3a844-97e6-4f5d-a36f-56fea4e06932,Manglehorn
15c34f32-49d9-4a0d-83b2-28172f54fdd1,Crop Rotation
00f9955f-a522-47bf-b064-92dd21a76b18,Solemn Simulacrum
93f99e67-901f-4c8d-8a09-e443b7eb928f,Archangel Elspeth
1163fe84-c5d5-42c8-b7cd-d206a9b0bd3f,Tireless Provisioner
205df311-a72d-40f1-b2ea-9b30274bc9bd,Knight of the Reliquary
7aa37f85-5336-4372-97a2-9c8b00798c7a,Tough Cookie
d7a8cc1d-aabb-4eb6-b0f1-6c93ec246f61,Court of Garenbrig
2b9b0195-beda-403e-bc27-7ae3be9f318c,Temple Garden
45026d57-0324-4312-8b86-2e7d4f581ee9,Marsh Flats
3462a3d0-5552-49fa-9eb7-100960c55891,"Oko, Thief of Crowns"
b689a206-aec3-4a31-95cf-3d4b840db04c,Securitron Squadron
54a3ea87-005e-4985-b2a5-21711d0b71c0,Springheart Nantuko
41e108a5-4e2f-42cf-9ea1-87bf3c0a2b7f,"Nissa, Who Shakes the World"
29148d7e-b398-4e19-a29e-d9a660ad5016,Mirage Mirror
cc520518-2063-4b57-a0d4-10cf62a7175e,Zagoth Triome
74d29b3d-f588-431d-bf4e-f7215683ab39,Tangle Wire
01e7b0bc-1c6c-48f4-8b72-1a809f536c6c,Birds of Paradise
207d5f12-fbc6-4c75-9d84-fd2f0023fbd0,Sneak Attack
b7f16fdf-a3f5-462d-a64a-789d893b6ef5,Batterskull
97b9bab9-12ee-4da5-9d53-d0b82d9279cd,Pyrite Spellbomb
162018eb-5483-4fa2-9c5a-abb639eecf91,"Kiki-Jiki, Mirror Breaker"
24c0d87b-0049-4beb-b9cb-6f813b7aa7dc,Fable of the Mirror-Breaker // Reflection of Kiki-Jiki
2ef878cb-27b6-47d8-ad11-bd20529b0e7e,Cast into the Fire
568dd5a6-86f4-4039-87d7-812120c8ab94,Triplicate Titan
bce84a87-093a-42de-9696-8c3250e0f33b,Goblin Rabblemaster
fa87bf1e-2062-4983-b1c4-98bffea69a4c,Pyrogoyf
4c6cf93a-d073-48ac-88db-c46bf3e10beb,Generous Plunderer
0d60eabe-b281-4eba-9c26-287364ed2067,Earthshaker Khenra
0ecbe097-ba51-42e5-957c-382eb66c08f0,Robber of the Rich
5a077de0-1893-40d0-a499-ee2e6e2258f1,Legion Extruder
2f8f22fb-7291-4517-9b15-e98501f2856b,Splinter Twin
86ecaedc-08f1-4de7-aae8-056df57940e0,Goblin Cratermaker
aaae15dd-11b6-4421-99e9-365c7fe4a5d6,Embercleave
cda40e31-ba99-4565-ad92-7c687ff44bd9,"Daretti, Scrap Savant"
24da9431-7e52-44f5-bc18-2f2d8a4ca81e,Abrade
9721f8da-39ed-4ada-a571-61e08a86032b,Broadside Bombardiers
7054012b-4f9d-44a0-aaf9-7fd3bddc7b2d,Slickshot Show-Off
68c72226-6f52-4322-8b14-18737293dfa0,Bloodstained Mire
09fd2d9c-1793-4beb-a3fb-7a869f660cd4,Bonecrusher Giant // Stomp
87cc2855-6b14-44dd-a398-7dc2bbae081f,Kaldra Compleat
80fca8c0-ae3e-439e-b202-228b9f360e9a,Portable Hole
729daf0e-b822-41bd-a908-ca8ec34032f0,Tropical Island
19477aca-b8db-4061-9a78-ebb189a9df22,Breeding Pool
5cb76266-ae50-4bbc-8f96-d98f309b02d3,"Teferi, Time Raveler"
7d48d622-f397-4f31-b1a5-0c23f60aa71c,Mana Tithe
866b7fd4-86e3-4b42-b1ea-33bad0db1f9f,Prismari Command
0c0e7131-db26-448d-afda-f48337a026f0,Pyroclasm
26d40e03-6de4-4373-9fbf-04c1dd79e995,Jetmir's Garden
fe30c0ff-f74b-456a-a61e-3720d84d713f,Parallax Wave
0e9aeaa8-9a75-4719-992f-cbb316f72175,Savannah
24a5cc2c-0fbf-4a5f-b175-6e0ffd0d0787,Misty Rainforest
7eb39e97-53c2-4df0-9fb3-a3d6a24ec41f,Avacyn's Pilgrim
b256ddc8-8b12-434c-a610-1a872e948f2f,White Plume Adventurer
006d2bf1-20f7-4b09-8d98-8233d91682bd,Flame Slash
7c024bae-5631-4e20-ac69-df392ac9e109,Orcish Bowmasters
5b8ba842-c662-4686-bca3-93ddb7fa11a6,Mother of Runes
60d0e6a6-629a-45a7-bfcb-25ba7156788b,Elvish Mystic
825969b9-3c70-4fca-8cab-696e9ca7cdb2,Prismatic Ending
59faa45d-868b-4bc7-934c-0e077642e129,Loran of the Third Path
079e6263-e54c-4899-a336-5315909b9322,"Magda, Brazen Outlaw"
af7091c9-5f98-4078-a42b-c9e057346d9b,Hallowed Fountain
672b9b16-daef-44e6-9a3a-cfd9f3c78bc7,Pentad Prism
928036c9-11b8-493e-b9f2-8fbd3487cd19,"Minsc & Boo, Timeless Heroes"
01006833-6007-4c16-9ebb-20d31c60a57a,Taiga
bbec97ff-bb84-4496-9e09-d4fc1570c516,Mawloc
6989018c-37b1-4282-a4af-9cc97f160b4d,Oliphaunt
1e3e8085-cfcd-4e88-b441-4d1f8ac63904,Forth Eorlingas!
49bb0ad3-1082-41f1-82a4-52a4006cc9b6,"Leovold, Emissary of Trest"
17db2b6a-eaa8-4a08-9e86-370bbd058574,Bayou
5eccf31d-869d-4003-a92b-71b4f4b479ee,Strix Serenade
4acf970d-d2d7-413d-aba7-587ee53d8d5c,Stomping Ground
6171e136-1167-4329-acb2-6853d3a814e5,Goblin Welder
bf4b9a8a-b42a-46fb-b0d0-9cf800f63c8a,"Emry, Lurker of the Loch"
d2e27911-87cb-49a0-a34f-6afe4bddd592,Phyrexian Metamorph
9e7fb3c0-5159-4d1f-8490-ce4c9a60f567,"Urza, Lord High Artificer"
5da578b8-19e6-4068-9336-e7cd33c585f1,Retrofitter Foundry
3b214b6f-4734-4200-8467-92d7e3469b5d,Tezzeret the Seeker
a55c4d47-5252-40af-961d-c08bc688028a,Goblin Engineer
fd99bce1-ce39-464b-8e61-2631eb3ed6f6,Tolarian Academy
ab9f6a1b-8467-4584-affd-8c71d3e34d2f,"Akal Pakal, First Among Equals"
4a0bb5dc-75a6-4bd6-81f8-611197fb0fba,Nettlecyst
0c3bc412-689f-4385-807b-ed60d6276d76,Grim Monolith
054f2276-2dd5-43da-bb26-c57c560861fe,Steam Vents
85a89077-b384-4fca-9d26-7297962c1541,Kappa Cannoneer
6be9b1d5-9ab8-4adb-ba54-2c0117e842fa,Mox Opal
7832abb5-5107-4603-904e-491b221bd3e3,Smuggler's Copter
31b770cc-09e7-4c0b-b2a4-462ab4f7200d,Expressive Iteration
1e2fee55-227b-4373-a3f7-b463f220033f,Tinker
32a180dd-9641-4546-8940-9b21084f0c71,Lightning Bolt
bb142d99-b210-47c8-897c-be62f90d2192,Mishra's Research Desk
329a8738-3e17-403a-857a-0ba529ce8cd1,Walking Ballista
ec59ed99-ce40-489a-b776-8874bec60393,Trash for Treasure
aced2c55-7543-4076-bcdd-36c4d649b8ae,Mox Emerald
5f608efc-0dbc-4cc3-aadd-ed473bfc29ab,Portal to Phyrexia
9a71531f-d4b6-4cc7-8193-b2f5bce33b21,Night Scythe
586a4c31-65c7-4c7f-b5f6-74b105b2a629,Trinket Mage
0324641d-af55-4c53-b4dc-c8262e967da5,Volcanic Island
e7b3ddca-69ef-4743-897b-57c58077db24,Time Warp
63c59228-c742-4abd-b4d7-9f7880190e95,Windswept Heath
58c1e824-c8a9-4312-8e4c-a29a26d189a4,"Ugin, the Spirit Dragon"
c86b8a75-9e31-4a44-95b8-c83b9a49646f,Ocelot Pride
6920c895-bc98-4871-a53f-219fa27a74e5,Occult Epiphany
45fd6e91-df76-497f-b642-33dc3d5f6a5a,Mox Ruby
16c8d2fa-54a7-46e8-980c-905258497c90,Arid Mesa
07a3d9e8-8597-498b-869c-cff79e0df516,"Karn, Scion of Urza"
19adde22-e5eb-4815-beb6-c520b3274cc9,Lotus Cobra
9417f14c-a853-42c6-a992-29139484260a,Ignoble Hierarch
8870ef0b-cb1f-463b-8509-fece4743d3d4,Ramunap Excavator
5d10b752-d9cb-419d-a5c4-d4ee1acb655e,"Teferi, Hero of Dominaria"
4e4fb50c-a81f-44d3-93c5-fa9a0b37f617,"Omnath, Locus of Creation"
b5aaaee0-9a61-45df-821e-cce516f8de6a,Old One Eye
441f8b2f-c8cb-4340-a92f-116c2276e906,Frantic Search
3e7da55c-7f05-46b2-aa3c-17f8d5df46bb,Scion of Draco
224d904a-5972-4152-878a-9a922e7a55b6,"Titania, Protector of Argoth"
4f84b838-b8f1-4b9a-a19f-479594f9d427,Qasali Pridemage
605c2218-9d12-4ac3-a721-fca590b89847,Karakas
1ac01fff-4de6-4783-9489-4127e25bc641,Prismatic Vista
716a44b4-f6b0-4f14-a270-6442aed3251f,"Raffine, Scheming Seer"
15faa763-b897-4e86-b094-73f3236291a9,Verdant Catacombs
4a706ecf-3277-40e3-871c-4ba4ead16e20,Wrenn and Six
99ff731b-8399-40c8-b539-ba6ba5783771,Wasteland
f83ed433-fae3-4fa5-acad-bb8a5b535ce3,Coveted Jewel
6151b583-3aa7-4be8-9d05-d5e53f19c6c9,Fastbond
89f5cc05-5d9d-4709-b3c5-a6249c294acc,Hexdrinker
ab1d1461-1625-4163-aacd-a939f4871fad,Staff of the Storyteller
3003d481-1b52-4aa9-bbdc-e948fbc8d49d,Sylvan Library
a3b1b58d-b7f1-404f-aec6-b19cef4bebbd,Unruly Krasis
0ce44270-a684-4489-9077-521456e6dfaa,Lórien Revealed
1a55c370-d396-4c73-8ee2-83dc4c124005,The Goose Mother
2a717b98-cdac-416d-bf6c-f6b6638e65d1,"Tamiyo, Inquisitive Student // Tamiyo, Seasoned Scholar"
0e606072-a3aa-4300-ba90-ec92a721fa76,"Jace, the Mind Sculptor"
1132218d-56cd-441e-9006-df3c50344491,Joraga Treespeaker
69af2825-18c2-4463-b6ba-42eaa070ccc1,"Grist, the Hunger Tide"
d40b65c1-b24d-492d-81b9-d8474ebdc08c,Sylvan Caryatid
94b67489-5eb0-4406-9bf3-27e50dc632eb,"Nadu, Winged Wisdom"
68924203-c3d9-41ce-8ca8-c6dd491eb3ca,Psychic Frog
4df8aabc-7fcb-4b7b-980b-18f499e6c170,Hullbreacher
139b90cd-8272-457a-be32-1298145345be,Watery Grave
327cf118-cc92-4073-85d0-94d2a0a6989a,Scalding Tarn
5f6927e1-c580-483a-8e2a-6e2deb74800e,Mox Jet
30377bf0-d9b1-4c14-8dde-f74b1e02d604,Gilded Goose
345fd005-5052-4500-a260-3649500e21f4,Mulldrifter
52d3005f-a1c7-4ef5-911f-ccc0752f4181,Faerie Mastermind
8c2996d9-3287-4480-8c04-7a378e37e3cf,Flooded Strand
ee8e9928-d9b2-4570-adb8-44b34115decd,Tireless Tracker
eeeffc0b-dc92-458e-ad58-86ff6077a508,Sentinel of the Nameless City
400382a4-aea2-4827-b06a-1b0b3745908b,Noble Hierarch
c2089ec9-0665-448f-bfe9-d181de127814,Brazen Borrower // Petty Theft
1ea179e9-9c0d-46c1-9ee8-60be68e1f79c,Thirst for Discovery
ff84ea71-e477-44f7-a3f8-77fef708efeb,Thieving Skydiver
985453e7-997e-4d77-a338-cc0290791ebe,Finale of Devastation
e41cf82d-3213-47ce-a015-6e51a8b07e4f,Questing Beast
a9225cc3-90f0-448f-a8d9-7c6c2796d077,Sheoldred's Edict
18bd50f2-c3ba-4217-a2d5-bb771e199706,Vampiric Tutor
c3896705-bbd2-4ffb-a590-ee78e0eabdc5,Long Goodbye
f9287151-95df-4f5a-b32a-4b0aea825452,Karn Liberated
ea1feac0-d3a7-45eb-9719-1cdaf51ea0b6,Mox Sapphire
6bbf7394-9b17-45f8-a25b-d865e8452b2c,Steamcore Scholar
e4e6794a-feeb-4fc8-a2ee-38c75c18aaae,Heartless Act
985bdb0c-ce6c-4506-8163-76f3b2fdf5fb,Lose Focus
4b4956a2-9a39-4152-9c98-70e4b2acfa26,Miscalculation
f1a21287-e244-4960-84fb-c4f6e5c346d9,Third Path Iconoclast
bd8fa327-dd41-4737-8f19-2cf5eb1f7cdd,Black Lotus
35f1a6ba-e46f-44fb-93f4-fb883d677b36,Baleful Mastery
29632951-3c3d-478c-8c5a-9a34f30a5c28,Dauthi Voidwalker
f05e9a3e-8a35-4687-85cb-e31b3927a5e2,Daze
33672990-4860-4aa6-ac1b-f9da66f5da59,Wurmcoil Engine
e9be371c-c688-44ad-ab71-bd4c9f242d58,Force of Negation
0c9a7cb0-5bff-48ff-b620-2838816ac9b5,Counterspell
98fb1eaa-2871-491a-a4f5-3e358778ba40,Mindslaver
5ad67b3c-cd5a-497b-8639-9b844e8d517a,Mind Twist
febaaeae-5c0d-45fa-8169-b27b4996f18e,Chrome Host Seedshark
7c884e1e-fecb-4330-b3de-5fc2a60f7173,Kolaghan's Command
162e81d3-6cd4-4cb8-8ed8-cfbd8d34ca71,Mind Stone
4cbdacc1-7a1b-4633-85f5-eb50c2bf406d,Snapcaster Mage
6efb6a69-562c-4d95-858d-b067444cfd7e,Palantír of Orthanc
a249b1f4-2b22-4b67-a207-e0c4ae95d2e1,Ketria Triome
3f3c77ad-fce8-4506-90e1-7ef71552a71c,Wheel of Fortune
416d2d51-8f29-4e95-b037-e8c32b081e6c,Mana Drain
8c39f9b4-02b9-4d44-b8d6-4fd02ebbb0c5,"Narset, Parter of Veils"
d67be074-cdd4-41d9-ac89-0a0456c4e4b2,"Sheoldred, the Apocalypse"
748e6a61-9c1f-4225-9f04-e54002f63ac3,Savai Triome
1af92296-455a-425e-9397-a96d09937767,Incinerate
3a9d1082-a862-45d4-9e5e-392e879fead6,Zuran Orb
a9738cda-adb1-47fb-9f4c-ecd930228c4d,"Ragavan, Nimble Pilferer"
5de097e5-e960-4404-a370-defe93ce892f,Oracle of Mul Daya
2bf2da97-3331-4614-b4ff-f03d061500a7,Fire Covenant
2605df98-0b02-4aab-bc36-01e93c693743,Territorial Kavu
39c431d7-d94b-46c4-bb89-f3db56214ab4,Elvish Reclaimer
819a513c-3be6-4bdc-8ba6-1f7326a8f3ea,Fiery Confluence
32e29c7d-ed4b-4eff-b3c2-d99e5b63ef8d,Sunfall
e16ab44e-4257-4c0c-b705-8ac1e9c1d835,Touch the Spirit Realm
3b6e5956-f795-451b-bb24-56462d1ced27,Umezawa's Jitte
3b5233ff-03bc-4053-9b49-c4185c2de38d,Restoration Angel
70719e7b-6f02-4c1a-9f11-79b2b0d9846a,Dust Animus
ebc01ab4-d89a-4d25-bf54-6aed33772f4b,Force of Will
1b6ef5f5-4058-4f89-a573-9e2da87a9f2e,Steel Seraph
bb9ad57f-cca2-4717-a951-cbe3c7782efe,Recruiter of the Guard
0596155d-8f83-40ca-be31-9a0df1ced65e,Wall of Omens
1daf4348-05c5-4c55-bcf2-c7bec7988bfc,Plateau
1a6f256b-943e-4cfb-9fc9-d1ded68b5f97,Chart a Course
05bd329b-5707-42fc-af1c-084cc604e805,Imperial Recruiter
50bc0f5b-7421-45b9-af85-86dd9821b7d8,Soulherder
02138fbb-3962-4348-8d31-faaefba0b8b2,Raugrin Triome
8db735ea-f9cf-4e3c-9200-4f180df55baa,Fractured Identity
5bb3cb5c-8d66-4f5e-a9a9-917e6045f024,Flickerwisp
cf3eb762-6c3f-4b11-a4f9-968f79370217,Mystic Confluence
0f7585c8-9e21-4eef-afc1-2852de23db2f,Polluted Delta
6da09e6a-2965-4855-bd41-41b41ba188fb,Through the Breach
bb41ff5c-9617-4033-a4fa-99323640b9c3,Duress
1c0f2873-5849-4cab-855a-2fbbc41dbb6c,Chaos Defiler
63af3c26-5b1f-46f6-9aa2-036c615bf5ea,Flash
10158a5e-5a03-41ab-85d2-0907ccf32c9b,Dack Fayden
98e7bf8f-dba7-4005-8cee-634c9153931d,Phantasmal Image
07c17b01-ee5d-491a-8403-b3f819b778c4,Wishclaw Talisman
0645f487-efe5-4764-b361-85e07bb5ccca,"Ulamog, the Infinite Gyre"
0027e5ca-8046-40a0-bd73-79be55f28bff,Remand
0e0d989d-7186-40dc-bdfe-cfbb77656bc8,"Emrakul, the Aeons Torn"
4ced112a-e775-4f97-97b3-74877e9dce12,Dragon's Rage Channeler
53d4fd57-74b6-42c7-88b1-110e5a8dfc3c,Spell Pierce
0f3c8470-1cc8-4383-8782-c022867d46e8,"Tezzeret, Agent of Bolas"
aac0c8df-f01d-4178-8d66-ee603f814d24,Mishra's Workshop
05e8a4ea-8c0d-4284-ac23-80e19fdde11d,Myr Battlesphere
18adbda4-8d36-47cd-afbc-c785aaa8ed80,Blightsteel Colossus
377cee38-e769-47b0-abd5-0f528600f36a,Badlands
9814d8e8-c462-41ca-9909-1c659f488543,Lotus Petal
d5806e68-1054-458e-866d-1f2470f682b2,The One Ring
06cb1bd6-73e0-4104-b344-4bc52d7dcedf,Baleful Strix
c4fffacd-81c7-44b8-9b59-2c7210022c14,Augur of Autumn
d91a527d-51f1-4fb1-9016-fc923fd43a6a,Azorius Signet
07246783-d475-4f61-99ac-e2b574072349,Voice of Resurgence
8683a978-1bef-4b01-9361-56b1fc157d26,Courser of Kruphix
6f11029a-b24d-4248-834f-b852b56857f6,Biogenic Ooze
44afd414-cc69-4888-ba12-7ea87e60b1f7,Craterhoof Behemoth
3028075c-5fc5-4942-a984-1ffcf7a8933d,Knight of Autumn
de0e01e4-e143-47fd-8565-7b48219bb546,Goldvein Hydra
4e117771-5a8b-4812-b487-32ba34b7f724,Giver of Runes
01794178-cf41-454c-ac37-1d8b18e42db2,Green Sun's Zenith
0845f0b0-9413-4ddd-861d-9607636bebc6,Natural Order
01c6f877-6b00-4d57-8a88-36cd3b16edbc,Llanowar Elves
487116ab-b885-406b-aa54-56cb67eb3ca5,Scavenging Ooze
d51269cf-a333-4a64-94cd-245798d840d2,Elder Gargaroth
f20015ad-8fda-498f-ac28-1ffb824ab480,Caldaia Guardian
47a6234f-309f-4e03-9263-66da48b57153,Solitude
071daca8-ccc6-4707-843e-adac40dd1588,Fury
bd3d4b4b-cf31-4f89-8140-9650edb03c7b,Ancient Tomb
21c950d7-b4f6-4902-8c9a-98f2933f9fa5,Adanto Vanguard
a24e8dba-5c86-4e32-8a52-61402f7fe9f0,Containment Priest
2b73d294-6ab1-4051-9b0f-d8e335d37674,Unholy Heat
25b0b816-0583-44aa-9dc5-f3ff48993a51,Gaea's Cradle
07313dd3-d0dc-40ca-98a3-fa4d39e5bcae,Oust
33ab05b5-d6f5-439c-9aed-1a58ceb282ad,Flametongue Yearling
773199f9-c83b-4a77-8342-9f1552ecf595,Intrepid Adversary
cbac1d27-15e2-4e2f-82ab-625a16e096cb,Enlightened Tutor
26c68473-70ca-40ba-b5c6-71ec30f88a2c,Damnation
8ca3c48b-f104-4292-9a4e-2ce87a65893c,Mutavault
553fb946-2706-475b-89f9-e4355ec9ea2b,March of Otherworldly Light
1658f12b-8ac5-4d29-86d5-f20c4d5f7e48,Vindicate
6fd672bb-18cf-44e3-8dda-5310b1e0fffe,Godless Shrine
ebeafbc2-0399-4335-8f63-76a3e085e8c6,Evolved Sleeper
0c3d7e2c-a104-4757-9984-fb31088f92c4,Cryptic Coat
7c353e83-4b63-4bc6-b029-273d2eca1f75,Upheaval
926916ed-2f22-4ba9-9427-194886ad6c1e,Urza's Cave
8a720448-017f-4f4a-9501-678245eaed17,Mishra's Bauble
7a4e1580-dd26-4f4b-ac98-3e6fa7b879d5,Patchwork Automaton
c1e0f201-42cb-46a1-901a-65bb4fc18f6c,Urza's Saga
1fdcc0c3-4029-4fc3-a486-5d7f45c910bd,Everflowing Chalice
1fc6d14a-1328-4032-ad9e-cd85cd365bd3,Endurance
bdb41396-5008-4a5f-92ca-54ecac42e926,Cave of the Frost Dragon
3ca1e1de-b916-445f-b3b2-0f4d0cc7ceeb,Stern Scolding
9503a1e6-f0bf-44d0-a28b-56fbfcff1ff2,Guardian of Ghirapur
187e887c-c39d-4d25-a506-cdc95fc70316,"Gideon, Ally of Zendikar"
4acaef84-55d1-43dc-b10a-696182e6709b,Repeal
2616aa0e-8413-4e63-877c-bffd5263f552,Porcelain Legionnaire
6f26faca-f338-4ce5-a218-6a61d40fc50a,Tendrils of Agony
74b4c336-5d4c-4bc5-b82a-35084a6ad808,Spellseeker
2b5801fb-2026-4f25-98bc-ebb2f99684b9,Undercity Sewers
efda91fa-03b2-4fb4-ae07-b45f6c6d3eab,Yawgmoth's Will
d2124603-d20e-40eb-97f0-a66323397ac2,Bolas's Citadel
0da69523-cece-425a-b08a-fb27fac29374,Figure of Destiny
89af0f45-c11c-4f13-9950-b1489440ee5b,Chain Lightning
e419cd0b-2449-4cc5-9ead-b9e45e271700,"Phlage, Titan of Fire's Fury"
2c695df6-6bf2-4e6b-8500-e3116137ca27,Jacked Rabbit
6cc73d16-5ed7-4104-91f6-0997a2080e2e,Embereth Shieldbreaker // Battle Display
17260fff-b239-4af4-9306-3236ae3fa5a5,Thundering Falls
14065271-d942-42a8-aa38-d8a622c0375d,Scrubland
fd6ddbca-b943-49d6-b341-509bb72dd5a6,Primeval Titan
0adcd4e5-d542-4293-8774-ace2305ef820,Walk-In Closet // Forgotten Cellar
6aa5cc65-f8f1-4f6f-8b4e-2fedccbda684,"Rofellos, Llanowar Emissary"
0d08f5e4-d2d3-4659-86d4-a983d80e3b2c,Tundra
3c3ac3dd-35db-447f-8674-37b4680a1ef7,Leyline Binding
bf220c06-3cce-4bdd-aa58-83940c223e9c,Commercial District
5260f8ae-805b-4eae-badf-62de0f768867,Hedge Maze
1f123ad6-fe84-4fed-9c0f-6b41921e9c26,Deceiver Exarch
02c532e8-21f1-4d6f-a931-1ea48a6aeea2,Coalition Relic
f5881bbc-8600-464d-9dcd-5a7780918d1d,Galvanic Blast
907b3d1d-8c85-4707-80b5-c4d832df9846,Tishana's Tidebinder
652236c2-84ef-45e4-b5fc-ed6170bc3d6c,Meticulous Archive
72c6d541-e2cb-4d6e-acac-90a8f53b7006,Elegant Parlor
6982a82c-dd32-40d2-8dd2-ec92d0fc6c2d,Phyrexian Revoker
3bd1ec98-8188-4649-899e-b0972509fc7e,Firebolt
2e139ad1-1079-49e9-babd-6399c44ad333,Seasoned Pyromancer
be77b98a-dd79-477c-8ab2-7ebf5637a89e,Headliner Scarlett
3277ad99-5682-4baa-b106-de15721876a6,Glorybringer
7c59e0cd-10a8-4a32-9c0a-a2c6ef1ed9a6,Unable to Scream
2dc16614-5cf8-444d-a5ae-cac25018af68,Burst Lightning
c78da035-6b5b-4136-9ab6-f622b64fdc54,Unstoppable Slasher
c7bbb911-9de2-455d-9677-e1004db65dbd,"Chandra, Torch of Defiance"
32aa6e33-221f-414c-9b51-850d97a7e051,Galvanic Discharge
0fb4c734-c698-46f2-bc78-5f036f472e5b,Unholy Annex // Ritual Chamber
02551196-ecea-472f-9547-3c9658d0489e,Ravenous Chupacabra
9d48aaff-46ab-411b-9456-171d4709f951,Fear of Missing Out
3ee3945e-5089-4751-b7b3-5961c39d2a33,Nethergoyf
216a8e4e-ea7b-41c7-a982-b5751025ff25,Scrapheap Scrounger
b598c93e-dae1-4d71-a9e4-917abf76d2d0,Raucous Theater
7740ff55-67bb-409e-90f7-2c2c8b8c770a,"Valgavoth, Terror Eater"
01978fe5-00a9-4add-ae2a-b4c2572ffb9a,Vendilion Clique
f33d3948-fe7b-4c3b-ab67-1022623fbb2b,"Toby, Beastie Befriender"
19557351-b65f-4b04-b971-66abdc07000a,Stoneforge Mystic
0020c31b-002a-4121-bc61-2c2c16e9afc8,Ornery Tumblewagg
1f9fb33a-3b39-4aff-93b8-aedafe0ea694,Fanatic of Rhonas
c17816e8-28b1-4295-a637-efb0e5c18873,Lush Portico
6bcafc2e-cef6-412d-8c5d-1658c3337292,Overlord of the Mistmoors
106f9629-b3aa-4703-82fb-c1e771bbce72,The Wandering Emperor
b841bfa8-7c17-4df2-8466-780ab9a4a53a,Fabled Passage
2da5f3f8-5eef-498f-ba2c-2f3fbc3745aa,Ephemerate
fc310a26-b6a0-4e42-98ab-bdfd7b06cb63,"Beza, the Bounding Spring"
7b54447f-1daf-4352-b5c3-3c0ec8b8f4d0,Unwanted Remake
1c7d50d6-b63a-4d8c-88fa-1d78ae693a45,Overgrown Tomb
924a24e7-91b8-4ceb-a136-7a765d98c994,Mystic Forge
61a28870-cf78-4323-9d82-cee764067764,Lightning Greaves
d58d3545-043a-457a-8324-facc3c2363ec,Overlord of the Boilerbilges
2d9b12cc-f616-4b52-91eb-a430e70f9251,Wrath of God
02902fcc-eefc-4e81-aafd-59fa203a71d7,Eternal Witness
ce648aa3-098b-4af0-a433-fd290bc85904,Balance
0eee981e-5d26-4810-90e1-432f3c3107f2,Reclamation Sage
d2507bc2-da17-4e46-b4c5-ba0080ce2c6f,Rishadan Port
f252ae53-443c-4a27-b8f0-639a9a2b8598,Pestermite
fd97b3cf-924e-4f77-bb82-0bf19592389f,Dreadhorde Arcanist
245cdc59-d560-4c10-b721-f51cc312e370,Mishra's Factory
af09af65-0a3b-42df-b0fd-372e2158beac,Academy Ruins
28667c8b-d02c-4e57-a050-1549207b65d1,Thragtusk
a50d79fe-6d37-42f3-b7b0-0c3018282fa2,End-Raze Forerunners
73cc6df4-3564-4ace-bf8a-eac3e62d725a,Ursine Monstrosity
658cfcb7-81b7-48c6-9dd2-1663d06108cf,Fountainport
261ac92e-c61a-4c11-aa6a-9ae1cb703e5c,Dreams of Steel and Oil
900c9dfd-ece1-4b09-a801-0fa05e1994b9,Fallen Shinobi
66d80dd1-b944-4cb2-8578-b4dbcabbbc1e,Ophiomancer
059164e1-894d-4586-9800-e60d6fbd6eb6,Shifting Woodland
2b20d3e1-62ef-44db-8109-a33d4fa3e7f1,Exploration
01d1e394-1b0c-4b40-ba85-f55973703d41,Smirking Spelljacker
b90331d4-74f0-43bf-8ed2-f8616d782859,Basalt Monolith
97d08a15-e61c-4421-a541-c68a4f87cb74,Forensic Gadgeteer
39b41cb3-ca3d-4389-8f66-e1f77f5fb683,Fact or Fiction
b768efa2-e56b-4a7e-ace8-d673f10e0714,Birthing Pod
1f2f7d4b-aa65-42ed-a441-8e35be96743c,Orcish Lumberjack
1fa48620-4c3d-4f75-be1f-c12c4aa59f51,"Golos, Tireless Pilgrim"
69c1b656-1d67-499c-bf0f-417682a86c7d,Shadowy Backstreet
55d35442-5ca0-4fd7-8ff1-b7347b3e6690,Piggy Bank
96c5607b-55fe-43c2-93fe-0084d84499d9,Deep Forest Hermit
ce54c7c1-3401-4414-8da0-5846cb0ae1b4,Channel
cd062615-648f-4cc7-9373-520f3f6a90e3,Spitting Dilophosaurus
ff590af2-2d6c-4f16-a9b8-1a6dab6e9ad5,Echo of Eons
4820d223-4ea1-4850-931c-3d2ab5eb003b,Birthing Ritual
a15570c0-4210-4959-8584-987ec85f8283,Wight of the Reliquary
15db4353-9c46-4fe4-b22e-0cf024aa9dfc,Grim Lavamancer
b0f61742-522c-4b36-97db-41d0c412a072,Nexus of Becoming
1dd64b1d-bcef-476c-bf0b-3ac7df7cbed3,"Nissa, Ascended Animist"
f6ca59cd-8779-4a84-a54b-e863b79c61f0,Underground Mortuary
113f48b9-a972-4e2c-af95-05ab078e01f2,Tranquil Landscape
4b0bd07e-cf80-4d64-af29-f4cec6632b3e,Perilous Landscape
661fc907-7003-45c6-820c-9616e9a71c30,Seething Landscape
486d7edc-d983-41f0-8b78-c99aecd72996,"Otawara, Soaring City"
f1e5cafb-b0e6-4ee5-8c58-6f8e5ef2b9da,Virtue of Persistence // Locthwain Scorn
ca4c8b04-66af-4cb3-8003-9088d8344b20,Alpha Deathclaw
0783b426-a527-42c1-9271-be28b229e1c6,"Torsten, Founder of Benalia"
4e4b6e22-93b2-4896-bba5-0ceaa5d8ea3c,"Yavimaya, Cradle of Growth"
2487d124-210b-4808-888c-cd0a78aebd90,Molten Collapse
b3dd3c7d-4685-4579-b483-14ddaaaddf5b,Scythecat Cub
70496f16-c4c0-4c03-beef-454eb4824cd1,Deathrite Shaman
f9246b68-580f-4f53-883d-7900880e4b0d,Six
e2312c49-1627-47ad-8113-78a999a97d8d,Contaminated Landscape
0fe070f4-8877-4280-b8fd-869f3ac34ab6,Sheltering Landscape
9b32531e-c759-4603-abd0-1724e8df70db,Tribal Flames
d0e3e7b3-7ba9-47a2-b46c-a40bffb445e2,Twisted Landscape
c3b92caa-3401-4b11-9515-152f3e057c05,"Koma, World-Eater"
1e0c695d-62f9-4805-9e2f-7032e8464136,No More Lies
2ae6828e-ff19-45db-8b59-61616353491f,Deceptive Landscape
57fb0fa7-0c5c-4a75-9461-c51403c30282,Foreboding Landscape
0463e989-ba32-4a46-a82f-e0d6daf3cd51,Sulfuric Vortex
7f7e780e-fbc5-4dc0-b5c7-efcb8645c7c6,Ertai Resurrected
3027e6c5-eed3-44e7-bb12-67569721af99,Goryo's Vengeance
b3da28c7-6e92-439d-a163-91682d4f11dc,Shattered Landscape
a93e3406-4e29-4bc0-ae52-cbd2ac1f99a4,"Alesha, Who Laughs at Fate"
76c3cad2-1e25-4abe-878d-9194de6fcc27,Guide of Souls
f46a9329-7b91-441d-8653-50c1152c9120,"Kellan, Planar Trailblazer"
b277752b-430a-4f09-8a98-b72f813dd52e,Bountiful Landscape
345a1c80-41d6-43b1-83ab-1aa56dd06b1b,Bitter Reunion
2c76f7e0-37e7-4e87-93a3-a25ba0674645,"Gix, Yawgmoth Praetor"
0a786855-6eb4-42c0-a528-4842db46809d,Stock Up
026e7167-d665-43d0-a51e-8df2d68cdb5e,"Cecil, Dark Knight // Cecil, Redeemed Paladin"
f62fd592-4910-417d-a500-e7029f3d119f,Kitesail Freebooter
16e040c3-bf42-4a5b-aeb3-5dc9921151e5,Death's Shadow
f88d81d9-8ded-4c20-8237-2218046595fb,"Shadow, Mysterious Assassin"
9cbb7b4e-bd32-44a0-9396-16738c5e4381,The Last Ride
19d6834d-afa3-4747-a62d-0654f4d9729f,"Malcolm, Alluring Scoundrel"
4dea7bcc-3ff8-40b0-8264-0cd678d6ff31,Scourge of the Skyclaves
2aef4608-5ba8-4636-b5e7-cac57c5c0608,Windfall
4d9dbadd-c1b6-44fe-92ac-6f69d7178342,Talisman of Creativity
64a5d494-efa1-446b-bebe-2ad36e154376,"Ugin, Eye of the Storms"
05812009-d1b8-4775-8188-f05cfdb4feed,Worn Powerstone
991037a2-fea2-49f5-8ace-ebbf9f678cff,Talisman of Dominance
7ea4b5bc-18a4-45db-a56a-ab3f8bd2fb0d,Ledger Shredder
c8f0b123-fdb0-4f3e-ba78-fa155c227e20,Greasewrench Goblin
d13a898e-6a97-4fd9-980e-3bfd8d755386,Tarfire
a76fa8d4-923d-4afc-ba47-ba10fc0fe46e,"Comet, Stellar Pup"
41ff849e-2439-4690-8aa4-769039b6da4c,Talisman of Progress
a211d505-4d40-4914-a9da-220770d6ddbc,Consider
54e0c2cd-fa5f-427d-8e15-6066f002a8e3,Chainsaw
20c4aae1-7665-4df7-bd51-a1d95bf8a17d,Murktide Regent
05690d52-06c4-40b1-8360-380418a83250,The Aetherspark
fd52688a-39fd-430f-b950-cb56e0004396,Talisman of Curiosity
7fbdba12-1369-41ae-b0e9-c405c0f0a2e5,"Syr Ginger, the Meal Ender"
fc7d1912-7e27-49ef-bd98-375d975a42b0,Starting Town
ce35e6fb-ff54-44c4-a216-7ddd37f46882,Screaming Nemesis
f61693a2-7042-44e0-85ba-9bf12ab94e7e,Suplex
1ac0e78b-0fdd-44f9-8b7b-c4f28a32782e,Amped Raptor
490eb213-9ae2-4b45-abec-6f1dfc83792a,Cori-Steel Cutter
b0c5728e-43e7-417a-ba18-5038345cec67,Arcane Denial
ec3de5f4-bb55-4ab9-995f-f3e0dc22c1bb,Voice of Victory
a1176dcf-40ee-4342-aa74-791b8352e99a,Scrawling Crawler
89175ce1-0746-4ba1-970e-617d134b0527,"Gau, Feral Youth"
31276460-fa9d-47da-85c5-c4baa8074d0d,Rot-Curse Rakshasa
1c603751-1e2b-4c8e-a8d2-5c0876e7254f,Darkstar Augur
e6d7fba8-a157-4d81-9d6b-bd210a96b248,Gleemox
a178cfe8-f9fa-4255-88d0-54a0bed079f5,Malevolent Rumble
1834ac92-8b4e-4442-a834-acd580e1ef99,Jack-in-the-Mox
b51666ae-2aef-4cb1-9cd4-44aec81530f8,Griselbrand
16448d95-ee21-4def-b880-26f6f159c213,Metamorphosis Fanatic
dd16222e-349c-4a2b-a7c8-8eb35a8ab332,Static Prison
e4775a26-0b66-40e9-8f64-41d9308ca032,"Surrak, Elusive Hunter"
f632be90-9e7f-41f8-a52e-a2952354d730,Descendant of Storms
22c26e44-e129-4c4d-b552-3cc8774ce1a4,Mox Poison
5d8690ec-fded-4801-8eaf-5e5fe3d444ec,"Cloud, Midgar Mercenary"
117bb5db-4a1c-4704-b0b5-c67b45ac2f52,"Yuffie, Materia Hunter"
19018f23-b63b-45af-8419-8959f41472d4,Pre-War Formalwear
69490262-afc2-4692-8fac-b771a972c8f8,Volcanic Spite
5ad86b17-3fed-418a-938c-c49adb409531,Abundant Harvest
b6876d9e-0908-43ac-8542-09c7aa02b5ba,Tarmogoyf
f0192cf7-3391-4720-b9c8-72dec5dde01e,Bloodtithe Harvester
2ba70366-b6ae-423a-a8d8-29d2b8afd939,"Ivora, Insatiable Heir"
b8aa7126-5df3-42dd-b4a3-0d0ea59eeebd,Helping Hand
89345f55-2b32-4356-945a-d56dded39909,Preacher of the Schism
4bc61952-88ba-447a-835a-f1e9643fcd0d,Serum Visions
6ade6918-6d1d-448d-ab56-93996051e9a9,Sage of the Skies
bfa4e927-1d6f-4a64-9801-7d168a5ef3f6,Astrologian's Planisphere
64bc9b1d-5818-4d9e-b771-e49af4ff9a5c,The Tabernacle at Pendrell Vale
120be808-ff3b-4fca-96a1-4db6b9825856,Quantum Riddler
f5fb426a-5618-4dd4-9c51-0cc847be8c1d,Multiversal Passage
396bca07-82ba-49b7-b79e-7784b3a06d48,Sunset Saboteur
952ba126-0915-47f0-9b6a-a0a6dcd22c6f,Moat
c565f8fe-acf7-40dd-8100-8f692d1e232c,Talon Gates of Madara
95be2701-af7c-483e-8165-e8bd4b2774ed,Opposition
2462df62-fc35-47ed-9571-40452074dc6d,Traveling Chocobo
9efbfd67-e0f5-43e0-9fff-1eb4a2bed0d8,Marauding Mako
2c723fc9-d5c9-4126-a9a6-f80c247a4b6b,Baloth Prime
f1b8413f-c9fc-4cea-b416-a1fcf651b009,Sylvan Safekeeper
d9482aab-6ddf-48e1-84fa-b13d5ff81e69,Icetill Explorer
a0b6a71e-56cb-4d25-8f2b-7a4f1b60900d,"Uro, Titan of Nature's Wrath"
906b6e99-128f-4c11-8daf-16099d35b0d4,Assassin's Trophy
02e8e540-8aa3-4e6a-9a11-c3949cab5f0f,"Tezzeret, Cruel Captain"
abcd0e32-2e6b-419b-9e8a-af38f2b48a66,Monastery Mentor
b3c1e5e3-4e6b-456a-958c-7a75c38f8183,Cosmogrand Zenith
635245e9-c27f-4a51-a6f1-bae62e696542,Lightstall Inquisitor
55a14f30-4ff9-4472-90a6-c3139f1c18e5,"Kaito, Bane of Nightmares"
543d55cb-3a6b-4620-af25-10ae74ed32c4,Worldspine Wurm
07d8ae46-14ec-4878-ba8a-a47d4508c6d7,Zealous Persecution
8ff57c8b-173e-4a72-a0a0-1ad2d5cc6e5e,Spectacular Spider-Man
db2a5e85-6cbc-43c1-9362-4056ad017ef0,Pyrokinesis
da13a060-36ee-41e9-bab1-af8ddcc893b8,Norman Osborn // Green Goblin
9b76bcd4-580a-4435-afe9-290940b1837f,Spell Queller
6f2cec5d-50ea-4d0f-8925-eba06222d015,"Shelinda, Yevon Acolyte"
a6d9b8d6-1e97-4e9c-b0c4-3b71734134a4,"Scarlet Spider, Ben Reilly"
73a065e3-b530-4e62-ab3c-4f6f908184ec,"Elspeth, Storm Slayer"
3b1e92b4-6e53-4dba-a572-c67e01965ac5,Abrupt Decay
e7c53ba4-9956-4cd6-85ca-2d6b61a5127c,Dance of the Dead
e9a268ba-c442-4fe4-90b4-2810c8474f4e,Caustic Bronco
1103da9c-300c-406b-997d-9e5bb7cd02d6,"Lightning, Army of One"
939c6e19-4b27-4023-bb9c-ae440f91e21c,Shadowspear
cdfadb17-76ad-4d4d-9fa7-33c4b88b4c0a,Sowing Mycospawn
972f3582-ad7c-4fe9-af29-90fa695a623f,Depthshaker Titan
784287c2-43c5-4210-93ae-cdd33b9acb1b,Commune with Beavers
c14098d6-28ae-492f-8ffc-7d115d83ce6a,Summon: Good King Mog XII
4034e5ba-9974-43e3-bde7-8d9b4586c3a4,Once Upon a Time
340c5799-4964-44dd-8c48-8f3f3aba5211,Badgermole Cub
265522eb-4f6a-40e7-b374-3833fa63c80b,Formidable Speaker
059e8447-6b1c-4651-a734-a8fea2cbf7b2,Bloodchief's Thirst
08f79439-b8f8-418f-9772-26d81844749e,Enduring Innocence
f3405184-dcda-4bb6-ade6-c2a87bc3296d,Sleight of Hand
777fcc21-2856-4181-8ecd-c272f9769e36,"Wan Shi Tong, All-Knowing"
209c591a-4ab2-4e89-9523-a7b766cf4e51,Ouroboroid
17824929-f131-4b8d-addb-66c25323155e,Infernal Grasp
e20da6b5-1057-4a28-9e85-07de714e262f,"Wan Shi Tong, Librarian"
a87606cc-fbf0-4e2c-9798-f1c935d0573d,Esika's Chariot
b2996f07-9dbc-444f-aaae-710866da2b4b,Cosmic Spider-Man
9b911653-7b96-4cf3-a907-13c5c53a14f7,Overlord of the Balemurk
3e1766e9-2fa7-4446-a255-7beea1467ece,Lion Sash
333bf101-14e8-4753-99bc-9174f42c4122,Kinscaer Sentry
3c7474e1-cfae-4867-a11a-d5cf9ff7ea5f,Mind's Desire
1b0fe46d-08d6-48c3-be0d-650d8d3d66af,Ideas Unbound
f7e0549e-2d23-4ea8-b8d1-ae21af2c9091,Snap
1e14e677-9bfa-4bcc-9772-8e7758d7538a,Sea Gate Stormcaller
4e76d04a-0038-4b5b-a026-3056ee940da9,Cloud of Faeries
dea15b53-2940-40e7-8d48-8ec11341da83,Careful Study
4686bbb9-517f-4cce-aa7a-5db41e22c02b,High Tide
a16a6555-2e3a-4587-aacd-0307d696b26c,Consult the Star Charts
c1bd3bc0-77bd-40fe-b4f1-835a04cb6e41,Eagles of the North
ade32396-8841-4ba4-8852-d11146607f21,Mockingbird
269ddd84-fdc4-4c94-b183-32ecec56967c,Sanguine Evangelist
f486df00-7c4a-4ff0-bb0b-c8b5432ac742,Sylvan Library
13c5a1ce-932a-4b3d-8b86-ed920e646afc,Satyr Wayfinder
b9f71c3b-0840-475f-9c17-fdacbc7f3213,Vibrance
2573e694-eaa0-42ca-b470-2ab507cbcec1,Moonshadow
2970683e-e69c-42cb-a067-34abd56fb42b,Elite Interceptor // Rejoinder
e0ef33dd-5f6d-48fa-8ef6-a8092868d50f,Figure of Fable
ce5dd2c1-b6e0-4914-b5c9-7dd451c29e22,Chthonian Nightmare
70e64028-ae96-4950-aa6c-9d347409fad3,Force Spike
7127164d-f2a3-4d79-b6db-93507ff5ab47,Bitterbloom Bearer
60aed76e-2265-471d-8e41-1d8605603b78,Hildibrand Manderville // Gentleman's Rise
37cb5599-7d2c-48e9-978b-902a01a74bde,Sinkhole Surveyor
1d7a1357-debd-49b0-9fd5-560d5b3f589e,Chromatic Star
a7072412-4aa2-40ef-a267-bd717551a42b,"Rhys, the Evermore"
8b1e10e8-ea14-4761-910b-4072e2a18456,Grave Researcher // Reanimate
99e96b34-b1c4-4647-a38e-2cf1aedaaace,Tersa Lightshatter
ba934866-efd0-4126-b1ff-9c7e82b73bd6,Summon: Kujata
ff37b863-f8c4-4584-8cc2-ac0e096e583f,Bazaar of Baghdad
ecc1027a-8c07-44a0-bdde-fa2844cff694,Vivi Ornitier
47d6093b-b1b6-4956-8bfd-02cce899f832,Flow State
13f5bcdc-70bb-4d67-99e1-282f166ee4bf,Increasing Confusion
58c9e9a7-e170-4361-b7d5-22fc0771c489,Urza's Bauble
d21433ba-0a14-42bc-ad0b-a4ef823a3295,Monument to Endurance
32e670da-7563-4f6a-a7db-4c126a440eb8,Erode
9c769202-178c-442a-a9e2-aa08b5ae5c9a,"Agent Bishop, Man in Black"
c375a022-5b57-496d-a802-e4ea8376e9e4,"Eiganjo, Seat of the Empire"
1b406cc5-75c9-430a-83a2-de0f2a8aeae6,"Mole Man, Moloid Master"
c060c178-3c0e-493f-b6f0-ead5b1d6f191,Survival of the Fittest
51eb9f05-9d5a-4196-9329-626ce4793c42,Vengevine
d2119f3f-27d2-4d43-a5ef-35c1b73d182a,"The Reaper, King No More"
f1eb50a6-07e2-41de-b948-8075bba197ee,Game Over
3a9df9dd-a480-406c-ba28-94895fbfb574,"Galactus, Devourer of Worlds"
cc3063ec-5ea6-46c1-8331-c740cbaf6c76,Great Divide Guide
019b51b0-e5c6-4208-922b-7736686dddcd,Agatha's Soul Cauldron
ac095763-6f4e-4d4e-9c99-414646368f8d,Emeritus of Abundance // Regrowth
361c2f3b-f04e-446b-a683-9195e238daf0,Iron Man Armor
ed0beb69-8441-4104-9990-81bd82f81f9a,The Fantasticar
99fd1cd5-4740-4a0f-b773-3d3b66861d77,The Warring Triad
85d22d5d-3875-42ff-b51e-c6e21db201f5,Generous Ent
aeb4612c-758b-4492-ba03-eb6741b4176e,Sear
18ee486e-dc25-4de7-a71f-f11fdf100176,"Okoye, Mighty and Adored"
c1c7aa22-51b0-45ee-9a8e-5493a1820d8c,"Wolverine, Fierce Fighter"
3199907b-9f24-4554-942a-8ab5a7701717,"Night Nurse, Healer of Heroes"
415ff6a5-61ef-4b37-ae08-e44476300d4a,Fire Magic
d2705b43-a94a-44c0-8740-82e0b296820c,Abhorrent Oculus
63ce0909-7d7d-410d-ab6c-c87fa3e23877,"Black Widow, Super Spy"
61237530-ad49-469c-a952-67c92315708e,Jennifer Walters // The Sensational She-Hulk
4ecbca71-9a1d-44c5-b709-d6f565941d5e,Skycoach Conductor // All Aboard
40f0ecf7-f49e-46ff-aa5b-9ff5361b72c5,Genemorph Imago
9c0433f9-8f1e-4a19-a83f-a41925f1b1a9,Abandoned Air Temple
