season_id,scryfallId,card_name,games_played,games_won,game_win_rate
Season-4,0020c31b-002a-4121-bc61-2c2c16e9afc8,Ornery Tumblewagg,41.0,19.0,0.4634146341463415
Season-4,0027e5ca-8046-40a0-bd73-79be55f28bff,Remand,86.0,44.0,0.5116279069767442
Season-4,0055ea30-20fb-4324-a632-8fed87628f05,"Boseiju, Who Endures",93.0,45.0,0.4838709677419355
Season-4,005dae9a-dddc-4a11-95bb-cce319edcce4,Skullclamp,75.0,48.0,0.64
Season-4,006d2bf1-20f7-4b09-8d98-8233d91682bd,Flame Slash,87.0,49.0,0.5632183908045977
Season-4,00cb17a0-5a13-4d02-b7fb-f99531bc8ca5,Dark Depths,71.0,34.0,0.4788732394366197
Season-4,00f9955f-a522-47bf-b064-92dd21a76b18,Solemn Simulacrum,40.0,15.0,0.375
Season-4,01006833-6007-4c16-9ebb-20d31c60a57a,Taiga,78.0,40.0,0.5128205128205128
Season-4,0135ada3-e5ae-4382-a717-872839bf1d5a,Garruk Wildspeaker,0.0,0.0,0.0
Season-4,014bf3c6-e46f-48f8-902f-82deeba260b2,,0.0,0.0,0.0
Season-4,01794178-cf41-454c-ac37-1d8b18e42db2,Green Sun's Zenith,115.0,50.0,0.4347826086956521
Season-4,01978fe5-00a9-4add-ae2a-b4c2572ffb9a,Vendilion Clique,28.0,12.0,0.4285714285714285
Season-4,01c6f877-6b00-4d57-8a88-36cd3b16edbc,Llanowar Elves,98.0,41.0,0.4183673469387755
Season-4,01d1e394-1b0c-4b40-ba85-f55973703d41,Smirking Spelljacker,50.0,23.0,0.46
Season-4,01e7b0bc-1c6c-48f4-8b72-1a809f536c6c,Birds of Paradise,107.0,53.0,0.4953271028037383
Season-4,02138fbb-3962-4348-8d31-faaefba0b8b2,Raugrin Triome,75.0,34.0,0.4533333333333333
Season-4,02551196-ecea-472f-9547-3c9658d0489e,Ravenous Chupacabra,30.0,13.0,0.4333333333333333
Season-4,0263c742-345b-4425-8326-75bfa60e08ea,Sundering Titan,0.0,0.0,0.0
Season-4,02902fcc-eefc-4e81-aafd-59fa203a71d7,Eternal Witness,21.0,8.0,0.3809523809523809
Season-4,02c532e8-21f1-4d6f-a931-1ea48a6aeea2,Coalition Relic,65.0,26.0,0.4
Season-4,02d6d693-f1f3-4317-bcc0-c21fa8490d38,"Jace, Vryn's Prodigy // Jace, Telepath Unbound",118.0,60.0,0.5084745762711864
Season-4,030e46a1-64a7-47e3-9b9f-82a22fe3734b,Consecrated Sphinx,0.0,0.0,0.0
Season-4,0324641d-af55-4c53-b4dc-c8262e967da5,Volcanic Island,69.0,31.0,0.4492753623188406
Season-4,0359f212-9564-41a9-870b-d2c57455a695,Brainstorm,66.0,30.0,0.4545454545454545
Season-4,045ce37b-86d2-4e56-84af-b6625b53d13c,Path to Exile,107.0,45.0,0.4205607476635514
Season-4,0463e989-ba32-4a46-a82f-e0d6daf3cd51,Sulfuric Vortex,29.0,11.0,0.3793103448275862
Season-4,04fc99dc-bfbe-4567-b791-6b1db96471ec,Reanimate,96.0,49.0,0.5104166666666666
Season-4,054f2276-2dd5-43da-bb26-c57c560861fe,Steam Vents,97.0,42.0,0.4329896907216495
Season-4,05812009-d1b8-4775-8188-f05cfdb4feed,Worn Powerstone,0.0,0.0,0.0
Season-4,059164e1-894d-4586-9800-e60d6fbd6eb6,Shifting Woodland,41.0,18.0,0.4390243902439024
Season-4,0596155d-8f83-40ca-be31-9a0df1ced65e,Wall of Omens,38.0,11.0,0.2894736842105263
Season-4,05bd329b-5707-42fc-af1c-084cc604e805,Imperial Recruiter,39.0,22.0,0.5641025641025641
Season-4,05bdd22c-3e11-4c29-bdfa-d3dfc0e90a9f,Bitter Triumph,87.0,39.0,0.4482758620689655
Season-4,05cf51d8-9f91-42ff-99e9-4397f2251c20,Dark Confidant,77.0,44.0,0.5714285714285714
Season-4,05e8a4ea-8c0d-4284-ac23-80e19fdde11d,Myr Battlesphere,55.0,23.0,0.4181818181818181
Season-4,0645f487-efe5-4764-b361-85e07bb5ccca,"Ulamog, the Infinite Gyre",20.0,11.0,0.55
Season-4,064dfdeb-485f-473e-9fa0-8fdb7638cdc6,Dismember,85.0,44.0,0.5176470588235295
Season-4,068bb15a-fc2d-42a2-859b-837b946d23c0,Underground Sea,77.0,34.0,0.4415584415584415
Season-4,06c0c35d-a26e-473a-9206-8fbda7191700,Entomb,88.0,45.0,0.5113636363636364
Season-4,06cb1bd6-73e0-4104-b344-4bc52d7dcedf,Baleful Strix,75.0,43.0,0.5733333333333334
Season-4,071daca8-ccc6-4707-843e-adac40dd1588,Fury,89.0,45.0,0.5056179775280899
Season-4,07246783-d475-4f61-99ac-e2b574072349,Voice of Resurgence,40.0,13.0,0.325
Season-4,07313dd3-d0dc-40ca-98a3-fa4d39e5bcae,Oust,99.0,50.0,0.5050505050505051
Season-4,073bfdca-d7b8-4f4b-93f3-6e7c44bc0b0a,Sol Ring,100.0,50.0,0.5
Season-4,0783b426-a527-42c1-9271-be28b229e1c6,"Torsten, Founder of Benalia",19.0,6.0,0.3157894736842105
Season-4,079e6263-e54c-4899-a336-5315909b9322,"Magda, Brazen Outlaw",97.0,53.0,0.5463917525773195
Season-4,07a3d9e8-8597-498b-869c-cff79e0df516,"Karn, Scion of Urza",60.0,29.0,0.4833333333333333
Season-4,07c17b01-ee5d-491a-8403-b3f819b778c4,Wishclaw Talisman,70.0,38.0,0.5428571428571428
Season-4,0845f0b0-9413-4ddd-861d-9607636bebc6,Natural Order,90.0,46.0,0.5111111111111111
Season-4,086f97e9-8b62-44f3-b467-149c2ac5ca78,Opposition Agent,0.0,0.0,0.0
Season-4,09521f23-52d6-482d-9f3b-c4d12fcc08cc,Tidehollow Sculler,69.0,43.0,0.6231884057971014
Season-4,09b792b3-ed87-4360-a392-506e5f8140a1,Regrowth,0.0,0.0,0.0
Season-4,09fd2d9c-1793-4beb-a3fb-7a869f660cd4,Bonecrusher Giant // Stomp,89.0,47.0,0.5280898876404494
Season-4,0a26d900-c652-4f9c-8681-a35c5f8b1937,Sacred Foundry,71.0,38.0,0.5352112676056338
Season-4,0aa3a844-97e6-4f5d-a36f-56fea4e06932,Manglehorn,18.0,6.0,0.3333333333333333
Season-4,0ab6bfbd-d2e1-4c4c-9f91-6f69c5b8e3bb,Waterlogged Grove,0.0,0.0,0.0
Season-4,0ad38866-fc5f-4f62-89c1-afc0f50765aa,Novice Inspector,108.0,58.0,0.5370370370370371
Season-4,0adcd4e5-d542-4293-8774-ace2305ef820,Walk-In Closet // Forgotten Cellar,75.0,38.0,0.5066666666666667
Season-4,0c0e7131-db26-448d-afda-f48337a026f0,Pyroclasm,21.0,12.0,0.5714285714285714
Season-4,0c3bc412-689f-4385-807b-ed60d6276d76,Grim Monolith,64.0,24.0,0.375
Season-4,0c3d7e2c-a104-4757-9984-fb31088f92c4,Cryptic Coat,80.0,36.0,0.45
Season-4,0c9a7cb0-5bff-48ff-b620-2838816ac9b5,Counterspell,87.0,44.0,0.5057471264367817
Season-4,0cb33b46-4d1b-4f97-bfdc-d815aee111da,Mana Crypt,105.0,65.0,0.6190476190476191
Season-4,0ce44270-a684-4489-9077-521456e6dfaa,Lórien Revealed,104.0,50.0,0.4807692307692308
Season-4,0d08f5e4-d2d3-4659-86d4-a983d80e3b2c,Tundra,67.0,36.0,0.5373134328358209
Season-4,0d16e8e0-31b2-4389-afd6-783c501f6fa0,"Ajani, Nacatl Pariah // Ajani, Nacatl Avenger",113.0,65.0,0.5752212389380531
Season-4,0d60eabe-b281-4eba-9c26-287364ed2067,Earthshaker Khenra,38.0,16.0,0.4210526315789473
Season-4,0da69523-cece-425a-b08a-fb27fac29374,Figure of Destiny,59.0,30.0,0.5084745762711864
Season-4,0e0d989d-7186-40dc-bdfe-cfbb77656bc8,"Emrakul, the Aeons Torn",58.0,28.0,0.4827586206896552
Season-4,0e51d796-7279-4c06-87f0-37adbdaa41df,Underworld Breach,72.0,38.0,0.5277777777777778
Season-4,0e606072-a3aa-4300-ba90-ec92a721fa76,"Jace, the Mind Sculptor",58.0,27.0,0.4655172413793103
Season-4,0e9aeaa8-9a75-4719-992f-cbb316f72175,Savannah,77.0,42.0,0.5454545454545454
Season-4,0ecbe097-ba51-42e5-957c-382eb66c08f0,Robber of the Rich,106.0,56.0,0.5283018867924528
Season-4,0eee981e-5d26-4810-90e1-432f3c3107f2,Reclamation Sage,54.0,25.0,0.4629629629629629
Season-4,0f3c8470-1cc8-4383-8782-c022867d46e8,"Tezzeret, Agent of Bolas",9.0,3.0,0.3333333333333333
Season-4,0f427f0b-034c-4821-8758-e395c0042d8a,Creeping Tar Pit,0.0,0.0,0.0
Season-4,0f7585c8-9e21-4eef-afc1-2852de23db2f,Polluted Delta,87.0,42.0,0.4827586206896552
Season-4,0fb4c734-c698-46f2-bc78-5f036f472e5b,Unholy Annex // Ritual Chamber,29.0,10.0,0.3448275862068966
Season-4,0fe070f4-8877-4280-b8fd-869f3ac34ab6,Sheltering Landscape,19.0,7.0,0.3684210526315789
Season-4,10158a5e-5a03-41ab-85d2-0907ccf32c9b,Dack Fayden,76.0,35.0,0.4605263157894737
Season-4,1066a94a-8e4f-4d77-820b-7a77a18116f0,Wooded Foothills,83.0,44.0,0.5301204819277109
Season-4,106f9629-b3aa-4703-82fb-c1e771bbce72,The Wandering Emperor,56.0,26.0,0.4642857142857143
Season-4,107492bd-b32f-4692-917c-7771986b5bf7,Thespian's Stage,73.0,36.0,0.4931506849315068
Season-4,1132218d-56cd-441e-9006-df3c50344491,Joraga Treespeaker,100.0,38.0,0.38
Season-4,113f48b9-a972-4e2c-af95-05ab078e01f2,Tranquil Landscape,20.0,9.0,0.45
Season-4,1163fe84-c5d5-42c8-b7cd-d206a9b0bd3f,Tireless Provisioner,67.0,34.0,0.5074626865671642
Season-4,1192f7a9-102e-4b3a-b154-18c8eb332217,"Ulamog, the Ceaseless Hunger",0.0,0.0,0.0
Season-4,1290e00b-c41b-4e30-8b65-a7fd4356d462,Mind's Desire,0.0,0.0,0.0
Season-4,139b90cd-8272-457a-be32-1298145345be,Watery Grave,86.0,46.0,0.5348837209302325
Season-4,14065271-d942-42a8-aa38-d8a622c0375d,Scrubland,65.0,31.0,0.4769230769230769
Season-4,1453f92e-df2d-4789-aa1b-a5b5c51567d4,Preordain,120.0,53.0,0.4416666666666666
Season-4,1571b584-9007-45ee-a3c3-6c72f227fee2,Mystical Tutor,92.0,42.0,0.4565217391304347
Season-4,158c000e-7960-4518-b034-a529622b7bf1,,0.0,0.0,0.0
Season-4,15c34f32-49d9-4a0d-83b2-28172f54fdd1,Crop Rotation,59.0,25.0,0.423728813559322
Season-4,15db4353-9c46-4fe4-b22e-0cf024aa9dfc,Grim Lavamancer,47.0,25.0,0.5319148936170213
Season-4,15faa763-b897-4e86-b094-73f3236291a9,Verdant Catacombs,99.0,50.0,0.5050505050505051
Season-4,162018eb-5483-4fa2-9c5a-abb639eecf91,"Kiki-Jiki, Mirror Breaker",48.0,25.0,0.5208333333333334
Season-4,162e81d3-6cd4-4cb8-8ed8-cfbd8d34ca71,Mind Stone,49.0,23.0,0.4693877551020408
Season-4,1658f12b-8ac5-4d29-86d5-f20c4d5f7e48,Vindicate,19.0,6.0,0.3157894736842105
Season-4,16c8d2fa-54a7-46e8-980c-905258497c90,Arid Mesa,110.0,65.0,0.5909090909090909
Season-4,1716b4dd-9045-462b-b053-72de450a8cde,Blood Crypt,78.0,42.0,0.5384615384615384
Season-4,17260fff-b239-4af4-9306-3236ae3fa5a5,Thundering Falls,65.0,32.0,0.4923076923076923
Season-4,175b3d28-5c74-4972-9b5c-5e39762c78f4,Relic of Sauron,65.0,24.0,0.3692307692307692
Season-4,1785cb18-c291-4fd5-b8c7-ace893c32e49,Mesmeric Fiend,86.0,40.0,0.4651162790697674
Season-4,17db2b6a-eaa8-4a08-9e86-370bbd058574,Bayou,95.0,52.0,0.5473684210526316
Season-4,17f28b16-da65-41a8-ba4f-f1c5e104aad6,Council's Judgment,90.0,48.0,0.5333333333333333
Season-4,18092f68-b96e-4084-9eba-b240d2195d81,"Adeline, Resplendent Cathar",69.0,31.0,0.4492753623188406
Season-4,187b6719-e5ed-4615-a00b-3313ceca055b,Currency Converter,38.0,18.0,0.4736842105263157
Season-4,187e887c-c39d-4d25-a506-cdc95fc70316,"Gideon, Ally of Zendikar",56.0,24.0,0.4285714285714285
Season-4,18a3cca1-e50e-49b6-9e1a-f86640e3b177,Snuff Out,97.0,53.0,0.5463917525773195
Season-4,18adbda4-8d36-47cd-afbc-c785aaa8ed80,Blightsteel Colossus,47.0,15.0,0.3191489361702128
Season-4,18bd50f2-c3ba-4217-a2d5-bb771e199706,Vampiric Tutor,109.0,47.0,0.4311926605504587
Season-4,18f23daa-bc59-456a-8a28-3823e51bc74b,Night's Whisper,79.0,43.0,0.5443037974683544
Season-4,19316cbb-d1af-4ab7-b588-78637503e986,,0.0,0.0,0.0
Season-4,19477aca-b8db-4061-9a78-ebb189a9df22,Breeding Pool,79.0,40.0,0.5063291139240507
Season-4,19557351-b65f-4b04-b971-66abdc07000a,Stoneforge Mystic,58.0,34.0,0.5862068965517241
Season-4,19adde22-e5eb-4815-beb6-c520b3274cc9,Lotus Cobra,92.0,42.0,0.4565217391304347
Season-4,1a55c370-d396-4c73-8ee2-83dc4c124005,The Goose Mother,56.0,21.0,0.375
Season-4,1a6f256b-943e-4cfb-9fc9-d1ded68b5f97,Chart a Course,47.0,23.0,0.4893617021276595
Season-4,1ac01fff-4de6-4783-9489-4127e25bc641,Prismatic Vista,91.0,44.0,0.4835164835164835
Season-4,1af92296-455a-425e-9397-a96d09937767,Incinerate,70.0,32.0,0.4571428571428571
Season-4,1b2ecf55-c1cc-4b28-b7ce-e1b25305155e,Lightning Helix,0.0,0.0,0.0
Season-4,1b6ef5f5-4058-4f89-a573-9e2da87a9f2e,Steel Seraph,46.0,16.0,0.3478260869565217
Season-4,1bd3fa8a-6c50-4f7f-9ae3-0810eec5e3db,Reprieve,85.0,43.0,0.5058823529411764
Season-4,1be9d9a4-d7ee-4854-abc2-85cabf993ec9,Archon of Cruelty,57.0,26.0,0.4561403508771929
Season-4,1c0f2873-5849-4cab-855a-2fbbc41dbb6c,Chaos Defiler,70.0,42.0,0.6
Season-4,1c7d50d6-b63a-4d8c-88fa-1d78ae693a45,Overgrown Tomb,71.0,39.0,0.5492957746478874
Season-4,1daf4348-05c5-4c55-bcf2-c7bec7988bfc,Plateau,83.0,46.0,0.5542168674698795
Season-4,1dd64b1d-bcef-476c-bf0b-3ac7df7cbed3,"Nissa, Ascended Animist",42.0,24.0,0.5714285714285714
Season-4,1e0c695d-62f9-4805-9e2f-7032e8464136,No More Lies,37.0,14.0,0.3783783783783784
Season-4,1e2fee55-227b-4373-a3f7-b463f220033f,Tinker,93.0,35.0,0.3763440860215054
Season-4,1e3259f8-ee93-4b02-b8e1-a7bd6dd698ca,"Uro, Titan of Nature's Wrath",0.0,0.0,0.0
Season-4,1e3e8085-cfcd-4e88-b441-4d1f8ac63904,Forth Eorlingas!,115.0,63.0,0.5478260869565217
Season-4,1ea179e9-9c0d-46c1-9ee8-60be68e1f79c,Thirst for Discovery,57.0,23.0,0.4035087719298245
Season-4,1ee98955-4c47-4d45-9377-608dfa755337,Bone Shards,81.0,41.0,0.5061728395061729
Season-4,1f123ad6-fe84-4fed-9c0f-6b41921e9c26,Deceiver Exarch,20.0,12.0,0.6
Season-4,1f2f7d4b-aa65-42ed-a441-8e35be96743c,Orcish Lumberjack,31.0,18.0,0.5806451612903226
Season-4,1f9fb33a-3b39-4aff-93b8-aedafe0ea694,Fanatic of Rhonas,79.0,30.0,0.379746835443038
Season-4,1fa48620-4c3d-4f75-be1f-c12c4aa59f51,"Golos, Tireless Pilgrim",11.0,4.0,0.3636363636363636
Season-4,1fc6d14a-1328-4032-ad9e-cd85cd365bd3,Endurance,60.0,27.0,0.45
Season-4,1fdcc0c3-4029-4fc3-a486-5d7f45c910bd,Everflowing Chalice,67.0,19.0,0.2835820895522388
Season-4,205df311-a72d-40f1-b2ea-9b30274bc9bd,Knight of the Reliquary,31.0,13.0,0.4193548387096774
Season-4,207d5f12-fbc6-4c75-9d84-fd2f0023fbd0,Sneak Attack,88.0,45.0,0.5113636363636364
Season-4,216a8e4e-ea7b-41c7-a982-b5751025ff25,Scrapheap Scrounger,36.0,21.0,0.5833333333333334
Season-4,21c950d7-b4f6-4902-8c9a-98f2933f9fa5,Adanto Vanguard,100.0,52.0,0.52
Season-4,224d904a-5972-4152-878a-9a922e7a55b6,"Titania, Protector of Argoth",52.0,28.0,0.5384615384615384
Season-4,229a0d4a-3777-451d-a2fb-f1a2fdf8019f,Spara's Headquarters,59.0,22.0,0.3728813559322034
Season-4,2398892d-28e9-4009-81ec-0d544af79d2b,Ancestral Recall,114.0,58.0,0.5087719298245614
Season-4,23b95b26-0bbf-4fa1-80c1-f621f1a1b947,Damn,38.0,13.0,0.3421052631578947
Season-4,2424f2c4-366b-42cf-bf4b-a8a5bfdd2c4b,Life // Death,60.0,34.0,0.5666666666666667
Season-4,245cdc59-d560-4c10-b721-f51cc312e370,Mishra's Factory,47.0,22.0,0.4680851063829787
Season-4,247939d9-87e9-4f01-b223-fb4cfa7dbbe1,Mana Leak,86.0,46.0,0.5348837209302325
Season-4,2487d124-210b-4808-888c-cd0a78aebd90,Molten Collapse,29.0,18.0,0.6206896551724138
Season-4,24a5cc2c-0fbf-4a5f-b175-6e0ffd0d0787,Misty Rainforest,109.0,66.0,0.6055045871559633
Season-4,24a76568-a2d4-41a6-88b8-fa5ed4093930,Celestial Colonnade,0.0,0.0,0.0
Season-4,24c0d87b-0049-4beb-b9cb-6f813b7aa7dc,Fable of the Mirror-Breaker // Reflection of Kiki-Jiki,89.0,51.0,0.5730337078651685
Season-4,24da9431-7e52-44f5-bc18-2f2d8a4ca81e,Abrade,88.0,41.0,0.4659090909090909
Season-4,24e58478-c6a8-4f86-854a-a489c99bd777,Usher of the Fallen,87.0,46.0,0.5287356321839081
Season-4,25b0b816-0583-44aa-9dc5-f3ff48993a51,Gaea's Cradle,91.0,50.0,0.5494505494505495
Season-4,2605df98-0b02-4aab-bc36-01e93c693743,Territorial Kavu,49.0,27.0,0.5510204081632653
Season-4,2616aa0e-8413-4e63-877c-bffd5263f552,Porcelain Legionnaire,95.0,40.0,0.4210526315789473
Season-4,261ac92e-c61a-4c11-aa6a-9ae1cb703e5c,Dreams of Steel and Oil,58.0,34.0,0.5862068965517241
Season-4,26c68473-70ca-40ba-b5c6-71ec30f88a2c,Damnation,69.0,37.0,0.5362318840579711
Season-4,26d40e03-6de4-4373-9fbf-04c1dd79e995,Jetmir's Garden,90.0,55.0,0.6111111111111112
Season-4,2744ac83-a79f-4042-8720-688b5adda382,Nurturing Peatland,0.0,0.0,0.0
Season-4,275471e3-ded1-40ac-91ef-369dce5764d9,Inventors' Fair,0.0,0.0,0.0
Season-4,277bc4e5-f43a-4f1e-a7e9-11796e78fcdf,Blade Splicer,0.0,0.0,0.0
Season-4,28667c8b-d02c-4e57-a050-1549207b65d1,Thragtusk,52.0,28.0,0.5384615384615384
Season-4,28bb8ec0-9729-4aa1-8ce4-a3a5598b0d70,Soul Partition,0.0,0.0,0.0
Season-4,28f1d784-f286-418d-a712-bc07ad10d4a2,Copperline Gorge,0.0,0.0,0.0
Season-4,29148d7e-b398-4e19-a29e-d9a660ad5016,Mirage Mirror,50.0,20.0,0.4
Season-4,29632951-3c3d-478c-8c5a-9a34f30a5c28,Dauthi Voidwalker,100.0,55.0,0.55
Season-4,296574c6-3933-4ab3-b591-72514b244da9,,0.0,0.0,0.0
Season-4,299f1f93-ecee-4ed8-a77e-6ebc4b85328d,Beast Within,0.0,0.0,0.0
Season-4,2a717b98-cdac-416d-bf6c-f6b6638e65d1,"Tamiyo, Inquisitive Student // Tamiyo, Seasoned Scholar",96.0,46.0,0.4791666666666667
Season-4,2adea3ee-138f-455b-a001-586883c44758,,0.0,0.0,0.0
Season-4,2ae6828e-ff19-45db-8b59-61616353491f,Deceptive Landscape,29.0,9.0,0.3103448275862069
Season-4,2b20d3e1-62ef-44db-8109-a33d4fa3e7f1,Exploration,64.0,31.0,0.484375
Season-4,2b5315a4-6a78-456f-8d5a-fea9d62f3f0e,Strip Mine,98.0,49.0,0.5
Season-4,2b5801fb-2026-4f25-98bc-ebb2f99684b9,Undercity Sewers,56.0,35.0,0.625
Season-4,2b73d294-6ab1-4051-9b0f-d8e335d37674,Unholy Heat,85.0,47.0,0.5529411764705883
Season-4,2b74bb81-fb9a-40e5-a941-e517430b52f5,Indatha Triome,63.0,27.0,0.4285714285714285
Season-4,2b9b0195-beda-403e-bc27-7ae3be9f318c,Temple Garden,91.0,46.0,0.5054945054945055
Season-4,2be39749-ad6f-4160-99eb-c677eee7f1b2,Thraben Inspector,97.0,50.0,0.5154639175257731
Season-4,2bf2da97-3331-4614-b4ff-f03d061500a7,Fire Covenant,84.0,44.0,0.5238095238095238
Season-4,2c695df6-6bf2-4e6b-8500-e3116137ca27,Jacked Rabbit,89.0,37.0,0.4157303370786517
Season-4,2d9b12cc-f616-4b52-91eb-a430e70f9251,Wrath of God,28.0,12.0,0.4285714285714285
Season-4,2da5f3f8-5eef-498f-ba2c-2f3fbc3745aa,Ephemerate,48.0,19.0,0.3958333333333333
Season-4,2dc16614-5cf8-444d-a5ae-cac25018af68,Burst Lightning,77.0,45.0,0.5844155844155844
Season-4,2e139ad1-1079-49e9-babd-6399c44ad333,Seasoned Pyromancer,39.0,27.0,0.6923076923076923
Season-4,2ef878cb-27b6-47d8-ad11-bd20529b0e7e,Cast into the Fire,49.0,29.0,0.5918367346938775
Season-4,2f8f22fb-7291-4517-9b15-e98501f2856b,Splinter Twin,40.0,22.0,0.55
Season-4,3003d481-1b52-4aa9-bbdc-e948fbc8d49d,Sylvan Library,72.0,41.0,0.5694444444444444
Season-4,3027e6c5-eed3-44e7-bb12-67569721af99,Goryo's Vengeance,20.0,9.0,0.45
Season-4,3028075c-5fc5-4942-a984-1ffcf7a8933d,Knight of Autumn,80.0,41.0,0.5125
Season-4,30377bf0-d9b1-4c14-8dde-f74b1e02d604,Gilded Goose,118.0,53.0,0.4491525423728814
Season-4,307543ca-8e17-433f-9758-4c77da6c0870,Thief of Sanity,0.0,0.0,0.0
Season-4,310a1c46-8331-4a09-9fcb-d942f8102364,Thoughtseize,102.0,67.0,0.6568627450980392
Season-4,311a6257-dd77-4bb6-81cb-c8e7862350f3,Necromancy,77.0,45.0,0.5844155844155844
Season-4,312a6058-de08-487d-95bd-b3c56807fdd6,Crucible of Worlds,0.0,0.0,0.0
Season-4,31b770cc-09e7-4c0b-b2a4-462ab4f7200d,Expressive Iteration,77.0,33.0,0.4285714285714285
Season-4,32126592-a988-4171-b52e-cca80b881aff,,0.0,0.0,0.0
Season-4,3277ad99-5682-4baa-b106-de15721876a6,Glorybringer,59.0,36.0,0.6101694915254238
Season-4,327cf118-cc92-4073-85d0-94d2a0a6989a,Scalding Tarn,98.0,52.0,0.5306122448979592
Season-4,329a8738-3e17-403a-857a-0ba529ce8cd1,Walking Ballista,102.0,40.0,0.392156862745098
Season-4,329f3aca-6db7-41d3-95b2-c479d14b7fa3,"Trostani, Three Whispers",0.0,0.0,0.0
Season-4,32a180dd-9641-4546-8940-9b21084f0c71,Lightning Bolt,95.0,48.0,0.5052631578947369
Season-4,32aa6e33-221f-414c-9b51-850d97a7e051,Galvanic Discharge,71.0,38.0,0.5352112676056338
Season-4,32e29c7d-ed4b-4eff-b3c2-d99e5b63ef8d,Sunfall,28.0,10.0,0.3571428571428571
Season-4,33672990-4860-4aa6-ac1b-f9da66f5da59,Wurmcoil Engine,69.0,32.0,0.463768115942029
Season-4,33ab05b5-d6f5-439c-9aed-1a58ceb282ad,Flametongue Yearling,59.0,34.0,0.576271186440678
Season-4,33ca68a6-474e-4d86-bffa-ee4bddb4a3cf,Fellwar Stone,55.0,22.0,0.4
Season-4,345a1c80-41d6-43b1-83ab-1aa56dd06b1b,Bitter Reunion,11.0,4.0,0.3636363636363636
Season-4,345a4aee-5846-4ae9-9af1-4c8fe8d692ec,Winds of Abandon,93.0,41.0,0.4408602150537634
Season-4,345e053a-3178-485c-8602-1624bbf2f064,Razorverge Thicket,0.0,0.0,0.0
Season-4,345fd005-5052-4500-a260-3649500e21f4,Mulldrifter,19.0,11.0,0.5789473684210527
Season-4,3462a3d0-5552-49fa-9eb7-100960c55891,"Oko, Thief of Crowns",78.0,29.0,0.3717948717948718
Season-4,35f1a6ba-e46f-44fb-93f4-fb883d677b36,Baleful Mastery,67.0,34.0,0.5074626865671642
Season-4,377cee38-e769-47b0-abd5-0f528600f36a,Badlands,91.0,48.0,0.5274725274725275
Season-4,37dbe1a3-3c44-452b-9fb9-37f5d793d0b5,Memory Jar,66.0,33.0,0.5
Season-4,39b41cb3-ca3d-4389-8f66-e1f77f5fb683,Fact or Fiction,40.0,20.0,0.5
Season-4,39c431d7-d94b-46c4-bb89-f3db56214ab4,Elvish Reclaimer,52.0,26.0,0.5
Season-4,3a2d7cf9-dddb-4de3-b4f2-c52e3ec8fb4b,Brain Freeze,81.0,46.0,0.5679012345679012
Season-4,3a9d1082-a862-45d4-9e5e-392e879fead6,Zuran Orb,52.0,27.0,0.5192307692307693
Season-4,3b214b6f-4734-4200-8467-92d7e3469b5d,Tezzeret the Seeker,66.0,24.0,0.3636363636363636
Season-4,3b5233ff-03bc-4053-9b49-c4185c2de38d,Restoration Angel,67.0,30.0,0.4477611940298507
Season-4,3b6e5956-f795-451b-bb24-56462d1ced27,Umezawa's Jitte,79.0,29.0,0.3670886075949367
Season-4,3ba95ffa-990a-4013-98b7-5d8c0b34e9c4,Fyndhorn Elves,0.0,0.0,0.0
Season-4,3bd1ec98-8188-4649-899e-b0972509fc7e,Firebolt,53.0,28.0,0.5283018867924528
Season-4,3c02b8ee-84cb-44cb-ba14-9e725a9d03ee,Ponder,93.0,42.0,0.4516129032258064
Season-4,3c0f5411-1940-410f-96ce-6f92513f753a,Goblin Guide,0.0,0.0,0.0
Season-4,3c1bf210-ecdb-4b49-8504-51360c269e66,Rolling Earthquake,0.0,0.0,0.0
Season-4,3c3ac3dd-35db-447f-8674-37b4680a1ef7,Leyline Binding,61.0,32.0,0.5245901639344263
Season-4,3ca1e1de-b916-445f-b3b2-0f4d0cc7ceeb,Stern Scolding,67.0,30.0,0.4477611940298507
Season-4,3d3025a2-4a17-4137-ba0b-bd676c6f5f88,"Tinybones, the Pickpocket",69.0,34.0,0.4927536231884058
Season-4,3d71be5f-0fd7-4a88-8041-f4d6bc4cc9ac,Blackcleave Cliffs,0.0,0.0,0.0
Season-4,3d8ca18d-9099-4f1e-95c1-f04da58a26bd,"Gut, True Soul Zealot",107.0,63.0,0.5887850467289719
Season-4,3e1766e9-2fa7-4446-a255-7beea1467ece,Lion Sash,0.0,0.0,0.0
Season-4,3e7da55c-7f05-46b2-aa3c-17f8d5df46bb,Scion of Draco,22.0,11.0,0.5
Season-4,3ee3945e-5089-4751-b7b3-5961c39d2a33,Nethergoyf,66.0,34.0,0.5151515151515151
Season-4,3f3c77ad-fce8-4506-90e1-7ef71552a71c,Wheel of Fortune,89.0,41.0,0.4606741573033708
Season-4,3faa8c5e-9e1b-4cee-b322-a033bf33dcbc,Hymn to Tourach,38.0,23.0,0.6052631578947368
Season-4,400382a4-aea2-4827-b06a-1b0b3745908b,Noble Hierarch,119.0,61.0,0.5126050420168067
Season-4,416d2d51-8f29-4e95-b037-e8c32b081e6c,Mana Drain,78.0,42.0,0.5384615384615384
Season-4,41e108a5-4e2f-42cf-9ea1-87bf3c0a2b7f,"Nissa, Who Shakes the World",71.0,32.0,0.4507042253521127
Season-4,4216656e-90e8-45fc-a0f6-0d0d79d0a021,Shelldock Isle,80.0,35.0,0.4375
Season-4,425bff89-ad15-4d22-bce9-a4a07dbafd87,Bomat Courier,0.0,0.0,0.0
Season-4,43aa7e35-55ee-4e02-a8aa-ea2b267055d1,Woodfall Primus,81.0,41.0,0.5061728395061729
Season-4,441f8b2f-c8cb-4340-a92f-116c2276e906,Frantic Search,69.0,34.0,0.4927536231884058
Season-4,44afd414-cc69-4888-ba12-7ea87e60b1f7,Craterhoof Behemoth,63.0,32.0,0.5079365079365079
Season-4,45026d57-0324-4312-8b86-2e7d4f581ee9,Marsh Flats,111.0,59.0,0.5315315315315315
Season-4,453de664-0f09-4772-a626-51d58d1173f3,Cogwork Librarian,0.0,0.0,0.0
Season-4,45fd6e91-df76-497f-b642-33dc3d5f6a5a,Mox Ruby,110.0,57.0,0.5181818181818182
Season-4,470ca3f4-29aa-4c4c-8ff2-8cdd70c69943,Field of the Dead,0.0,0.0,0.0
Season-4,4720b4f2-e6af-4223-9250-a0ed21ed5693,Pest Infestation,88.0,35.0,0.3977272727272727
Season-4,4742800a-4872-4c2d-b884-01e0ba16950c,,0.0,0.0,0.0
Season-4,47a6234f-309f-4e03-9263-66da48b57153,Solitude,100.0,60.0,0.6
Season-4,47c8e6c4-450b-4f8b-b897-5808fe935a90,Vampire Hexmage,39.0,18.0,0.4615384615384615
Season-4,4820d223-4ea1-4850-931c-3d2ab5eb003b,Birthing Ritual,32.0,16.0,0.5
Season-4,486d7edc-d983-41f0-8b78-c99aecd72996,"Otawara, Soaring City",41.0,20.0,0.4878048780487805
Season-4,487116ab-b885-406b-aa54-56cb67eb3ca5,Scavenging Ooze,62.0,29.0,0.4677419354838709
Season-4,492b368b-de32-45c1-8459-238aae54f9fc,Unmarked Grave,55.0,23.0,0.4181818181818181
Season-4,493a5ca7-5f90-4af4-b6db-43ae09a2f2c9,Dark Ritual,86.0,47.0,0.5465116279069767
Season-4,49bb0ad3-1082-41f1-82a4-52a4006cc9b6,"Leovold, Emissary of Trest",50.0,30.0,0.6
Season-4,4a08ca06-58db-4ce6-b490-be4bea8956a1,Sensei's Divining Top,53.0,27.0,0.5094339622641509
Season-4,4a0bb5dc-75a6-4bd6-81f8-611197fb0fba,Nettlecyst,51.0,17.0,0.3333333333333333
Season-4,4a1f905f-1d55-4d02-9d24-e58070793d3f,"Atraxa, Grand Unifier",99.0,53.0,0.5353535353535354
Season-4,4a706ecf-3277-40e3-871c-4ba4ead16e20,Wrenn and Six,78.0,37.0,0.4743589743589743
Season-4,4acaef84-55d1-43dc-b10a-696182e6709b,Repeal,68.0,30.0,0.4411764705882353
Season-4,4acf970d-d2d7-413d-aba7-587ee53d8d5c,Stomping Ground,105.0,65.0,0.6190476190476191
Season-4,4b0bd07e-cf80-4d64-af29-f4cec6632b3e,Perilous Landscape,28.0,17.0,0.6071428571428571
Season-4,4b4956a2-9a39-4152-9c98-70e4b2acfa26,Miscalculation,120.0,61.0,0.5083333333333333
Season-4,4c6cf93a-d073-48ac-88db-c46bf3e10beb,Generous Plunderer,66.0,31.0,0.4696969696969697
Season-4,4c732dc7-dd6b-4cc1-bbe0-ff3b1d2c7419,Animate Dead,94.0,51.0,0.5425531914893617
Season-4,4cbdacc1-7a1b-4633-85f5-eb50c2bf406d,Snapcaster Mage,75.0,34.0,0.4533333333333333
Season-4,4ced112a-e775-4f97-97b3-74877e9dce12,Dragon's Rage Channeler,57.0,32.0,0.5614035087719298
Season-4,4df8aabc-7fcb-4b7b-980b-18f499e6c170,Hullbreacher,94.0,43.0,0.4574468085106383
Season-4,4e117771-5a8b-4812-b487-32ba34b7f724,Giver of Runes,100.0,54.0,0.54
Season-4,4e4b6e22-93b2-4896-bba5-0ceaa5d8ea3c,"Yavimaya, Cradle of Growth",10.0,7.0,0.7
Season-4,4e4fb50c-a81f-44d3-93c5-fa9a0b37f617,"Omnath, Locus of Creation",74.0,39.0,0.527027027027027
Season-4,4f84b838-b8f1-4b9a-a19f-479594f9d427,Qasali Pridemage,48.0,20.0,0.4166666666666667
Season-4,504a69eb-3c2d-4bb1-b117-252b15acf0c2,Mana Confluence,88.0,46.0,0.5227272727272727
Season-4,508a8735-642c-4f22-bbd9-4a189d93e7b7,Thran Dynamo,0.0,0.0,0.0
Season-4,50bc0f5b-7421-45b9-af85-86dd9821b7d8,Soulherder,31.0,15.0,0.4838709677419355
Season-4,522aa72b-2b8c-484c-872b-f082101cee35,Get Lost,106.0,45.0,0.4245283018867924
Season-4,5260f8ae-805b-4eae-badf-62de0f768867,Hedge Maze,31.0,15.0,0.4838709677419355
Season-4,52d3005f-a1c7-4ef5-911f-ccc0752f4181,Faerie Mastermind,105.0,46.0,0.4380952380952381
Season-4,52eef0d6-24b7-40b7-8403-e8e863d0cd55,"Bristly Bill, Spine Sower",113.0,54.0,0.4778761061946903
Season-4,53d4fd57-74b6-42c7-88b1-110e5a8dfc3c,Spell Pierce,56.0,29.0,0.5178571428571429
Season-4,5427d8a6-ac9e-4e50-bd39-81713b2ade25,Fatal Push,90.0,53.0,0.5888888888888889
Season-4,54a3ea87-005e-4985-b2a5-21711d0b71c0,Springheart Nantuko,89.0,44.0,0.4943820224719101
Season-4,54f449ff-4025-465e-9ec5-a5cf42c4c9d3,Xander's Lounge,100.0,52.0,0.52
Season-4,551c0a45-9515-4e51-84e5-79703832a661,Expedition Map,61.0,30.0,0.4918032786885246
Season-4,553fb946-2706-475b-89f9-e4355ec9ea2b,March of Otherworldly Light,66.0,22.0,0.3333333333333333
Season-4,55707746-da6e-46e5-a5ca-7ac843fdc38e,"Phelia, Exuberant Shepherd",106.0,53.0,0.5
Season-4,55d35442-5ca0-4fd7-8ff1-b7347b3e6690,Piggy Bank,58.0,35.0,0.603448275862069
Season-4,564caf57-4ba5-4993-a35e-945699c94eb7,Toxic Deluge,60.0,27.0,0.45
Season-4,568dd5a6-86f4-4039-87d7-812120c8ab94,Triplicate Titan,67.0,35.0,0.5223880597014925
Season-4,56995b84-2307-4955-9c7c-dc4f04acdc07,Inquisition of Kozilek,120.0,68.0,0.5666666666666667
Season-4,57fb0fa7-0c5c-4a75-9461-c51403c30282,Foreboding Landscape,20.0,9.0,0.45
Season-4,586a4c31-65c7-4c7f-b5f6-74b105b2a629,Trinket Mage,50.0,23.0,0.46
Season-4,58c1e824-c8a9-4312-8e4c-a29a26d189a4,"Ugin, the Spirit Dragon",22.0,12.0,0.5454545454545454
Season-4,59faa45d-868b-4bc7-934c-0e077642e129,Loran of the Third Path,41.0,26.0,0.6341463414634146
Season-4,5a077de0-1893-40d0-a499-ee2e6e2258f1,Legion Extruder,48.0,27.0,0.5625
Season-4,5a10b543-d5d4-42a8-9ee8-dada59a2ad7e,"Saheeli, Sublime Artificer",57.0,21.0,0.3684210526315789
Season-4,5ab21006-7f61-49e0-8b6a-0397c5d4c3bd,Imperial Seal,100.0,54.0,0.54
Season-4,5ad36fb2-c44e-4085-ba0d-54277841ad3a,Lurrus of the Dream-Den,76.0,39.0,0.5131578947368421
Season-4,5ad67b3c-cd5a-497b-8639-9b844e8d517a,Mind Twist,79.0,38.0,0.4810126582278481
Season-4,5b8127b5-3a65-411a-84bc-54e5c1be1477,Anointed Peacekeeper,0.0,0.0,0.0
Season-4,5b8ba842-c662-4686-bca3-93ddb7fa11a6,Mother of Runes,101.0,51.0,0.504950495049505
Season-4,5bb3cb5c-8d66-4f5e-a9a9-917e6045f024,Flickerwisp,58.0,23.0,0.396551724137931
Season-4,5c70da33-ce5d-4b8b-9c1d-9a356a7e196f,Grave Titan,67.0,32.0,0.4776119402985074
Season-4,5c8a8dbb-cba7-4e1d-8888-73ab6f4aff07,Devoted Druid,0.0,0.0,0.0
Season-4,5cb76266-ae50-4bbc-8f96-d98f309b02d3,"Teferi, Time Raveler",52.0,27.0,0.5192307692307693
Season-4,5d10b752-d9cb-419d-a5c4-d4ee1acb655e,"Teferi, Hero of Dominaria",64.0,27.0,0.421875
Season-4,5da578b8-19e6-4068-9336-e7cd33c585f1,Retrofitter Foundry,66.0,25.0,0.3787878787878788
Season-4,5de097e5-e960-4404-a370-defe93ce892f,Oracle of Mul Daya,58.0,30.0,0.5172413793103449
Season-4,5eccf31d-869d-4003-a92b-71b4f4b479ee,Strix Serenade,58.0,31.0,0.5344827586206896
Season-4,5f1cdcba-a04a-4a2f-8bc1-0dd7fa03754d,Exhume,58.0,34.0,0.5862068965517241
Season-4,5f608efc-0dbc-4cc3-aadd-ed473bfc29ab,Portal to Phyrexia,61.0,21.0,0.3442622950819672
Season-4,5f6927e1-c580-483a-8e2a-6e2deb74800e,Mox Jet,96.0,55.0,0.5729166666666666
Season-4,5f7687b1-630a-4e95-89c7-eaf456d8cb68,,0.0,0.0,0.0
Season-4,600dca0f-5964-45e7-86df-f16a5b4a0106,General Ferrous Rokiric,0.0,0.0,0.0
Season-4,605c2218-9d12-4ac3-a721-fca590b89847,Karakas,105.0,59.0,0.5619047619047619
Season-4,60d0e6a6-629a-45a7-bfcb-25ba7156788b,Elvish Mystic,109.0,57.0,0.5229357798165137
Season-4,612b2e6e-fe8d-49ad-b845-6fa7fa59ffd1,Concealing Curtains // Revealing Eye,79.0,47.0,0.5949367088607594
Season-4,6151b583-3aa7-4be8-9d05-d5e53f19c6c9,Fastbond,104.0,43.0,0.4134615384615384
Season-4,6171e136-1167-4329-acb2-6853d3a814e5,Goblin Welder,33.0,11.0,0.3333333333333333
Season-4,61a28870-cf78-4323-9d82-cee764067764,Lightning Greaves,41.0,21.0,0.5121951219512195
Season-4,62b3f560-262b-4bc3-9aef-535fd7082c28,Vaultborn Tyrant,50.0,24.0,0.48
Season-4,62d37423-3445-412a-9abd-0480da404637,Phyrexian Fleshgorger,78.0,39.0,0.5
Season-4,63af3c26-5b1f-46f6-9aa2-036c615bf5ea,Flash,61.0,28.0,0.4590163934426229
Season-4,63c59228-c742-4abd-b4d7-9f7880190e95,Windswept Heath,110.0,52.0,0.4727272727272727
Season-4,641b21e1-9188-4bc3-96e8-cda2acbc5ed5,Time Spiral,98.0,49.0,0.5
Season-4,652236c2-84ef-45e4-b5fc-ed6170bc3d6c,Meticulous Archive,42.0,19.0,0.4523809523809524
Season-4,658cfcb7-81b7-48c6-9dd2-1663d06108cf,Fountainport,10.0,4.0,0.4
Season-4,661fc907-7003-45c6-820c-9616e9a71c30,Seething Landscape,21.0,16.0,0.7619047619047619
Season-4,66386fe8-9d3c-47f7-9cd3-4cd30051535f,Restless Spire,0.0,0.0,0.0
Season-4,66d80dd1-b944-4cb2-8578-b4dbcabbbc1e,Ophiomancer,60.0,31.0,0.5166666666666667
Season-4,671c008a-8ff8-42d7-9e03-6d8a9ddace67,Faithless Looting,59.0,24.0,0.4067796610169492
Season-4,672b9b16-daef-44e6-9a3a-cfd9f3c78bc7,Pentad Prism,91.0,44.0,0.4835164835164835
Season-4,68841ca8-a043-4f30-9a17-e983ed960bc2,Demonic Tutor,109.0,63.0,0.5779816513761468
Season-4,68924203-c3d9-41ce-8ca8-c6dd491eb3ca,Psychic Frog,108.0,58.0,0.5370370370370371
Season-4,68c72226-6f52-4322-8b14-18737293dfa0,Bloodstained Mire,81.0,38.0,0.4691358024691358
Season-4,6920c895-bc98-4871-a53f-219fa27a74e5,Occult Epiphany,97.0,50.0,0.5154639175257731
Season-4,6982a82c-dd32-40d2-8dd2-ec92d0fc6c2d,Phyrexian Revoker,56.0,25.0,0.4464285714285714
Season-4,6989018c-37b1-4282-a4af-9cc97f160b4d,Oliphaunt,111.0,65.0,0.5855855855855856
Season-4,69af2825-18c2-4463-b6ba-42eaa070ccc1,"Grist, the Hunger Tide",61.0,33.0,0.5409836065573771
Season-4,69c1b656-1d67-499c-bf0f-417682a86c7d,Shadowy Backstreet,33.0,12.0,0.3636363636363636
Season-4,69c53264-1cf7-4147-b553-4863f0dda08f,Horizon Canopy,0.0,0.0,0.0
Season-4,69c68c95-b788-43b1-9f22-1b22c5a00b25,Deep-Cavern Bat,109.0,52.0,0.4770642201834862
Season-4,6a058e68-70af-4a64-859c-c881e5578368,Chrome Mox,100.0,51.0,0.51
Season-4,6aa5cc65-f8f1-4f6f-8b4e-2fedccbda684,"Rofellos, Llanowar Emissary",39.0,18.0,0.4615384615384615
Season-4,6bbf7394-9b17-45f8-a25b-d865e8452b2c,Steamcore Scholar,85.0,33.0,0.388235294117647
Season-4,6bcafc2e-cef6-412d-8c5d-1658c3337292,Overlord of the Mistmoors,30.0,15.0,0.5
Season-4,6be9b1d5-9ab8-4adb-ba54-2c0117e842fa,Mox Opal,78.0,26.0,0.3333333333333333
Season-4,6cc73d16-5ed7-4104-91f6-0997a2080e2e,Embereth Shieldbreaker // Battle Display,51.0,23.0,0.4509803921568627
Season-4,6d964876-194b-49f1-8e74-cfe9269f2c62,Dryad of the Ilysian Grove,0.0,0.0,0.0
Season-4,6da09e6a-2965-4855-bd41-41b41ba188fb,Through the Breach,40.0,26.0,0.65
Season-4,6efb6a69-562c-4d95-858d-b067444cfd7e,Palantír of Orthanc,70.0,35.0,0.5
Season-4,6f11029a-b24d-4248-834f-b852b56857f6,Biogenic Ooze,79.0,35.0,0.4430379746835443
Season-4,6f26faca-f338-4ce5-a218-6a61d40fc50a,Tendrils of Agony,30.0,20.0,0.6666666666666666
Season-4,6fd672bb-18cf-44e3-8dda-5310b1e0fffe,Godless Shrine,80.0,44.0,0.55
Season-4,70496f16-c4c0-4c03-beef-454eb4824cd1,Deathrite Shaman,19.0,6.0,0.3157894736842105
Season-4,7054012b-4f9d-44a0-aaf9-7fd3bddc7b2d,Slickshot Show-Off,70.0,39.0,0.5571428571428572
Season-4,70719e7b-6f02-4c1a-9f11-79b2b0d9846a,Dust Animus,66.0,26.0,0.3939393939393939
Season-4,70d8fd1a-8756-4e11-9235-ca119bd11dab,Cabal Ritual,0.0,0.0,0.0
Season-4,70e33f45-7d47-423b-a123-8541f1d1afb4,Lingering Souls,83.0,47.0,0.5662650602409639
Season-4,71384418-173a-4f77-adab-56e52fa23692,Delighted Halfling,80.0,36.0,0.45
Season-4,716a44b4-f6b0-4f14-a270-6442aed3251f,"Raffine, Scheming Seer",21.0,10.0,0.4761904761904761
Season-4,729daf0e-b822-41bd-a908-ca8ec34032f0,Tropical Island,67.0,32.0,0.4776119402985074
Season-4,72c6d541-e2cb-4d6e-acac-90a8f53b7006,Elegant Parlor,89.0,51.0,0.5730337078651685
Season-4,73cc6df4-3564-4ace-bf8a-eac3e62d725a,Ursine Monstrosity,48.0,24.0,0.5
Season-4,748e6a61-9c1f-4225-9f04-e54002f63ac3,Savai Triome,50.0,25.0,0.5
Season-4,74b4c336-5d4c-4bc5-b82a-35084a6ad808,Spellseeker,39.0,18.0,0.4615384615384615
Season-4,74d29b3d-f588-431d-bf4e-f7215683ab39,Tangle Wire,86.0,35.0,0.4069767441860465
Season-4,758f95f8-bcb0-43ae-b474-56ebd855951e,Lion's Eye Diamond,101.0,52.0,0.5148514851485149
Season-4,75fdce80-e338-4a50-bdc6-786511feaeef,Ziatora's Proving Ground,59.0,32.0,0.5423728813559322
Season-4,76ae81ea-13e3-4ab8-b956-4c7b139a5e9c,Corpse Dance,10.0,3.0,0.3
Season-4,76c3cad2-1e25-4abe-878d-9194de6fcc27,Guide of Souls,32.0,19.0,0.59375
Season-4,773199f9-c83b-4a77-8342-9f1552ecf595,Intrepid Adversary,70.0,35.0,0.5
Season-4,7740ff55-67bb-409e-90f7-2c2c8b8c770a,"Valgavoth, Terror Eater",36.0,19.0,0.5277777777777778
Season-4,7832abb5-5107-4603-904e-491b221bd3e3,Smuggler's Copter,71.0,36.0,0.5070422535211268
Season-4,78cef262-c753-4658-b3ec-fec8db47f944,Palace Jailer,107.0,56.0,0.5233644859813084
Season-4,79e6b8fc-6627-47ab-bfd1-7300e13debec,Raging Ravine,0.0,0.0,0.0
Season-4,7a4e1580-dd26-4f4b-ac98-3e6fa7b879d5,Patchwork Automaton,21.0,8.0,0.3809523809523809
Season-4,7aa37f85-5336-4372-97a2-9c8b00798c7a,Tough Cookie,41.0,15.0,0.3658536585365853
Season-4,7b54447f-1daf-4352-b5c3-3c0ec8b8f4d0,Unwanted Remake,38.0,18.0,0.4736842105263157
Season-4,7c024bae-5631-4e20-ac69-df392ac9e109,Orcish Bowmasters,97.0,55.0,0.5670103092783505
Season-4,7c353e83-4b63-4bc6-b029-273d2eca1f75,Upheaval,37.0,14.0,0.3783783783783784
Season-4,7c59e0cd-10a8-4a32-9c0a-a2c6ef1ed9a6,Unable to Scream,43.0,20.0,0.4651162790697674
Season-4,7c884e1e-fecb-4330-b3de-5fc2a60f7173,Kolaghan's Command,88.0,49.0,0.5568181818181818
Season-4,7d48d622-f397-4f31-b1a5-0c23f60aa71c,Mana Tithe,91.0,50.0,0.5494505494505495
Season-4,7eb39e97-53c2-4df0-9fb3-a3d6a24ec41f,Avacyn's Pilgrim,72.0,43.0,0.5972222222222222
Season-4,7f7e780e-fbc5-4dc0-b5c7-efcb8645c7c6,Ertai Resurrected,42.0,22.0,0.5238095238095238
Season-4,7fbdba12-1369-41ae-b0e9-c405c0f0a2e5,"Syr Ginger, the Meal Ender",0.0,0.0,0.0
Season-4,80c72839-0fa6-4b5f-83b7-6553ebf09bef,"Otharri, Suns' Glory",104.0,55.0,0.5288461538461539
Season-4,80fca8c0-ae3e-439e-b202-228b9f360e9a,Portable Hole,81.0,43.0,0.5308641975308642
Season-4,819a513c-3be6-4bdc-8ba6-1f7326a8f3ea,Fiery Confluence,73.0,46.0,0.6301369863013698
Season-4,82512813-8618-483b-a7f0-e6a611d9d487,,0.0,0.0,0.0
Season-4,825969b9-3c70-4fca-8cab-696e9ca7cdb2,Prismatic Ending,83.0,51.0,0.6144578313253012
Season-4,847a175e-ead1-4596-baf3-5f7f57859e0b,,0.0,0.0,0.0
Season-4,85a89077-b384-4fca-9d26-7297962c1541,Kappa Cannoneer,70.0,26.0,0.3714285714285714
Season-4,866b7fd4-86e3-4b42-b1ea-33bad0db1f9f,Prismari Command,50.0,25.0,0.5
Season-4,8683a978-1bef-4b01-9361-56b1fc157d26,Courser of Kruphix,91.0,37.0,0.4065934065934066
Season-4,86ecaedc-08f1-4de7-aae8-056df57940e0,Goblin Cratermaker,37.0,11.0,0.2972972972972973
Season-4,87cc2855-6b14-44dd-a398-7dc2bbae081f,Kaldra Compleat,57.0,33.0,0.5789473684210527
Season-4,87d5e94b-0b35-4efd-9158-1767dcaea38c,Witherbloom Command,49.0,18.0,0.3673469387755102
Season-4,8870ef0b-cb1f-463b-8509-fece4743d3d4,Ramunap Excavator,86.0,42.0,0.4883720930232558
Season-4,89af0f45-c11c-4f13-9950-b1489440ee5b,Chain Lightning,91.0,46.0,0.5054945054945055
Season-4,89f5cc05-5d9d-4709-b3c5-a6249c294acc,Hexdrinker,120.0,59.0,0.4916666666666666
Season-4,8a720448-017f-4f4a-9501-678245eaed17,Mishra's Bauble,65.0,35.0,0.5384615384615384
Season-4,8c2996d9-3287-4480-8c04-7a378e37e3cf,Flooded Strand,91.0,48.0,0.5274725274725275
Season-4,8c39f9b4-02b9-4d44-b8d6-4fd02ebbb0c5,"Narset, Parter of Veils",57.0,29.0,0.5087719298245614
Season-4,8ca3c48b-f104-4292-9a4e-2ce87a65893c,Mutavault,41.0,20.0,0.4878048780487805
Season-4,8d74a469-c71d-4773-99d3-5456b31df424,"Emrakul, the Promised End",0.0,0.0,0.0
Season-4,8db735ea-f9cf-4e3c-9200-4f180df55baa,Fractured Identity,74.0,34.0,0.4594594594594595
Season-4,8e42df9e-95f2-4c79-9274-2d16e3cd91f1,"Thalia, Guardian of Thraben",89.0,41.0,0.4606741573033708
Season-4,900c9dfd-ece1-4b09-a801-0fa05e1994b9,Fallen Shinobi,28.0,9.0,0.3214285714285714
Season-4,90107d10-e2aa-4cb7-a000-039f0c581b47,Simic Signet,60.0,22.0,0.3666666666666666
Season-4,907b3d1d-8c85-4707-80b5-c4d832df9846,Tishana's Tidebinder,54.0,28.0,0.5185185185185185
Season-4,90da33d4-fe9c-42fe-b326-2fe337dc3ecd,Blooming Marsh,0.0,0.0,0.0
Season-4,924a24e7-91b8-4ceb-a136-7a765d98c994,Mystic Forge,36.0,15.0,0.4166666666666667
Season-4,926916ed-2f22-4ba9-9427-194886ad6c1e,Urza's Cave,50.0,27.0,0.54
Season-4,928036c9-11b8-493e-b9f2-8fbd3487cd19,"Minsc & Boo, Timeless Heroes",95.0,47.0,0.4947368421052631
Season-4,93f99e67-901f-4c8d-8a09-e443b7eb928f,Archangel Elspeth,81.0,36.0,0.4444444444444444
Season-4,9417f14c-a853-42c6-a992-29139484260a,Ignoble Hierarch,79.0,38.0,0.4810126582278481
Season-4,94b67489-5eb0-4406-9bf3-27e50dc632eb,"Nadu, Winged Wisdom",49.0,22.0,0.4489795918367347
Season-4,94c6fdd8-21e7-48ae-aa05-a3666b928c1a,Timetwister,79.0,40.0,0.5063291139240507
Season-4,9503a1e6-f0bf-44d0-a28b-56fbfcff1ff2,Guardian of Ghirapur,43.0,10.0,0.2325581395348837
Season-4,95c14c4d-6c16-4826-8d93-d89ad04aee09,"Etali, Primal Conqueror // Etali, Primal Sickness",98.0,55.0,0.5612244897959183
Season-4,96b6b2e1-c3e6-464c-8a13-b15deb34e862,Aetherflux Reservoir,49.0,25.0,0.5102040816326531
Season-4,96c5607b-55fe-43c2-93fe-0084d84499d9,Deep Forest Hermit,40.0,20.0,0.5
Season-4,9721f8da-39ed-4ada-a571-61e08a86032b,Broadside Bombardiers,97.0,54.0,0.5567010309278351
Season-4,97b9bab9-12ee-4da5-9d53-d0b82d9279cd,Pyrite Spellbomb,60.0,27.0,0.45
Season-4,97d08a15-e61c-4421-a541-c68a4f87cb74,Forensic Gadgeteer,38.0,14.0,0.3684210526315789
Season-4,9814d8e8-c462-41ca-9909-1c659f488543,Lotus Petal,88.0,42.0,0.4772727272727273
Season-4,985453e7-997e-4d77-a338-cc0290791ebe,Finale of Devastation,63.0,27.0,0.4285714285714285
Season-4,985bdb0c-ce6c-4506-8163-76f3b2fdf5fb,Lose Focus,107.0,49.0,0.4579439252336448
Season-4,98e7bf8f-dba7-4005-8cee-634c9153931d,Phantasmal Image,73.0,30.0,0.410958904109589
Season-4,98fb1eaa-2871-491a-a4f5-3e358778ba40,Mindslaver,21.0,10.0,0.4761904761904761
Season-4,995486ce-58bb-4753-a812-0ca73ef1a235,Gitaxian Probe,97.0,39.0,0.4020618556701031
Season-4,99939b90-e88c-4c2f-ba78-56d455611703,Seachrome Coast,0.0,0.0,0.0
Season-4,99ff731b-8399-40c8-b539-ba6ba5783771,Wasteland,70.0,36.0,0.5142857142857142
Season-4,9a71531f-d4b6-4cc7-8193-b2f5bce33b21,Night Scythe,78.0,41.0,0.5256410256410257
Season-4,9a9a1df5-a4e8-49a4-aebe-ca93894ccfcf,Dimir Signet,58.0,27.0,0.4655172413793103
Season-4,9b32531e-c759-4603-abd0-1724e8df70db,Tribal Flames,9.0,1.0,0.1111111111111111
Season-4,9d3a7998-ccac-45ad-a4e9-3a2cb057f63b,Elite Spellbinder,107.0,62.0,0.5794392523364486
Season-4,9d48aaff-46ab-411b-9456-171d4709f951,Fear of Missing Out,78.0,41.0,0.5256410256410257
Season-4,9e7fb3c0-5159-4d1f-8490-ce4c9a60f567,"Urza, Lord High Artificer",80.0,28.0,0.35
Season-4,a15570c0-4210-4959-8584-987ec85f8283,Wight of the Reliquary,11.0,7.0,0.6363636363636364
Season-4,a1febcf1-afa4-4406-9ac1-5bf98b2765d2,Time Walk,86.0,37.0,0.4302325581395348
Season-4,a249b1f4-2b22-4b67-a207-e0c4ae95d2e1,Ketria Triome,85.0,38.0,0.4470588235294118
Season-4,a24e8dba-5c86-4e32-8a52-61402f7fe9f0,Containment Priest,47.0,28.0,0.5957446808510638
Season-4,a2c56479-4bee-4edb-80d7-4af010b7c793,Raffine's Tower,73.0,31.0,0.4246575342465753
Season-4,a3012af9-621d-4fae-b00d-079a89ae35fe,Harvester of Misery,41.0,20.0,0.4878048780487805
Season-4,a3aab13c-9d9d-4507-ae5d-da979990ae1b,Fiery Islet,0.0,0.0,0.0
Season-4,a3b1b58d-b7f1-404f-aec6-b19cef4bebbd,Unruly Krasis,29.0,13.0,0.4482758620689655
Season-4,a3bb2881-e8fb-4fba-a9f9-d93e6ca24378,"Laelia, the Blade Reforged",98.0,57.0,0.5816326530612245
Season-4,a50d79fe-6d37-42f3-b7b0-0c3018282fa2,End-Raze Forerunners,72.0,36.0,0.5
Season-4,a55c4d47-5252-40af-961d-c08bc688028a,Goblin Engineer,31.0,10.0,0.3225806451612903
Season-4,a6539e26-b63b-4725-9407-caaf451de084,Troll of Khazad-dûm,109.0,65.0,0.5963302752293578
Season-4,a7a8b6b8-b95f-4014-b17a-a6d44d965995,City of Traitors,86.0,40.0,0.4651162790697674
Season-4,a8069994-b103-40dc-9e14-062004914ec8,Cathar Commando,76.0,37.0,0.4868421052631579
Season-4,a9225cc3-90f0-448f-a8d9-7c6c2796d077,Sheoldred's Edict,61.0,33.0,0.5409836065573771
Season-4,a93e3406-4e29-4bc0-ae52-cbd2ac1f99a4,"Alesha, Who Laughs at Fate",10.0,6.0,0.6
Season-4,a9738cda-adb1-47fb-9f4c-ecd930228c4d,"Ragavan, Nimble Pilferer",87.0,53.0,0.6091954022988506
Season-4,aaae15dd-11b6-4421-99e9-365c7fe4a5d6,Embercleave,76.0,35.0,0.4605263157894737
Season-4,aac0c8df-f01d-4178-8d66-ee603f814d24,Mishra's Workshop,40.0,16.0,0.4
Season-4,ab1d1461-1625-4163-aacd-a939f4871fad,Staff of the Storyteller,58.0,23.0,0.396551724137931
Season-4,ab9f6a1b-8467-4584-affd-8c71d3e34d2f,"Akal Pakal, First Among Equals",58.0,20.0,0.3448275862068966
Season-4,ac07e230-0297-4e1d-bdfe-119010e0ad8e,Silent Clearing,0.0,0.0,0.0
Season-4,aced2c55-7543-4076-bcdd-36c4d649b8ae,Mox Emerald,110.0,55.0,0.5
Season-4,ad30aec2-cb67-4c92-9694-d33bef1884ee,"Daretti, Ingenious Iconoclast",0.0,0.0,0.0
Season-4,af09af65-0a3b-42df-b0fd-372e2158beac,Academy Ruins,49.0,18.0,0.3673469387755102
Season-4,af7091c9-5f98-4078-a42b-c9e057346d9b,Hallowed Fountain,58.0,26.0,0.4482758620689655
Season-4,b045c28a-39f9-4cd9-8f3a-a626b697f409,Cathartic Pyre,81.0,42.0,0.5185185185185185
Season-4,b0f61742-522c-4b36-97db-41d0c412a072,Nexus of Becoming,22.0,12.0,0.5454545454545454
Season-4,b256ddc8-8b12-434c-a610-1a872e948f2f,White Plume Adventurer,99.0,55.0,0.5555555555555556
Season-4,b277752b-430a-4f09-8a98-b72f813dd52e,Bountiful Landscape,20.0,12.0,0.6
Season-4,b34bf7fd-9fe3-43e2-8cfe-7ce7cff08afe,Stonecoil Serpent,78.0,33.0,0.4230769230769231
Season-4,b3da28c7-6e92-439d-a163-91682d4f11dc,Shattered Landscape,19.0,11.0,0.5789473684210527
Season-4,b3dd3c7d-4685-4579-b483-14ddaaaddf5b,Scythecat Cub,39.0,20.0,0.5128205128205128
Season-4,b50e1800-a45c-43bd-8886-8a06145d9346,Recurring Nightmare,69.0,29.0,0.4202898550724637
Season-4,b51666ae-2aef-4cb1-9cd4-44aec81530f8,Griselbrand,0.0,0.0,0.0
Season-4,b598c93e-dae1-4d71-a9e4-917abf76d2d0,Raucous Theater,60.0,34.0,0.5666666666666667
Season-4,b5aaaee0-9a61-45df-821e-cce516f8de6a,Old One Eye,61.0,30.0,0.4918032786885246
Season-4,b689a206-aec3-4a31-95cf-3d4b840db04c,Securitron Squadron,75.0,31.0,0.4133333333333333
Season-4,b6cb2549-e485-44d6-9d65-7605c568909e,Unearth,65.0,37.0,0.5692307692307692
Season-4,b768efa2-e56b-4a7e-ace8-d673f10e0714,Birthing Pod,41.0,25.0,0.6097560975609756
Season-4,b7f16fdf-a3f5-462d-a64a-789d893b6ef5,Batterskull,58.0,31.0,0.5344827586206896
Season-4,b83cfbaa-7890-4f6f-878b-4edb45677371,Skyclave Apparition,92.0,53.0,0.5760869565217391
Season-4,b841bfa8-7c17-4df2-8466-780ab9a4a53a,Fabled Passage,80.0,39.0,0.4875
Season-4,b85e0aed-bfb2-4aa8-a754-849c4d9a6a58,Restless Bivouac,0.0,0.0,0.0
Season-4,b90331d4-74f0-43bf-8ed2-f8616d782859,Basalt Monolith,38.0,12.0,0.3157894736842105
Season-4,bb078448-9e9f-4994-8aff-7e7c4fb62efc,,0.0,0.0,0.0
Season-4,bb142d99-b210-47c8-897c-be62f90d2192,Mishra's Research Desk,31.0,7.0,0.2258064516129032
Season-4,bb41ff5c-9617-4033-a4fa-99323640b9c3,Duress,99.0,62.0,0.6262626262626263
Season-4,bb9ad57f-cca2-4717-a951-cbe3c7782efe,Recruiter of the Guard,81.0,48.0,0.5925925925925926
Season-4,bbac6d75-59ab-4d7d-87ae-46875abf8cc7,Zurgo Bellstriker,0.0,0.0,0.0
Season-4,bbec97ff-bb84-4496-9e09-d4fc1570c516,Mawloc,79.0,46.0,0.5822784810126582
Season-4,bce84a87-093a-42de-9696-8c3250e0f33b,Goblin Rabblemaster,57.0,33.0,0.5789473684210527
Season-4,bd3d4b4b-cf31-4f89-8140-9650edb03c7b,Ancient Tomb,68.0,39.0,0.5735294117647058
Season-4,bd8fa327-dd41-4737-8f19-2cf5eb1f7cdd,Black Lotus,102.0,63.0,0.6176470588235294
Season-4,bdb41396-5008-4a5f-92ca-54ecac42e926,Cave of the Frost Dragon,38.0,18.0,0.4736842105263157
Season-4,be77b98a-dd79-477c-8ab2-7ebf5637a89e,Headliner Scarlett,80.0,40.0,0.5
Season-4,bf220c06-3cce-4bdd-aa58-83940c223e9c,Commercial District,47.0,26.0,0.5531914893617021
Season-4,bf4b9a8a-b42a-46fb-b0d0-9cf800f63c8a,"Emry, Lurker of the Loch",66.0,21.0,0.3181818181818182
Season-4,c17816e8-28b1-4295-a637-efb0e5c18873,Lush Portico,77.0,28.0,0.3636363636363636
Season-4,c1e0f201-42cb-46a1-901a-65bb4fc18f6c,Urza's Saga,71.0,33.0,0.4647887323943662
Season-4,c2089ec9-0665-448f-bfe9-d181de127814,Brazen Borrower // Petty Theft,96.0,44.0,0.4583333333333333
Season-4,c36820fa-ee86-4206-9a0d-737a67cf5208,Sunbaked Canyon,0.0,0.0,0.0
Season-4,c3896705-bbd2-4ffb-a590-ee78e0eabdc5,Long Goodbye,77.0,36.0,0.4675324675324675
Season-4,c3b92caa-3401-4b11-9515-152f3e057c05,"Koma, World-Eater",17.0,3.0,0.1764705882352941
Season-4,c4fffacd-81c7-44b8-9b59-2c7210022c14,Augur of Autumn,69.0,21.0,0.3043478260869565
Season-4,c78da035-6b5b-4136-9ab6-f622b64fdc54,Unstoppable Slasher,83.0,36.0,0.4337349397590361
Season-4,c7bbb911-9de2-455d-9677-e1004db65dbd,"Chandra, Torch of Defiance",98.0,49.0,0.5
Season-4,c8090bcf-e17a-4110-a518-77ccd045b18f,Charming Scoundrel,87.0,46.0,0.5287356321839081
Season-4,c86b8a75-9e31-4a44-95b8-c83b9a49646f,Ocelot Pride,122.0,65.0,0.5327868852459017
Season-4,c8769e97-aee8-4466-a9d7-0f4245ae4a97,Concealed Courtyard,0.0,0.0,0.0
Season-4,ca4c8b04-66af-4cb3-8003-9088d8344b20,Alpha Deathclaw,19.0,8.0,0.4210526315789473
Season-4,cb7b6fb5-4d38-4734-b46f-923322cff24e,,0.0,0.0,0.0
Season-4,cb94a02f-4660-45b6-8a39-941b710cf8f3,Collective Brutality,96.0,49.0,0.5104166666666666
Season-4,cbac1d27-15e2-4e2f-82ab-625a16e096cb,Enlightened Tutor,28.0,12.0,0.4285714285714285
Season-4,cc520518-2063-4b57-a0d4-10cf62a7175e,Zagoth Triome,99.0,46.0,0.4646464646464646
Season-4,cc5338e1-26a6-466e-9393-788f69370e15,,0.0,0.0,0.0
Season-4,cd062615-648f-4cc7-9373-520f3f6a90e3,Spitting Dilophosaurus,35.0,16.0,0.4571428571428571
Season-4,cda40e31-ba99-4565-ad92-7c687ff44bd9,"Daretti, Scrap Savant",20.0,7.0,0.35
Season-4,ce54c7c1-3401-4414-8da0-5846cb0ae1b4,Channel,40.0,18.0,0.45
Season-4,ce648aa3-098b-4af0-a433-fd290bc85904,Balance,29.0,19.0,0.6551724137931034
Season-4,cea3b218-0e6e-443a-84f7-380f1021e8e1,Barrowgoyf,106.0,54.0,0.5094339622641509
Season-4,cf14de50-d123-400c-862e-2c95fd2aa23f,Oath of Druids,0.0,0.0,0.0
Season-4,cf3eb762-6c3f-4b11-a4f9-968f79370217,Mystic Confluence,60.0,30.0,0.5
Season-4,d0e3e7b3-7ba9-47a2-b46c-a40bffb445e2,Twisted Landscape,9.0,1.0,0.1111111111111111
Season-4,d1ee8ead-df6a-4c02-83f7-2902d97132b8,,0.0,0.0,0.0
Season-4,d2124603-d20e-40eb-97f0-a66323397ac2,Bolas's Citadel,30.0,17.0,0.5666666666666667
Season-4,d2507bc2-da17-4e46-b4c5-ba0080ce2c6f,Rishadan Port,52.0,25.0,0.4807692307692308
Season-4,d2e27911-87cb-49a0-a34f-6afe4bddd592,Phyrexian Metamorph,92.0,43.0,0.4673913043478261
Season-4,d40b65c1-b24d-492d-81b9-d8474ebdc08c,Sylvan Caryatid,98.0,43.0,0.4387755102040816
Season-4,d51269cf-a333-4a64-94cd-245798d840d2,Elder Gargaroth,92.0,49.0,0.532608695652174
Season-4,d5806e68-1054-458e-866d-1f2470f682b2,The One Ring,96.0,43.0,0.4479166666666667
Season-4,d58d3545-043a-457a-8324-facc3c2363ec,Overlord of the Boilerbilges,29.0,14.0,0.4827586206896552
Season-4,d5c782cc-c951-4c6f-a93f-774ae6c1c214,Shallow Grave,56.0,25.0,0.4464285714285714
Season-4,d5dfc25d-a17b-4ead-9484-e8a18b8fa176,,0.0,0.0,0.0
Season-4,d67be074-cdd4-41d9-ac89-0a0456c4e4b2,"Sheoldred, the Apocalypse",86.0,50.0,0.5813953488372093
Season-4,d6ec3293-b09e-4931-ac4e-dc5eac0ca004,Mana Vault,109.0,56.0,0.5137614678899083
Season-4,d79b8974-796c-4f88-a0cb-5afbaf26fd24,Digsite Engineer,0.0,0.0,0.0
Season-4,d7a8cc1d-aabb-4eb6-b0f1-6c93ec246f61,Court of Garenbrig,80.0,38.0,0.475
Season-4,d91a527d-51f1-4fb1-9016-fc923fd43a6a,Azorius Signet,25.0,14.0,0.56
Season-4,dcb94950-3f3e-4876-84f8-d5e4d9cfecee,Charming Prince,76.0,35.0,0.4605263157894737
Season-4,de0e01e4-e143-47fd-8565-7b48219bb546,Goldvein Hydra,72.0,31.0,0.4305555555555556
Season-4,df3784d4-80cd-4f78-afb3-d61f3bab5b2c,Zealous Conscripts,108.0,61.0,0.5648148148148148
Season-4,df9d9075-2d1e-4848-b661-816d539e05eb,Emperor of Bones,99.0,59.0,0.5959595959595959
Season-4,dfdabdda-bd46-4ea2-8b37-5d7f6cec6aff,,0.0,0.0,0.0
Season-4,e16ab44e-4257-4c0c-b705-8ac1e9c1d835,Touch the Spirit Realm,27.0,12.0,0.4444444444444444
Season-4,e2312c49-1627-47ad-8113-78a999a97d8d,Contaminated Landscape,46.0,18.0,0.391304347826087
Season-4,e419cd0b-2449-4cc5-9ead-b9e45e271700,"Phlage, Titan of Fire's Fury",47.0,19.0,0.4042553191489361
Season-4,e41cf82d-3213-47ce-a015-6e51a8b07e4f,Questing Beast,104.0,48.0,0.4615384615384615
Season-4,e4e6794a-feeb-4fc8-a2ee-38c75c18aaae,Heartless Act,81.0,36.0,0.4444444444444444
Season-4,e5145f31-a4ac-44ef-8f85-e4d95f2c9ff5,Library of Alexandria,117.0,56.0,0.4786324786324786
Season-4,e530388b-eb19-4211-abd8-8a4c3c38c3af,Darkslick Shores,0.0,0.0,0.0
Season-4,e58e681e-a069-4414-aafe-634c7987fd0d,Swords to Plowshares,108.0,49.0,0.4537037037037037
Season-4,e5f3161d-3f69-4b06-ab73-c31fc0c1520c,Restless Vinestalk,0.0,0.0,0.0
Season-4,e628e89b-bee9-408d-bb05-1784fda6b8a1,Restless Vents,0.0,0.0,0.0
Season-4,e6befbc4-1320-4f26-bd9f-b1814fedda10,Grief,106.0,51.0,0.4811320754716981
Season-4,e7b3ddca-69ef-4743-897b-57c58077db24,Time Warp,81.0,42.0,0.5185185185185185
Season-4,e9a268ba-c442-4fe4-90b4-2810c8474f4e,Caustic Bronco,0.0,0.0,0.0
Season-4,e9be371c-c688-44ad-ab71-bd4c9f242d58,Force of Negation,65.0,26.0,0.4
Season-4,ea1feac0-d3a7-45eb-9719-1cdaf51ea0b6,Mox Sapphire,96.0,56.0,0.5833333333333334
Season-4,ea7e7daf-7c06-4c74-8bcf-e42c1f611861,Virtue of Loyalty // Ardenvale Fealty,38.0,14.0,0.3684210526315789
Season-4,ebc01ab4-d89a-4d25-bf54-6aed33772f4b,Force of Will,103.0,46.0,0.4466019417475728
Season-4,ebeafbc2-0399-4335-8f63-76a3e085e8c6,Evolved Sleeper,63.0,30.0,0.4761904761904761
Season-4,ec59ed99-ce40-489a-b776-8874bec60393,Trash for Treasure,39.0,12.0,0.3076923076923077
Season-4,eca092fc-7c67-4a73-989e-5297bbaaea76,Demand Answers,0.0,0.0,0.0
Season-4,eca8d6f8-c6f1-437c-99e2-4281eae14a6f,Fateful Absence,47.0,25.0,0.5319148936170213
Season-4,ed0216a0-c5c9-4a99-b869-53e4d0256326,Mox Pearl,105.0,56.0,0.5333333333333333
Season-4,ed557e51-32bd-476f-99f8-d7b1738495c5,Bloodthirsty Adversary,0.0,0.0,0.0
Season-4,ee8e9928-d9b2-4570-adb8-44b34115decd,Tireless Tracker,78.0,39.0,0.5
Season-4,eeeffc0b-dc92-458e-ad58-86ff6077a508,Sentinel of the Nameless City,62.0,35.0,0.5645161290322581
Season-4,efda91fa-03b2-4fb4-ae07-b45f6c6d3eab,Yawgmoth's Will,40.0,26.0,0.65
Season-4,f05e9a3e-8a35-4687-85cb-e31b3927a5e2,Daze,118.0,58.0,0.4915254237288136
Season-4,f1a21287-e244-4960-84fb-c4f6e5c346d9,Third Path Iconoclast,31.0,14.0,0.4516129032258064
Season-4,f1e5cafb-b0e6-4ee5-8c58-6f8e5ef2b9da,Virtue of Persistence // Locthwain Scorn,41.0,23.0,0.5609756097560976
Season-4,f20015ad-8fda-498f-ac28-1ffb824ab480,Caldaia Guardian,77.0,34.0,0.4415584415584415
Season-4,f231caf8-56c0-4719-a90d-5e5efbee3148,Den of the Bugbear,69.0,32.0,0.463768115942029
Season-4,f252ae53-443c-4a27-b8f0-639a9a2b8598,Pestermite,38.0,20.0,0.5263157894736842
Season-4,f33d3948-fe7b-4c3b-ab67-1022623fbb2b,"Toby, Beastie Befriender",51.0,24.0,0.4705882352941176
Season-4,f3537373-ef54-4578-9d05-6216420ee349,Esper Sentinel,93.0,47.0,0.5053763440860215
Season-4,f44e5128-e146-4e46-b313-a40d82719d1d,Spirit of the Labyrinth,41.0,21.0,0.5121951219512195
Season-4,f46a9329-7b91-441d-8653-50c1152c9120,"Kellan, Planar Trailblazer",30.0,16.0,0.5333333333333333
Season-4,f5881bbc-8600-464d-9dcd-5a7780918d1d,Galvanic Blast,66.0,36.0,0.5454545454545454
Season-4,f6929259-2903-4f6f-9b06-42048fd55c6a,,0.0,0.0,0.0
Season-4,f6ca59cd-8779-4a84-a54b-e863b79c61f0,Underground Mortuary,38.0,22.0,0.5789473684210527
Season-4,f6fb576e-a4a4-496b-b553-3f81cc651210,,0.0,0.0,0.0
Season-4,f823be95-bef4-4e86-a924-239be62394bf,Izzet Signet,59.0,29.0,0.4915254237288136
Season-4,f83ed433-fae3-4fa5-acad-bb8a5b535ce3,Coveted Jewel,52.0,24.0,0.4615384615384615
Season-4,f9246b68-580f-4f53-883d-7900880e4b0d,Six,52.0,21.0,0.4038461538461538
Season-4,f9287151-95df-4f5a-b32a-4b0aea825452,Karn Liberated,19.0,9.0,0.4736842105263157
Season-4,fa3b415f-7901-4ab4-84fe-60b90d40ac90,,0.0,0.0,0.0
Season-4,fa6ac7d2-0127-49a8-b7d2-a38308d3c27b,"Liliana, the Last Hope",46.0,23.0,0.5
Season-4,fa7a55aa-ae61-4933-b7a4-dcc55dac6fcd,"Inti, Seneschal of the Sun",96.0,54.0,0.5625
Season-4,fa7b7897-36e0-415a-8bb7-602886164852,Show and Tell,39.0,16.0,0.4102564102564102
Season-4,fa87bf1e-2062-4983-b1c4-98bffea69a4c,Pyrogoyf,105.0,57.0,0.5428571428571428
Season-4,fadb218d-29e2-42d1-a7a1-1066741d63ad,Mox Diamond,76.0,34.0,0.4473684210526316
Season-4,fc310a26-b6a0-4e42-98ab-bdfd7b06cb63,"Beza, the Bounding Spring",61.0,31.0,0.5081967213114754
Season-4,fd6ddbca-b943-49d6-b341-509bb72dd5a6,Primeval Titan,40.0,19.0,0.475
Season-4,fd97b3cf-924e-4f77-bb82-0bf19592389f,Dreadhorde Arcanist,52.0,30.0,0.5769230769230769
Season-4,fd99bce1-ce39-464b-8e61-2631eb3ed6f6,Tolarian Academy,67.0,24.0,0.3582089552238806
Season-4,fe30c0ff-f74b-456a-a61e-3720d84d713f,Parallax Wave,95.0,53.0,0.5578947368421052
Season-4,fe964e7e-e2c5-4263-889d-0a531eb51442,Luminarch Aspirant,98.0,55.0,0.5612244897959183
Season-4,febaaeae-5c0d-45fa-8169-b27b4996f18e,Chrome Host Seedshark,77.0,35.0,0.4545454545454545
Season-4,ff590af2-2d6c-4f16-a9b8-1a6dab6e9ad5,Echo of Eons,38.0,18.0,0.4736842105263157
Season-4,ff84ea71-e477-44f7-a3f8-77fef708efeb,Thieving Skydiver,84.0,41.0,0.4880952380952381
