"card_id","card_name","bayes_coef","bayes_se","bayes_n_games","bayes_or","bayes_or_lower","bayes_or_upper","bayes_significant","bayes_only","bayes_shrinkage_ratio"
"0020c31b-002a-4121-bc61-2c2c16e9afc8","Ornery Tumblewagg",-0.00351843288245125,0.0697865532085705,37,0.996487749549573,0.86909739997606,1.14255069113051,FALSE,TRUE,19.8345557639147
"00cb17a0-5a13-4d02-b7fb-f99531bc8ca5","Dark Depths",0.00473913523716778,0.0686067601600109,80,1.00475038269929,0.878332447972313,1.14936358535419,FALSE,TRUE,14.4766411437146
"00f9955f-a522-47bf-b064-92dd21a76b18","Solemn Simulacrum",-0.0288608431663547,0.0741136990765053,37,0.971551653111945,0.840192964942893,1.12344741511697,FALSE,TRUE,2.56796721597189
"01978fe5-00a9-4add-ae2a-b4c2572ffb9a","Vendilion Clique",-0.0126405958710653,0.0701216977806759,54,0.987438960893142,0.86063987687342,1.13291950290741,FALSE,TRUE,5.54734116143896
"01d1e394-1b0c-4b40-ba85-f55973703d41","Smirking Spelljacker",-0.00964263841393727,0.0678949513571971,81,0.990403702753866,0.866999617763672,1.13137246468307,FALSE,TRUE,7.04111763218904
"02138fbb-3962-4348-8d31-faaefba0b8b2","Raugrin Triome",-0.0245212287773693,0.0692330549489084,98,0.975776974146387,0.851958027829478,1.11759109272089,FALSE,TRUE,2.82339256231742
"02551196-ecea-472f-9547-3c9658d0489e","Ravenous Chupacabra",0.00275013611892311,0.069584164206965,27,1.0027539212123,0.874909500715962,1.14927935481763,FALSE,TRUE,25.3020800418462
"026e7167-d665-43d0-a51e-8df2d68cdb5e","Cecil, Dark Knight // Cecil, Redeemed Paladin",-0.0156805065791939,0.072161744710065,37,0.984441792492541,0.854603614590724,1.13400601900104,FALSE,TRUE,4.60200340758216
"02902fcc-eefc-4e81-aafd-59fa203a71d7","Eternal Witness",-0.00183568877009143,0.0720751327712249,21,0.998165995076042,0.866664842022371,1.14962013620073,FALSE,TRUE,39.2632639832704
"02c532e8-21f1-4d6f-a931-1ea48a6aeea2","Coalition Relic",-0.0228453030381376,0.0708137144435544,92,0.977413675004569,0.85074726250667,1.12293924904454,FALSE,TRUE,3.0997056298767
"02e8e540-8aa3-4e6a-9a11-c3949cab5f0f","Tezzeret, Cruel Captain",0.00311761353475868,0.0736211190794842,10,1.00312247834605,0.868333188844197,1.15883478771843,FALSE,TRUE,23.6145751417463
"0324641d-af55-4c53-b4dc-c8262e967da5","Volcanic Island",-0.0286750561772144,0.0689729265486974,99,0.971732171536839,0.848859162971673,1.11239114141625,FALSE,TRUE,2.40532838444809
"0463e989-ba32-4a46-a82f-e0d6daf3cd51","Sulfuric Vortex",-0.0283889246251867,0.0698503016677707,39,0.972010254553501,0.847643175041402,1.11462460004001,FALSE,TRUE,2.46047719630068
"05690d52-06c4-40b1-8360-380418a83250","The Aetherspark",0.00327713162696444,0.0737045656353156,27,1.00328250729347,0.868329683253668,1.15920923682971,FALSE,TRUE,22.4905722519261
"05812009-d1b8-4775-8188-f05cfdb4feed","Worn Powerstone",-0.0126944526385407,0.0750010255462717,9,0.987385782054662,0.852402485643316,1.14374453268741,FALSE,TRUE,5.90817325345453
"059164e1-894d-4586-9800-e60d6fbd6eb6","Shifting Woodland",0.00498914157522377,0.0692402075406541,64,1.00500160806579,0.877461968603221,1.15107921295168,FALSE,TRUE,13.8781805440245
"0596155d-8f83-40ca-be31-9a0df1ced65e","Wall of Omens",-0.0321438690973011,0.0705582029278741,37,0.968367253934251,0.843295417153929,1.11198889430345,FALSE,TRUE,2.19507498348412
"05bd329b-5707-42fc-af1c-084cc604e805","Imperial Recruiter",-0.00243666505546606,0.0689406287200406,46,0.997566301203082,0.871481800372573,1.14189249261495,FALSE,TRUE,28.2930263908817
"05e8a4ea-8c0d-4284-ac23-80e19fdde11d","Myr Battlesphere",-0.0322954022304583,0.0678554276528682,79,0.968220525327619,0.847646120999807,1.10594617546289,FALSE,TRUE,2.10108631466038
"0645f487-efe5-4764-b361-85e07bb5ccca","Ulamog, the Infinite Gyre",-0.000250805579458011,0.0708858298214403,20,0.999749225869632,0.870065283163744,1.14876266639733,FALSE,TRUE,282.632587259917
"07246783-d475-4f61-99ac-e2b574072349","Voice of Resurgence",-0.00993527539632186,0.0703896024287961,59,0.990113916406119,0.862518314450322,1.13658521916235,FALSE,TRUE,7.08481643647796
"0783b426-a527-42c1-9271-be28b229e1c6","Torsten, Founder of Benalia",0.00154446976836669,0.0707724911464469,29,1.00154566307606,0.871822341293882,1.15057124337714,FALSE,TRUE,45.8231637782655
"07a3d9e8-8597-498b-869c-cff79e0df516","Karn, Scion of Urza",-0.0279462181709752,0.0675697386773145,98,0.972440665032471,0.85181756047627,1.11014481373226,FALSE,TRUE,2.41784910802321
"07c17b01-ee5d-491a-8403-b3f819b778c4","Wishclaw Talisman",0.00186960296011886,0.0672836044290145,76,1.00187135175742,0.878089932549396,1.14310182620818,FALSE,TRUE,35.9881781663081
"07d8ae46-14ec-4878-ba8a-a47d4508c6d7","Zealous Persecution",0.0125261173235593,0.0689822164452168,26,1.01260489772503,0.884547532956736,1.15920133253808,FALSE,TRUE,5.50707091937214
"0a786855-6eb4-42c0-a528-4842db46809d","Stock Up",0.00935203400306683,0.0718890013981369,48,1.00939590091471,0.87673507891561,1.16212994014522,FALSE,TRUE,7.6869910197677
"0aa3a844-97e6-4f5d-a36f-56fea4e06932","Manglehorn",-0.0104920213647165,0.0710487942874617,16,0.989562827897296,0.860925196458222,1.13742122356807,FALSE,TRUE,6.77169744682284
"0c0e7131-db26-448d-afda-f48337a026f0","Pyroclasm",-0.00303287239639263,0.0710668144290196,20,0.996971722115064,0.867340341328701,1.14597761378701,FALSE,TRUE,23.4321808308019
"0c3bc412-689f-4385-807b-ed60d6276d76","Grim Monolith",-0.0393476009453546,0.0713145496071012,96,0.961416461786387,0.836002129898441,1.10564504555287,FALSE,TRUE,1.81242433830062
"0c3d7e2c-a104-4757-9984-fb31088f92c4","Cryptic Coat",-0.0270092404805175,0.0700149005324733,84,0.973352247240304,0.848539667270153,1.11652363908418,FALSE,TRUE,2.59225728998107
"0d08f5e4-d2d3-4659-86d4-a983d80e3b2c","Tundra",-0.00868417358345079,0.0660802102052893,99,0.991353424935889,0.870923282688477,1.12843649109752,FALSE,TRUE,7.60926869670325
"0d60eabe-b281-4eba-9c26-287364ed2067","Earthshaker Khenra",-0.00176566364797903,0.0662062387752538,83,0.998235894219055,0.876753067152492,1.13655137100764,FALSE,TRUE,37.4965180095501
"0e0d989d-7186-40dc-bdfe-cfbb77656bc8","Emrakul, the Aeons Torn",0.0151114510590576,0.0689301634352707,61,1.0152262063466,0.886927825439012,1.16208356586709,FALSE,TRUE,4.56145231625224
"0e606072-a3aa-4300-ba90-ec92a721fa76","Jace, the Mind Sculptor",-0.0218418461201902,0.068841819418078,93,0.978394959774605,0.854899114127711,1.11973059919366,FALSE,TRUE,3.15183153654955
"0e9aeaa8-9a75-4719-992f-cbb316f72175","Savannah",0.0445503568231369,0.0726307808964714,84,1.04555762634528,0.90682483452238,1.20551479005816,FALSE,TRUE,1.63030750089865
"0eee981e-5d26-4810-90e1-432f3c3107f2","Reclamation Sage",0.00106995550805158,0.0664966342146677,61,1.00107052811465,0.878742432505221,1.14042768983252,FALSE,TRUE,62.1489713490612
"0f3c8470-1cc8-4383-8782-c022867d46e8","Tezzeret, Agent of Bolas",-0.00673034044061169,0.0733859903366084,9,0.993292257574744,0.860220195266127,1.14694994884734,FALSE,TRUE,10.9037560557544
"0fb4c734-c698-46f2-bc78-5f036f472e5b","Unholy Annex // Ritual Chamber",-0.0239069652492751,0.0714389041882628,28,0.976376542480787,0.848803797729906,1.12312310012789,FALSE,TRUE,2.98820462753753
"0fe070f4-8877-4280-b8fd-869f3ac34ab6","Sheltering Landscape",-0.00139374925341603,0.0702304687615776,45,0.998607221563997,0.870188461807049,1.14597748272705,FALSE,TRUE,50.3896009913153
"10158a5e-5a03-41ab-85d2-0907ccf32c9b","Dack Fayden",0.00831377446302997,0.0687609883922418,99,1.00834842985841,0.88121136867086,1.15382823252897,FALSE,TRUE,8.27073054459331
"106f9629-b3aa-4703-82fb-c1e771bbce72","The Wandering Emperor",-0.010282625377654,0.0663287988953903,87,0.98977006007844,0.869108703494397,1.1271832486418,FALSE,TRUE,6.45057040000064
"107492bd-b32f-4692-917c-7771986b5bf7","Thespian's Stage",0.0198576263899496,0.0686094867439766,81,1.02005610061837,0.89170763139124,1.1668784832371,FALSE,TRUE,3.45506987575824
"1103da9c-300c-406b-997d-9e5bb7cd02d6","Lightning, Army of One",0.00603939640907993,0.0718117733214099,30,1.00605767033287,0.873967858389501,1.1581112810038,FALSE,TRUE,11.8905546940824
"113f48b9-a972-4e2c-af95-05ab078e01f2","Tranquil Landscape",0.0012316420742196,0.0701103713140476,47,1.0012324008568,0.872681445819896,1.14871964486841,FALSE,TRUE,56.9243068108658
"1163fe84-c5d5-42c8-b7cd-d206a9b0bd3f","Tireless Provisioner",-0.0315046946690152,0.0699251816638833,92,0.968986407372599,0.844882215965738,1.11132018159432,FALSE,TRUE,2.21951624665814
"117bb5db-4a1c-4704-b0b5-c67b45ac2f52","Yuffie, Materia Hunter",0.00137875116250782,0.0690360143160678,28,1.00137970207687,0.874649681407814,1.14647192933008,FALSE,TRUE,50.0714096882412
"120be808-ff3b-4fca-96a1-4db6b9825856","Quantum Riddler",0.00582381961347438,0.0716377562629884,26,1.00584081101987,0.874077545300761,1.15746679748532,FALSE,TRUE,12.3008199115993
"15c34f32-49d9-4a0d-83b2-28172f54fdd1","Crop Rotation",-0.00505998867468513,0.0684986886623563,75,0.994952791503071,0.869951845858831,1.13791477313607,FALSE,TRUE,13.5373205487696
"15db4353-9c46-4fe4-b22e-0cf024aa9dfc","Grim Lavamancer",0.0205143529898282,0.0696613828369663,66,1.02072621861109,0.890455671017621,1.17005489130011,FALSE,TRUE,3.39573872359061
"162018eb-5483-4fa2-9c5a-abb639eecf91","Kiki-Jiki, Mirror Breaker",-0.0163588774662408,0.0708968652659684,47,0.983774202302997,0.856143965156576,1.13043100285114,FALSE,TRUE,4.33384658649566
"162e81d3-6cd4-4cb8-8ed8-cfbd8d34ca71","Mind Stone",-0.0165164532088204,0.0680130649683252,77,0.98361919556551,0.860861143958671,1.12388243873554,FALSE,TRUE,4.11789771741088
"16448d95-ee21-4def-b880-26f6f159c213","Metamorphosis Fanatic",-0.00941068485386929,0.0687224354699747,53,0.990633457063759,0.865795398804046,1.13347177359648,FALSE,TRUE,7.30259662682454
"1658f12b-8ac5-4d29-86d5-f20c4d5f7e48","Vindicate",0.00511814955991154,0.0703245032128675,19,1.00513126966137,0.875712116020887,1.15367693419806,FALSE,TRUE,13.7402204428905
"16e040c3-bf42-4a5b-aeb3-5dc9921151e5","Death's Shadow",-0.005613886852929,0.0664760599910998,25,0.994401841563589,0.872923841673379,1.13278498684316,FALSE,TRUE,11.8413608490197
"18092f68-b96e-4084-9eba-b240d2195d81","Adeline, Resplendent Cathar",0.0199083376397251,0.0640020088807426,98,1.0201078302497,0.899842438095862,1.15644688590015,FALSE,TRUE,3.21483440953065
"1834ac92-8b4e-4442-a834-acd580e1ef99","Jack-in-the-Mox",-0.0151771011418332,0.0720597762800927,57,0.98493749060174,0.855204837555522,1.13435029573236,FALSE,TRUE,4.74792752625676
"187b6719-e5ed-4615-a00b-3313ceca055b","Currency Converter",-0.041663104708827,0.0722346888493675,79,0.95919287370763,0.832565738688468,1.10507906609374,FALSE,TRUE,1.73378074807909
"187e887c-c39d-4d25-a506-cdc95fc70316","Gideon, Ally of Zendikar",-0.00511672780796538,0.0661160537890891,86,0.994896340345536,0.873974400995325,1.13254887889815,FALSE,TRUE,12.9215499183216
"18adbda4-8d36-47cd-afbc-c785aaa8ed80","Blightsteel Colossus",-0.0543404458360473,0.0760499710883418,72,0.947109612085258,0.815953109783937,1.09934824262367,FALSE,TRUE,1.39950951668294
"18f23daa-bc59-456a-8a28-3823e51bc74b","Night's Whisper",0.0459772073571709,0.0715085899011357,93,1.04705054563585,0.910119263880822,1.20458371625006,FALSE,TRUE,1.55530520472081
"19018f23-b63b-45af-8419-8959f41472d4","Pre-War Formalwear",-0.00357351014225074,0.0713010824256511,25,0.996432867246302,0.866473605191621,1.14588425196069,FALSE,TRUE,19.952673866134
"19477aca-b8db-4061-9a78-ebb189a9df22","Breeding Pool",0.0178818256572874,0.0690876488199193,99,1.01804266275842,0.889113868134621,1.16566718880525,FALSE,TRUE,3.86356796805945
"19557351-b65f-4b04-b971-66abdc07000a","Stoneforge Mystic",0.0175762373611307,0.0703920440139576,84,1.0177316083654,0.886572682293273,1.16829409179043,FALSE,TRUE,4.0049552454058
"19d6834d-afa3-4747-a62d-0654f4d9729f","Malcolm, Alluring Scoundrel",-0.015940077093816,0.0704284111729866,44,0.984186293591273,0.857289369807002,1.12986664084146,FALSE,TRUE,4.41832312092828
"1a55c370-d396-4c73-8ee2-83dc4c124005","The Goose Mother",-0.00531619180798128,0.0680525982795171,63,0.994697914131991,0.870489758922022,1.13662904156827,FALSE,TRUE,12.801005068581
"1a6f256b-943e-4cfb-9fc9-d1ded68b5f97","Chart a Course",-0.00811264322270906,0.0652755572941566,83,0.991920175458603,0.872796603892948,1.12730231773737,FALSE,TRUE,8.04615160585837
"1ac0e78b-0fdd-44f9-8b7b-c4f28a32782e","Amped Raptor",0.0227309689274647,0.0733285135945042,46,1.02299128608012,0.88604023475767,1.18111021412259,FALSE,TRUE,3.22592995610958
"1b6ef5f5-4058-4f89-a573-9e2da87a9f2e","Steel Seraph",-0.0222382855312793,0.0722465950329778,42,0.978007162327114,0.848876463251466,1.12678116424555,FALSE,TRUE,3.24874842223602
"1c603751-1e2b-4c8e-a8d2-5c0876e7254f","Darkstar Augur",-0.00720423380851993,0.0711525299046911,38,0.992821654478136,0.863584790341451,1.14139902488437,FALSE,TRUE,9.87648815902451
"1c7d50d6-b63a-4d8c-88fa-1d78ae693a45","Overgrown Tomb",0.0099856813159697,0.067212443741196,95,1.01003570459851,0.885369056047432,1.15225635862878,FALSE,TRUE,6.73088211153963
"1dd64b1d-bcef-476c-bf0b-3ac7df7cbed3","Nissa, Ascended Animist",0.0266619013059568,0.0667781507552531,64,1.02702050976404,0.90102409954901,1.17063586645898,FALSE,TRUE,2.50462823295853
"1e0c695d-62f9-4805-9e2f-7032e8464136","No More Lies",-0.0148020105753021,0.0716023016092562,56,0.985307000658624,0.856293128408925,1.13375881849103,FALSE,TRUE,4.8373362013893
"1ea179e9-9c0d-46c1-9ee8-60be68e1f79c","Thirst for Discovery",0.00367631205724586,0.0710432625602276,54,1.00368307798109,0.873219360582841,1.15363878367655,FALSE,TRUE,19.3246007014568
"1f123ad6-fe84-4fed-9c0f-6b41921e9c26","Deceiver Exarch",-0.00648919022963194,0.0708919213610399,20,0.993531819096218,0.864644053055401,1.14163218039666,FALSE,TRUE,10.9246175335287
"1f2f7d4b-aa65-42ed-a441-8e35be96743c","Orcish Lumberjack",0.026110290137413,0.0690456797435113,59,1.02645415000007,0.896533837934734,1.17520173525126,FALSE,TRUE,2.64438577205149
"1fa48620-4c3d-4f75-be1f-c12c4aa59f51","Golos, Tireless Pilgrim",0.00188491650643001,0.0703739732382516,11,1.00188669407823,0.872800675043622,1.15006435773075,FALSE,TRUE,37.3353265241113
"1fc6d14a-1328-4032-ad9e-cd85cd365bd3","Endurance",-0.00271925971593487,0.0670368045110059,87,0.99728443412184,0.874492643707185,1.1373180205673,FALSE,TRUE,24.6525935416062
"1fdcc0c3-4029-4fc3-a486-5d7f45c910bd","Everflowing Chalice",-0.0791014488989173,0.0813174523359625,90,0.923946186367089,0.787821564719277,1.08359125153737,FALSE,TRUE,1.02801470096808
"205df311-a72d-40f1-b2ea-9b30274bc9bd","Knight of the Reliquary",-0.0140543358314514,0.0686931148096217,41,0.986043965288544,0.861833794376077,1.12815569292666,FALSE,TRUE,4.88768132720277
"20c4aae1-7665-4df7-bd51-a1d95bf8a17d","Murktide Regent",-0.00788816898047026,0.06935699369891,27,0.992142860980997,0.866036800403482,1.13661158063602,FALSE,TRUE,8.7925339670874
"216a8e4e-ea7b-41c7-a982-b5751025ff25","Scrapheap Scrounger",-0.00469522948028118,0.0692557049425756,35,0.995315775878689,0.868978920530763,1.14002016655124,FALSE,TRUE,14.7502279139779
"224d904a-5972-4152-878a-9a922e7a55b6","Titania, Protector of Argoth",0.0232867932397226,0.0688486500552881,70,1.02356004755924,0.894351360016041,1.17143576652098,FALSE,TRUE,2.95655349994031
"229a0d4a-3777-451d-a2fb-f1a2fdf8019f","Spara's Headquarters",-0.00493836405529723,0.0676087102055448,95,0.995073809616888,0.871576676168393,1.13606973850934,FALSE,TRUE,13.6905075139252
"22c26e44-e129-4c4d-b552-3cc8774ce1a4","Mox Poison",0.00665728905458274,0.0694032945165078,58,1.00667949805993,0.878646021607901,1.15336960151448,FALSE,TRUE,10.4251586415242
"23b95b26-0bbf-4fa1-80c1-f621f1a1b947","Damn",-0.0220449899074583,0.0707856570693595,38,0.978196225103572,0.851475222660765,1.12377651086167,FALSE,TRUE,3.21096346002006
"2424f2c4-366b-42cf-bf4b-a8a5bfdd2c4b","Life // Death",0.0519106109105079,0.072395865425631,99,1.05328158642317,0.913944633571697,1.21386138672599,FALSE,TRUE,1.39462557184
"245cdc59-d560-4c10-b721-f51cc312e370","Mishra's Factory",-0.0322955205526607,0.0700611649402775,83,0.968220410765641,0.843989349251889,1.11073767062836,FALSE,TRUE,2.16937716876359
"2462df62-fc35-47ed-9571-40452074dc6d","Traveling Chocobo",0.0138717671909744,0.0699617480394366,26,1.01396842658186,0.884039743215673,1.16299292876255,FALSE,TRUE,5.04346324994244
"2487d124-210b-4808-888c-cd0a78aebd90","Molten Collapse",0.0217418307691097,0.0699952203441861,47,1.02197990664285,0.890966187553185,1.17225877274875,FALSE,TRUE,3.21938023929584
"24e58478-c6a8-4f86-854a-a489c99bd777","Usher of the Fallen",0.0352563628512206,0.0667103661164558,94,1.03588523725531,0.908922038474897,1.18058334966111,FALSE,TRUE,1.89215111036748
"2605df98-0b02-4aab-bc36-01e93c693743","Territorial Kavu",0.00143805008698217,0.0718776430103666,48,1.00143908457683,0.869843359397551,1.15294349181751,FALSE,TRUE,49.9827117713307
"2616aa0e-8413-4e63-877c-bffd5263f552","Porcelain Legionnaire",-0.0266856594855129,0.0693835442102047,98,0.973667256491711,0.849865305529467,1.11550373947019,FALSE,TRUE,2.60003108590483
"26c68473-70ca-40ba-b5c6-71ec30f88a2c","Damnation",0.0232868019050331,0.0701007655905892,66,1.0235600564287,0.892159189595739,1.17431418219327,FALSE,TRUE,3.0103217211393
"28667c8b-d02c-4e57-a050-1549207b65d1","Thragtusk",0.0227636941249437,0.0715851536132842,60,1.02302476421976,0.889102095520437,1.17711978577026,FALSE,TRUE,3.14470723514263
"29148d7e-b398-4e19-a29e-d9a660ad5016","Mirage Mirror",-0.0385184226942117,0.0763046324490248,55,0.962213978002648,0.828552147282933,1.1174381027191,FALSE,TRUE,1.98099057832115
"2ae6828e-ff19-45db-8b59-61616353491f","Deceptive Landscape",-0.0290544562956105,0.068990820501313,64,0.971363566164791,0.848507407292809,1.11200817996722,FALSE,TRUE,2.37453490092451
"2aef4608-5ba8-4636-b5e7-cac57c5c0608","Windfall",-0.00365935380261903,0.0676528619016158,49,0.996347333472985,0.872616627693517,1.13762215549643,FALSE,TRUE,18.4876526159335
"2b20d3e1-62ef-44db-8109-a33d4fa3e7f1","Exploration",0.0149925219874664,0.0686315453190891,73,1.01510547361588,0.887341551726051,1.16126549079159,FALSE,TRUE,4.57771850369568
"2b74bb81-fb9a-40e5-a941-e517430b52f5","Indatha Triome",4.16662655790101e-05,0.0666898264107801,98,1.00004166713363,0.877506958727694,1.1396870714888,FALSE,TRUE,1600.57124112356
"2b9b0195-beda-403e-bc27-7ae3be9f318c","Temple Garden",0.00831786187167671,0.0682906315636764,99,1.00835255139893,0.88202773667443,1.15276972099125,FALSE,TRUE,8.21011849165395
"2ba70366-b6ae-423a-a8d8-29d2b8afd939","Ivora, Insatiable Heir",0.0156916040443531,0.0722724395865107,17,1.01581536374515,0.881648015922082,1.17040001745082,FALSE,TRUE,4.60580316596243
"2c723fc9-d5c9-4126-a9a6-f80c247a4b6b","Baloth Prime",0.00893643770946304,0.0710565848575661,19,1.008976486879,0.877801784671598,1.15975333936643,FALSE,TRUE,7.95133219384749
"2c76f7e0-37e7-4e87-93a3-a25ba0674645","Gix, Yawgmoth Praetor",-0.0178151826487421,0.0711717935171619,18,0.982342569533903,0.85443751994902,1.12939436926418,FALSE,TRUE,3.99500779309649
"2d9b12cc-f616-4b52-91eb-a430e70f9251","Wrath of God",0.00530726306998589,0.067835614875061,33,1.00532137153871,0.880160904602381,1.14827988244837,FALSE,TRUE,12.7816567561331
"2da5f3f8-5eef-498f-ba2c-2f3fbc3745aa","Ephemerate",-0.0191218955644516,0.0673258878599324,72,0.981059768119762,0.859778366973355,1.11944927389994,FALSE,TRUE,3.52087938316608
"2e139ad1-1079-49e9-babd-6399c44ad333","Seasoned Pyromancer",0.0344886183349227,0.0715990415997652,66,1.03509024725855,0.899563617040191,1.19103507486775,FALSE,TRUE,2.07601942485661
"2ef878cb-27b6-47d8-ad11-bd20529b0e7e","Cast into the Fire",0.0212237203130143,0.0705223767890896,58,1.02145054531296,0.889585070228438,1.17286277775798,FALSE,TRUE,3.3228093731449
"2f8f22fb-7291-4517-9b15-e98501f2856b","Splinter Twin",-0.0107791334834966,0.0713582737304518,39,0.989278753199708,0.860156138348114,1.13778465083311,FALSE,TRUE,6.62003804291923
"3003d481-1b52-4aa9-bbdc-e948fbc8d49d","Sylvan Library",0.0187489819544709,0.0687078569887259,95,1.01892584773859,0.89054787323904,1.16581029991538,FALSE,TRUE,3.66461801262451
"3027e6c5-eed3-44e7-bb12-67569721af99","Goryo's Vengeance",0.00863618563040738,0.0724666694630494,17,1.00867358506683,0.875116300572291,1.16261392976706,FALSE,TRUE,8.39105046652767
"31276460-fa9d-47da-85c5-c4baa8074d0d","Rot-Curse Rakshasa",-0.00738450063369115,0.0715489334828464,21,0.992642697800982,0.862758547085683,1.14208028286245,FALSE,TRUE,9.68906863605788
"3277ad99-5682-4baa-b106-de15721876a6","Glorybringer",0.0158837512650069,0.0678256448010633,74,1.01601056859742,0.889536700932198,1.16046642529743,FALSE,TRUE,4.27012760836215
"32e29c7d-ed4b-4eff-b3c2-d99e5b63ef8d","Sunfall",-0.0104996794463277,0.070196940433021,35,0.989555249773418,0.862357222685512,1.13551503552633,FALSE,TRUE,6.68562700336274
"33672990-4860-4aa6-ac1b-f9da66f5da59","Wurmcoil Engine",-0.0203602571278855,0.0685944844052873,92,0.979845613347955,0.856581812209689,1.12084731698949,FALSE,TRUE,3.36903821864508
"33ab05b5-d6f5-439c-9aed-1a58ceb282ad","Flametongue Yearling",0.0258463795925329,0.0652112090125302,80,1.02618329366855,0.903058819265882,1.16609475455926,FALSE,TRUE,2.52303069290872
"33ca68a6-474e-4d86-bffa-ee4bddb4a3cf","Fellwar Stone",-0.0142656939648718,0.0706113400367651,51,0.985835578899425,0.858418170141436,1.13216590984303,FALSE,TRUE,4.94973046601448
"345a1c80-41d6-43b1-83ab-1aa56dd06b1b","Bitter Reunion",-0.00381615151563764,0.0694918145623288,30,0.996191120736944,0.869340754468912,1.14155093262755,FALSE,TRUE,18.2099201977617
"345fd005-5052-4500-a260-3649500e21f4","Mulldrifter",-0.00117222888007585,0.070780864183597,18,0.998828457911813,0.869442808351578,1.14746856118806,FALSE,TRUE,60.3814369246874
"37dbe1a3-3c44-452b-9fb9-37f5d793d0b5","Memory Jar",0.0223178867755587,0.0704712492191203,65,1.02256879390628,0.890648204495698,1.17402913180857,FALSE,TRUE,3.15761299122176
"396bca07-82ba-49b7-b79e-7784b3a06d48","Sunset Saboteur",-0.0145226140496124,0.0698706672165939,33,0.985582330472651,0.859444419964935,1.13023309893563,FALSE,TRUE,4.81116326426499
"39b41cb3-ca3d-4389-8f66-e1f77f5fb683","Fact or Fiction",-0.0110306640658709,0.0722060721387263,39,0.989029950630825,0.858512047575428,1.13939023454283,FALSE,TRUE,6.545940634901
"39c431d7-d94b-46c4-bb89-f3db56214ab4","Elvish Reclaimer",0.00878200503352968,0.067061409279222,71,1.00882067997133,0.884565816526769,1.15052961048605,FALSE,TRUE,7.63622988408474
"3a9d1082-a862-45d4-9e5e-392e879fead6","Zuran Orb",0.00857685638230263,0.0675716926337023,68,1.00861374299665,0.883500288058713,1.15144465294629,FALSE,TRUE,7.87837520202959
"3b1e92b4-6e53-4dba-a572-c67e01965ac5","Abrupt Decay",0.0110062298385109,0.0705391662046806,20,1.01106702120937,0.880513044812619,1.16097828124139,FALSE,TRUE,6.40902173038979
"3b214b6f-4734-4200-8467-92d7e3469b5d","Tezzeret the Seeker",-0.0357877491852502,0.0748403174624843,64,0.964845060901612,0.833205664265829,1.11728236073204,FALSE,TRUE,2.09122728213736
"3b5233ff-03bc-4053-9b49-c4185c2de38d","Restoration Angel",-0.0266011829431505,0.0672540099319012,95,0.973749512009233,0.853492057654407,1.11095130134434,FALSE,TRUE,2.52823380357295
"3bd1ec98-8188-4649-899e-b0972509fc7e","Firebolt",0.00726155106504338,0.0689039236892493,90,1.00728798006008,0.8800380451091,1.15293773992207,FALSE,TRUE,9.48887132680897
"3c3ac3dd-35db-447f-8674-37b4680a1ef7","Leyline Binding",0.000631688226014304,0.0674734785885787,77,1.00063188778304,0.876677285505745,1.14211260107034,FALSE,TRUE,106.814526232836
"3d3025a2-4a17-4137-ba0b-bd676c6f5f88","Tinybones, the Pickpocket",0.015725860157978,0.0688895258862699,68,1.0158501622277,0.887543619081807,1.16270516728589,FALSE,TRUE,4.38065232643704
"3e7da55c-7f05-46b2-aa3c-17f8d5df46bb","Scion of Draco",0.0166233681359583,0.0702031574052214,22,1.01676230511926,0.886056269873694,1.16674935922388,FALSE,TRUE,4.2231608438824
"3ee3945e-5089-4751-b7b3-5961c39d2a33","Nethergoyf",-0.0379965185040806,0.0716461780756036,90,0.962716292578209,0.836588448676537,1.10785973851509,FALSE,TRUE,1.88559849418597
"3faa8c5e-9e1b-4cee-b322-a033bf33dcbc","Hymn to Tourach",-0.00447268892357871,0.0693838844300812,64,0.995537298653535,0.868953988806697,1.14056040455193,FALSE,TRUE,15.5127900946363
"4034e5ba-9974-43e3-bde7-8d9b4586c3a4","Once Upon a Time",0.00587474715434369,0.0744897943419913,10,1.00589203732328,0.869249355310726,1.1640144275847,FALSE,TRUE,12.6796596321451
"41e108a5-4e2f-42cf-9ea1-87bf3c0a2b7f","Nissa, Who Shakes the World",-0.00685217092617162,0.0665464031535151,86,0.993171251667955,0.871723387900568,1.13153914284127,FALSE,TRUE,9.71172550575812
"41ff849e-2439-4690-8aa4-769039b6da4c","Talisman of Progress",-0.0148219084742327,0.0713549566138759,22,0.985287395314562,0.856691310171626,1.13318676148503,FALSE,TRUE,4.81415444832382
"44afd414-cc69-4888-ba12-7ea87e60b1f7","Craterhoof Behemoth",-0.0203213155841723,0.0680852291602961,76,0.979883770791689,0.857470618440543,1.11977271711907,FALSE,TRUE,3.35043412313944
"47c8e6c4-450b-4f8b-b897-5808fe935a90","Vampire Hexmage",-0.0195723646432957,0.070302900677454,37,0.980617930554278,0.854391251676666,1.12549317872518,FALSE,TRUE,3.59194721530674
"4820d223-4ea1-4850-931c-3d2ab5eb003b","Birthing Ritual",0.0100459378643098,0.0694067045119373,50,1.01009656769745,0.881622602401773,1.1572923304083,FALSE,TRUE,6.90893229177919
"486d7edc-d983-41f0-8b78-c99aecd72996","Otawara, Soaring City",-0.00662026955064277,0.0689657252045627,88,0.993401596154922,0.867800793747779,1.13718118069614,FALSE,TRUE,10.4173590934627
"487116ab-b885-406b-aa54-56cb67eb3ca5","Scavenging Ooze",-0.0028446846560789,0.0662891497666596,72,0.997159357625404,0.875665230369584,1.13551018130552,FALSE,TRUE,23.3028113063443
"490eb213-9ae2-4b45-abec-6f1dfc83792a","Cori-Steel Cutter",0.0107980728482746,0.0681979702486658,54,1.01085658244421,0.884378669554904,1.1554225191626,FALSE,TRUE,6.3157538578343
"492b368b-de32-45c1-8459-238aae54f9fc","Unmarked Grave",0.00659189774326239,0.0693809049930229,64,1.00661367211972,0.878627124028428,1.15324357419401,FALSE,TRUE,10.5251791965277
"49bb0ad3-1082-41f1-82a4-52a4006cc9b6","Leovold, Emissary of Trest",0.00801915340344558,0.0707696308483845,60,1.00805139293439,0.877490348064427,1.15803850496868,FALSE,TRUE,8.82507507812197
"4a08ca06-58db-4ce6-b490-be4bea8956a1","Sensei's Divining Top",-0.0134932484891718,0.0692604425225352,87,0.986597377318123,0.861359162449547,1.13004473321315,FALSE,TRUE,5.13297020936924
"4a0bb5dc-75a6-4bd6-81f8-611197fb0fba","Nettlecyst",-0.0315572488801015,0.0731672673705155,66,0.968935484394526,0.839486324268736,1.11834576189989,FALSE,TRUE,2.31855659054777
"4b0bd07e-cf80-4d64-af29-f4cec6632b3e","Perilous Landscape",0.00123132448256363,0.0686989896395077,55,1.0012320828738,0.875098615793713,1.14554595983056,FALSE,TRUE,55.7927586207623
"4bc61952-88ba-447a-835a-f1e9643fcd0d","Serum Visions",0.0118703770169999,0.0731684327310208,18,1.01194110953909,0.876744422858477,1.16798554114157,FALSE,TRUE,6.16395188006531
"4c6cf93a-d073-48ac-88db-c46bf3e10beb","Generous Plunderer",-0.0256621757289937,0.0678395359680855,72,0.974664299254486,0.85331401745612,1.1132718750751,FALSE,TRUE,2.64356135210464
"4d9dbadd-c1b6-44fe-92ac-6f69d7178342","Talisman of Creativity",-0.0120371211361659,0.0701678950159811,34,0.988035035198098,0.861081436530976,1.13370604609915,FALSE,TRUE,5.82929208921555
"4dea7bcc-3ff8-40b0-8264-0cd678d6ff31","Scourge of the Skyclaves",-0.0278825493923455,0.0710104263409145,35,0.972502581112943,0.846146315115738,1.11772781299883,FALSE,TRUE,2.5467694987894
"4e4b6e22-93b2-4896-bba5-0ceaa5d8ea3c","Yavimaya, Cradle of Growth",0.00237610347445741,0.0671535119844877,60,1.00237892864551,0.878758836615696,1.14338937456617,FALSE,TRUE,28.2620318123235
"4e4fb50c-a81f-44d3-93c5-fa9a0b37f617","Omnath, Locus of Creation",0.0115288751797831,0.0692340864921962,73,1.01159558879237,0.883229737062432,1.15861773253662,FALSE,TRUE,6.00527678655106
"4f84b838-b8f1-4b9a-a19f-479594f9d427","Qasali Pridemage",0.00647615919789951,0.0709660635583686,45,1.00649717485931,0.875800174492952,1.15669828860935,FALSE,TRUE,10.9580480327577
"50bc0f5b-7421-45b9-af85-86dd9821b7d8","Soulherder",-0.01147500948083,0.0709405977125625,45,0.988590577330989,0.860261745337609,1.13606275634641,FALSE,TRUE,6.18218205667497
"5260f8ae-805b-4eae-badf-62de0f768867","Hedge Maze",-0.00813619791818166,0.0703485395345048,40,0.991896811356105,0.864140994506302,1.13854022738558,FALSE,TRUE,8.6463653222225
"543d55cb-3a6b-4620-af25-10ae74ed32c4","Worldspine Wurm",0.00486431828576605,0.0700472304765461,10,1.00487616828823,0.875965779375819,1.15275749049599,FALSE,TRUE,14.4002152740535
"54e0c2cd-fa5f-427d-8e15-6066f002a8e3","Chainsaw",-0.00660540231003231,0.0687477032339971,30,0.993416365405264,0.868184611697673,1.13671224041306,FALSE,TRUE,10.4077995566724
"551c0a45-9515-4e51-84e5-79703832a661","Expedition Map",0.00841219470839173,0.0672983871670852,96,1.00844767664216,0.883828142537047,1.15063853206319,FALSE,TRUE,8.00009860684163
"553fb946-2706-475b-89f9-e4355ec9ea2b","March of Otherworldly Light",-0.0222477805633498,0.0674939972963976,82,0.977997876161829,0.856812633252972,1.11632322943895,FALSE,TRUE,3.03374069625555
"55a14f30-4ff9-4472-90a6-c3139f1c18e5","Kaito, Bane of Nightmares",0.00030429423608562,0.0707356740936191,20,1.00030434053827,0.870804634962316,1.14906229655405,FALSE,TRUE,232.458146442564
"55d35442-5ca0-4fd7-8ff1-b7347b3e6690","Piggy Bank",0.0255712060603537,0.0679311290955931,76,1.02590095403494,0.8980102405926,1.17200530674937,FALSE,TRUE,2.65654771758753
"568dd5a6-86f4-4039-87d7-812120c8ab94","Triplicate Titan",-0.00831558016176532,0.0673599228640669,97,0.991718898638349,0.869061809598354,1.13168748534813,FALSE,TRUE,8.1004477803948
"57fb0fa7-0c5c-4a75-9461-c51403c30282","Foreboding Landscape",0.0243654023133862,0.0724066498763814,47,1.02466466433172,0.88909460532274,1.18090658524344,FALSE,TRUE,2.97169933601308
"586a4c31-65c7-4c7f-b5f6-74b105b2a629","Trinket Mage",0.00568473078261237,0.0700838379366326,48,1.00570091952633,0.87662182710703,1.15378639712174,FALSE,TRUE,12.3284357020028
"58c1e824-c8a9-4312-8e4c-a29a26d189a4","Ugin, the Spirit Dragon",0.0148697370186283,0.0722502364793084,21,1.01498084157356,0.880962053121147,1.169387608821,FALSE,TRUE,4.8588778933209
"59faa45d-868b-4bc7-934c-0e077642e129","Loran of the Third Path",0.00949577381783496,0.0692360962498202,79,1.00954100172266,0.881432393581041,1.15626909287796,FALSE,TRUE,7.29125372803015
"5a077de0-1893-40d0-a499-ee2e6e2258f1","Legion Extruder",-0.0158734404970037,0.0696702841628528,58,0.984251878601664,0.858621401503208,1.12826416722771,FALSE,TRUE,4.38911048779902
"5a10b543-d5d4-42a8-9ee8-dada59a2ad7e","Saheeli, Sublime Artificer",-0.0419953975528308,0.072379302461004,88,0.958874193730147,0.832053256181116,1.10502508411734,FALSE,TRUE,1.72350559058168
"5ad67b3c-cd5a-497b-8639-9b844e8d517a","Mind Twist",-0.0105629784073252,0.0695088391743273,97,0.98949261393667,0.863466391685276,1.13391284532137,FALSE,TRUE,6.58042045471988
"5ad86b17-3fed-418a-938c-c49adb409531","Abundant Harvest",-0.00258397553339988,0.0700244298039405,8,0.997419360057732,0.86950442336528,1.14415217805055,FALSE,TRUE,27.0994941317441
"5bb3cb5c-8d66-4f5e-a9a9-917e6045f024","Flickerwisp",-0.0349771879223084,0.0673930048988994,98,0.96562744397459,0.846142513808899,1.10198500292764,FALSE,TRUE,1.92677024375411
"5c70da33-ce5d-4b8b-9c1d-9a356a7e196f","Grave Titan",-0.00434048318601253,0.0680606124719544,64,0.995668923096939,0.871325831041893,1.13775647307001,FALSE,TRUE,15.6804230209401
"5cb76266-ae50-4bbc-8f96-d98f309b02d3","Teferi, Time Raveler",-0.00528741242137347,0.0660369688924061,92,0.994726541339754,0.873960698743381,1.13218007796972,FALSE,TRUE,12.4894681234743
"5d8690ec-fded-4801-8eaf-5e5fe3d444ec","Cloud, Midgar Mercenary",-0.00041036423772262,0.0760015179621294,11,0.999589719950165,0.861247517201357,1.16015383298509,FALSE,TRUE,185.205022698644
"5de097e5-e960-4404-a370-defe93ce892f","Oracle of Mul Daya",0.0174986425653165,0.0679989922751257,68,1.01765264075283,0.890671699570824,1.16273695204443,FALSE,TRUE,3.88595812625514
"5f1cdcba-a04a-4a2f-8bc1-0dd7fa03754d","Exhume",0.00808214994219785,0.0688872142034088,77,1.00811489868333,0.880789345623303,1.15384643785412,FALSE,TRUE,8.52337740527933
"5f608efc-0dbc-4cc3-aadd-ed473bfc29ab","Portal to Phyrexia",-0.0231698202028479,0.0663643693657582,96,0.977096538950838,0.857920377291687,1.11282780045812,FALSE,TRUE,2.86425914334894
"6171e136-1167-4329-acb2-6853d3a814e5","Goblin Welder",-0.0137049408055157,0.0684648700912817,30,0.986388544338968,0.862520738106329,1.12804517899395,FALSE,TRUE,4.99563413391228
"61a28870-cf78-4323-9d82-cee764067764","Lightning Greaves",0.00058455575217716,0.0715302793729818,49,1.00058472663819,0.869693183811709,1.1511758558273,FALSE,TRUE,122.366907017114
"62b3f560-262b-4bc3-9aef-535fd7082c28","Vaultborn Tyrant",0.00195843133593786,0.069009361371332,70,1.00196035031511,0.875202564657059,1.14707678444357,FALSE,TRUE,35.2370594286291
"62d37423-3445-412a-9abd-0480da404637","Phyrexian Fleshgorger",-0.00809781225116613,0.0702449378117386,77,0.991934886707589,0.864349662256313,1.1383527551791,FALSE,TRUE,8.67455747712884
"635245e9-c27f-4a51-a6f1-bae62e696542","Lightstall Inquisitor",-0.0172870124085716,0.0729208689649459,26,0.982861550687919,0.85196322555382,1.13387150858853,FALSE,TRUE,4.21824588549429
"63af3c26-5b1f-46f6-9aa2-036c615bf5ea","Flash",0.0369785246913969,0.0726840843359411,92,1.03767073629958,0.899890418217446,1.19654630738866,FALSE,TRUE,1.96557555885541
"64a5d494-efa1-446b-bebe-2ad36e154376","Ugin, Eye of the Storms",-0.0148339840914809,0.071363088803625,38,0.985275497432934,0.856667310549907,1.13319113953183,FALSE,TRUE,4.81078369529926
"64bc9b1d-5818-4d9e-b771-e49af4ff9a5c","The Tabernacle at Pendrell Vale",-0.0132841195350426,0.0740826339183744,6,0.98680372497167,0.853434841801553,1.14101457301927,FALSE,TRUE,5.57678163938149
"652236c2-84ef-45e4-b5fc-ed6170bc3d6c","Meticulous Archive",0.00603669051549848,0.0674670070069198,78,1.00605494805156,0.881439737365883,1.14828786993852,FALSE,TRUE,11.1761580014258
"658cfcb7-81b7-48c6-9dd2-1663d06108cf","Fountainport",0.0135642485240418,0.0678103254460749,9,1.01365666030244,0.887502456853943,1.15774307669842,FALSE,TRUE,4.99919515083237
"661fc907-7003-45c6-820c-9616e9a71c30","Seething Landscape",0.0292821419854229,0.0720926312953748,61,1.02971507935112,0.894026899483549,1.18599691492012,FALSE,TRUE,2.4619999223849
"66d80dd1-b944-4cb2-8578-b4dbcabbbc1e","Ophiomancer",0.0277450837568016,0.0705847799565256,57,1.02813356306795,0.895295824674365,1.18068083685218,FALSE,TRUE,2.54404638224319
"671c008a-8ff8-42d7-9e03-6d8a9ddace67","Faithless Looting",-0.0213279916103364,0.0645664595848363,72,0.978897841630092,0.862536120255317,1.11095751452636,FALSE,TRUE,3.02731081127886
"69490262-afc2-4692-8fac-b771a972c8f8","Volcanic Spite",0.0221660004634338,0.071272086396003,40,1.02241349149774,0.889116248435243,1.17569479743089,FALSE,TRUE,3.21537872894919
"6982a82c-dd32-40d2-8dd2-ec92d0fc6c2d","Phyrexian Revoker",-0.0455325003315664,0.0716380266433984,73,0.955488548372691,0.830320894896525,1.09952473999239,FALSE,TRUE,1.57333829949448
"69af2825-18c2-4463-b6ba-42eaa070ccc1","Grist, the Hunger Tide",-0.00813235606658769,0.0657494600368474,98,0.991900622083771,0.871969094543241,1.12832765547218,FALSE,TRUE,8.08492145431056
"69c1b656-1d67-499c-bf0f-417682a86c7d","Shadowy Backstreet",-0.0325430261186129,0.0744787537263181,43,0.967980800478571,0.836506169321556,1.12011944975262,FALSE,TRUE,2.2886240958311
"6aa5cc65-f8f1-4f6f-8b4e-2fedccbda684","Rofellos, Llanowar Emissary",-0.0032732081206048,0.0665318742356588,63,0.996732142985076,0.874873756234785,1.13556379738177,FALSE,TRUE,20.3261973526344
"6ade6918-6d1d-448d-ab56-93996051e9a9","Sage of the Skies",0.00607838044173004,0.0705928763405554,17,1.00609689128243,0.876092449911422,1.15539285237593,FALSE,TRUE,11.6137640638471
"6bcafc2e-cef6-412d-8c5d-1658c3337292","Overlord of the Mistmoors",-0.00928823015396092,0.071634406671371,29,0.990754772214117,0.860973401817291,1.14009912105665,FALSE,TRUE,7.71238497366722
"6be9b1d5-9ab8-4adb-ba54-2c0117e842fa","Mox Opal",-0.0530212673942885,0.0741974517028402,82,0.948359843125113,0.82000218611634,1.0968097491446,FALSE,TRUE,1.39939038331688
"6cc73d16-5ed7-4104-91f6-0997a2080e2e","Embereth Shieldbreaker // Battle Display",-0.0130324400581546,0.0676250840305278,76,0.987052114472921,0.864522796388203,1.12694758398017,FALSE,TRUE,5.18898101420492
"6da09e6a-2965-4855-bd41-41b41ba188fb","Through the Breach",0.0476836950707819,0.0747851682104589,45,1.0488388499532,0.905837603471773,1.21441517657799,FALSE,TRUE,1.5683593332993
"6efb6a69-562c-4d95-858d-b067444cfd7e","Palantír of Orthanc",0.00183711769011865,0.0657654506840334,90,1.00183880622468,0.880678042238716,1.13966846624936,FALSE,TRUE,35.7981696206877
"6f11029a-b24d-4248-834f-b852b56857f6","Biogenic Ooze",0.0138793414319469,0.0687493836868022,87,1.01397610665215,0.886149638350564,1.16024145400001,FALSE,TRUE,4.95336064927099
"6f26faca-f338-4ce5-a218-6a61d40fc50a","Tendrils of Agony",0.0468033945393329,0.0752962304223495,41,1.0479159628248,0.904134436152527,1.21456259294361,FALSE,TRUE,1.60877712318647
"6f2cec5d-50ea-4d0f-8925-eba06222d015","Shelinda, Yevon Acolyte",0.00500030113543657,0.0701218165858696,11,1.00501282350433,0.87595683938074,1.15308281184516,FALSE,TRUE,14.0235187214874
"70496f16-c4c0-4c03-beef-454eb4824cd1","Deathrite Shaman",-0.0263550168433067,0.070438680997461,65,0.973989245634764,0.848390009888597,1.11818272204401,FALSE,TRUE,2.67268586532322
"70719e7b-6f02-4c1a-9f11-79b2b0d9846a","Dust Animus",-0.0233820600439686,0.0674304548902988,64,0.976889182142118,0.855947915021663,1.11491886064369,FALSE,TRUE,2.88385432094092
"716a44b4-f6b0-4f14-a270-6442aed3251f","Raffine, Scheming Seer",0.02629484248645,0.0724505918279727,20,1.026643602006,0.890734997223932,1.18328918120962,FALSE,TRUE,2.75531568083388
"73a065e3-b530-4e62-ab3c-4f6f908184ec","Elspeth, Storm Slayer",0.0141814145589248,0.0709945458833412,26,1.01428244785176,0.882525235273793,1.16571044419029,FALSE,TRUE,5.00616814975358
"73cc6df4-3564-4ace-bf8a-eac3e62d725a","Ursine Monstrosity",-0.00160672001000088,0.0667125770406369,94,0.998394570073568,0.876022616015558,1.13786071195984,FALSE,TRUE,41.520972307179
"748e6a61-9c1f-4225-9f04-e54002f63ac3","Savai Triome",-0.0073032651965633,0.0711343748606972,77,0.992723338839861,0.863529999782078,1.14124538548292,FALSE,TRUE,9.74007830006925
"74b4c336-5d4c-4bc5-b82a-35084a6ad808","Spellseeker",-0.0249062977498075,0.0707950426243065,66,0.975401305043524,0.849026753580882,1.12058624992431,FALSE,TRUE,2.84245548396906
"75fdce80-e338-4a50-bdc6-786511feaeef","Ziatora's Proving Ground",0.0302585681467448,0.070500821403674,77,1.03072101112244,0.897696678888723,1.18345742805287,FALSE,TRUE,2.32994572187839
"76ae81ea-13e3-4ab8-b956-4c7b139a5e9c","Corpse Dance",-0.00184644639878628,0.0707217709331871,19,0.998155257234648,0.868957451576737,1.14656237280357,FALSE,TRUE,38.3015564273484
"76c3cad2-1e25-4abe-878d-9194de6fcc27","Guide of Souls",0.00273556411938777,0.0680157723252855,84,1.00273930918909,0.87759036434097,1.1457351436944,FALSE,TRUE,24.86352699366
"7740ff55-67bb-409e-90f7-2c2c8b8c770a","Valgavoth, Terror Eater",-0.0287678100256974,0.0680587691959138,73,0.971642043818145,0.850302595919441,1.11029681180057,FALSE,TRUE,2.36579597595782
"784287c2-43c5-4210-93ae-cdd33b9acb1b","Commune with Beavers",0.00638659491508231,0.0738321818453664,16,1.0064070326985,0.87081608218732,1.16311025506202,FALSE,TRUE,11.5604923792814
"7a4e1580-dd26-4f4b-ac98-3e6fa7b879d5","Patchwork Automaton",-0.00634435702487851,0.0723995143315883,19,0.993675725914594,0.862217771465275,1.145176405485,FALSE,TRUE,11.4116393588324
"7aa37f85-5336-4372-97a2-9c8b00798c7a","Tough Cookie",-0.00987584298212772,0.070533367229487,39,0.990172763015179,0.862326557758855,1.13697310119409,FALSE,TRUE,7.14200978662085
"7b54447f-1daf-4352-b5c3-3c0ec8b8f4d0","Unwanted Remake",-0.0287459454149994,0.0708877467630154,62,0.971663288625425,0.845619377446715,1.11649469210735,FALSE,TRUE,2.46600853579951
"7c353e83-4b63-4bc6-b029-273d2eca1f75","Upheaval",-0.019636801969814,0.0691550133902902,64,0.980554744192299,0.856260498709088,1.12289146563176,FALSE,TRUE,3.52170447594248
"7c59e0cd-10a8-4a32-9c0a-a2c6ef1ed9a6","Unable to Scream",0.00143723662695064,0.0684366809641757,41,1.00143826994649,0.875728946208705,1.14519294223994,FALSE,TRUE,47.6168500585577
"7ea4b5bc-18a4-45db-a56a-ab3f8bd2fb0d","Ledger Shredder",-0.00353760660151791,0.072768326930846,40,0.996468643356579,0.86401640128805,1.14922558844096,FALSE,TRUE,20.5699319137472
"7f7e780e-fbc5-4dc0-b5c7-efcb8645c7c6","Ertai Resurrected",0.0250154230434494,0.0718703808114902,57,1.02533093412603,0.890608338501927,1.18043305797488,FALSE,TRUE,2.87304278990837
"7fbdba12-1369-41ae-b0e9-c405c0f0a2e5","Syr Ginger, the Meal Ender",0.0057566647349563,0.0696908787704792,9,1.0057732661704,0.877360371013689,1.15298102850749,FALSE,TRUE,12.1061208145915
"80fca8c0-ae3e-439e-b202-228b9f360e9a","Portable Hole",-0.00380941452475653,0.0671037228295001,78,0.996197832090047,0.873425264910344,1.13622786119289,FALSE,TRUE,17.6152325753493
"85a89077-b384-4fca-9d26-7297962c1541","Kappa Cannoneer",-0.050147510426438,0.0729468095914257,99,0.951089118591212,0.824380357041041,1.09727324744781,FALSE,TRUE,1.45464468666759
"86ecaedc-08f1-4de7-aae8-056df57940e0","Goblin Cratermaker",-0.0170435397972769,0.0700057184371945,54,0.983100879690053,0.857053660549695,1.12768591295377,FALSE,TRUE,4.10746354747149
"87cc2855-6b14-44dd-a398-7dc2bbae081f","Kaldra Compleat",0.00932951525135977,0.0684465784675049,63,1.00937317083497,0.882650665873084,1.15428927592056,FALSE,TRUE,7.33656322149523
"87d5e94b-0b35-4efd-9158-1767dcaea38c","Witherbloom Command",-0.0162289307674584,0.0679397910191639,47,0.98390204881937,0.861232375120459,1.12404418323865,FALSE,TRUE,4.18633808922236
"89175ce1-0746-4ba1-970e-617d134b0527","Gau, Feral Youth",-0.0202948781942666,0.0699100427307262,54,0.97990967670344,0.854431825992847,1.12381461608276,FALSE,TRUE,3.44471359037159
"89345f55-2b32-4356-945a-d56dded39909","Preacher of the Schism",-0.0202348450628787,0.0725656985255133,25,0.979968505515632,0.850047019326589,1.12974723746849,FALSE,TRUE,3.58617514984766
"8c39f9b4-02b9-4d44-b8d6-4fd02ebbb0c5","Narset, Parter of Veils",-0.0233518488798209,0.0713581487090826,88,0.976918695547368,0.849409547949553,1.12356888383677,FALSE,TRUE,3.05578153902603
"8ca3c48b-f104-4292-9a4e-2ce87a65893c","Mutavault",0.00521020205635583,0.0657074781121049,80,1.0052237987627,0.883754071205234,1.1433892284319,FALSE,TRUE,12.611310924487
"8ff57c8b-173e-4a72-a0a0-1ad2d5cc6e5e","Spectacular Spider-Man",0.0134544685622328,0.0720278949266537,26,1.01354538722087,0.880099591729065,1.16722500681826,FALSE,TRUE,5.35345521775856
"900c9dfd-ece1-4b09-a801-0fa05e1994b9","Fallen Shinobi",0.00351769218842446,0.070281634493022,43,1.00352388652872,0.874385162171644,1.15173522424895,FALSE,TRUE,19.9794725429062
"90107d10-e2aa-4cb7-a000-039f0c581b47","Simic Signet",-0.0154775435117615,0.0679698448167734,58,0.984641618096376,0.861828969417974,1.12495535714262,FALSE,TRUE,4.39151372859151
"906b6e99-128f-4c11-8daf-16099d35b0d4","Assassin's Trophy",-0.00226673384391902,0.071005442180069,9,0.997735833257229,0.868109517091083,1.14671798127638,FALSE,TRUE,31.3250019937523
"907b3d1d-8c85-4707-80b5-c4d832df9846","Tishana's Tidebinder",-0.028634996403226,0.0701268749168366,70,0.971771099687729,0.846975363745407,1.11495459090137,FALSE,TRUE,2.44899192335628
"924a24e7-91b8-4ceb-a136-7a765d98c994","Mystic Forge",-0.0122963676478117,0.0711561882516315,35,0.987778923761272,0.859192317589074,1.13560978404096,FALSE,TRUE,5.78676486338586
"926916ed-2f22-4ba9-9427-194886ad6c1e","Urza's Cave",0.010540143955788,0.067898214864678,50,1.01059588694734,0.884670201429384,1.15444608065777,FALSE,TRUE,6.44186788619641
"939c6e19-4b27-4023-bb9c-ae440f91e21c","Shadowspear",-0.00947824990230042,0.0692487168232821,18,0.990566527127343,0.864844346162163,1.13456490641281,FALSE,TRUE,7.30606573334547
"94b67489-5eb0-4406-9bf3-27e50dc632eb","Nadu, Winged Wisdom",0.00345575509801133,0.067393930953422,74,1.00346173310385,0.879293662931024,1.14516400180491,FALSE,TRUE,19.5019406879281
"9503a1e6-f0bf-44d0-a28b-56fbfcff1ff2","Guardian of Ghirapur",-0.036302947138382,0.0714408277162788,63,0.964348102728056,0.838343825689029,1.10929100297347,FALSE,TRUE,1.96790710803605
"952ba126-0915-47f0-9b6a-a0a6dcd22c6f","Moat",-0.00948495543321325,0.0708849584415207,18,0.990559884875144,0.862069423396397,1.13820170266343,FALSE,TRUE,7.47340975301839
"95be2701-af7c-483e-8165-e8bd4b2774ed","Opposition",-0.0113258898626358,0.0696106070977308,18,0.988738006572454,0.862635811577356,1.13327412625415,FALSE,TRUE,6.14614903923593
"96b6b2e1-c3e6-464c-8a13-b15deb34e862","Aetherflux Reservoir",0.0368024132235878,0.0730634688236098,48,1.03748800667398,0.899063164915928,1.19722551873537,FALSE,TRUE,1.985290159635
"96c5607b-55fe-43c2-93fe-0084d84499d9","Deep Forest Hermit",0.00662082282602904,0.0667942219140261,54,1.0066427889246,0.88311852973587,1.14744473179265,FALSE,TRUE,10.0885076778421
"972f3582-ad7c-4fe9-af29-90fa695a623f","Depthshaker Titan",-0.00453185975693251,0.0731818508715591,9,0.995478393624685,0.862458465252472,1.14901444196909,FALSE,TRUE,16.1483044040828
"97d08a15-e61c-4421-a541-c68a4f87cb74","Forensic Gadgeteer",-0.0487838312778349,0.0728440226807734,69,0.952386983725381,0.8256716392003,1.09854925821122,FALSE,TRUE,1.49320011923439
"985453e7-997e-4d77-a338-cc0290791ebe","Finale of Devastation",0.00751623301278724,0.0683535452216929,60,1.00754455079536,0.881212291444194,1.15198804158046,FALSE,TRUE,9.09412269489307
"98fb1eaa-2871-491a-a4f5-3e358778ba40","Mindslaver",-0.00888109471720158,0.0725952660168836,20,0.991158225715559,0.859703414469916,1.14271341938237,FALSE,TRUE,8.17413487058928
"991037a2-fea2-49f5-8ace-ebbf9f678cff","Talisman of Dominance",-0.0269229643123998,0.0739077334426469,26,0.97343622796514,0.842162642010878,1.12517231547153,FALSE,TRUE,2.74515586712744
"9a71531f-d4b6-4cc7-8193-b2f5bce33b21","Night Scythe",0.000121313812416338,0.0686325831095917,73,1.00012132117123,0.87424156698694,1.14412617156676,FALSE,TRUE,565.744178198364
"9a9a1df5-a4e8-49a4-aebe-ca93894ccfcf","Dimir Signet",-0.0151678824886128,0.0705026907427325,54,0.984946570440762,0.85782672136226,1.13090408874467,FALSE,TRUE,4.64815644475503
"9b32531e-c759-4603-abd0-1724e8df70db","Tribal Flames",-0.00708595501556234,0.0745264785582074,17,0.992939091170048,0.857994274159989,1.149107946832,FALSE,TRUE,10.5174924755422
"9b76bcd4-580a-4435-afe9-290940b1837f","Spell Queller",-0.00537225812827053,0.0705250997695823,18,0.9946421466435,0.866232913215209,1.14208659678786,FALSE,TRUE,13.1276454119836
"9cbb7b4e-bd32-44a0-9396-16738c5e4381","The Last Ride",-0.0257369490655974,0.0745242972160213,27,0.974591423077393,0.842143735883158,1.12786974653434,FALSE,TRUE,2.89561505623982
"9efbfd67-e0f5-43e0-9fff-1eb4a2bed0d8","Marauding Mako",0.0156884157153005,0.069739008426198,28,1.01581212499668,0.886033923442649,1.16459905878203,FALSE,TRUE,4.44525500163687
"a0b6a71e-56cb-4d25-8f2b-7a4f1b60900d","Uro, Titan of Nature's Wrath",-0.00248960089757965,0.0709874377106084,18,0.99751349558853,0.867946693860809,1.14642198757061,FALSE,TRUE,28.5135813453558
"a1176dcf-40ee-4342-aa74-791b8352e99a","Scrawling Crawler",-0.00579856643263236,0.0674622294578407,50,0.994218212806195,0.87107731858242,1.13476706784671,FALSE,TRUE,11.634294483234
"a15570c0-4210-4959-8584-987ec85f8283","Wight of the Reliquary",0.00478455985538757,0.0689723867486107,22,1.00479602413845,0.877743105969411,1.15023979483084,FALSE,TRUE,14.4156179112161
"a178cfe8-f9fa-4255-88d0-54a0bed079f5","Malevolent Rumble",0.00631132725917575,0.0713194274498277,41,1.00633128565095,0.87504956322545,1.15730891030566,FALSE,TRUE,11.3002264850297
"a211d505-4d40-4914-a9da-220770d6ddbc","Consider",0.0013196128681325,0.0726775003200342,28,1.00132048394031,0.868377902296422,1.15461564476361,FALSE,TRUE,55.0748648146231
"a249b1f4-2b22-4b67-a207-e0c4ae95d2e1","Ketria Triome",-0.012177506129514,0.0671417836779481,98,0.987896339641869,0.86608224643704,1.12684353234661,FALSE,TRUE,5.51359062880865
"a24e8dba-5c86-4e32-8a52-61402f7fe9f0","Containment Priest",0.0292429774837067,0.0693479928015566,78,1.02967475186284,0.898814066567013,1.17958778579568,FALSE,TRUE,2.37144089859506
"a3012af9-621d-4fae-b00d-079a89ae35fe","Harvester of Misery",-0.000419785339427359,0.0701708860285536,40,0.99958030275811,0.871138134284155,1.14696021484933,FALSE,TRUE,167.158972546006
"a3b1b58d-b7f1-404f-aec6-b19cef4bebbd","Unruly Krasis",-0.0177834323416985,0.0728471992668151,37,0.982373759707254,0.851663364001535,1.1331451422626,FALSE,TRUE,4.09635203525943
"a50d79fe-6d37-42f3-b7b0-0c3018282fa2","End-Raze Forerunners",-0.000391122021946508,0.0697460060584819,69,0.9996089544563,0.871888880426608,1.14603831320834,FALSE,TRUE,178.322881722116
"a55c4d47-5252-40af-961d-c08bc688028a","Goblin Engineer",-0.0176968130358394,0.0715134762934649,30,0.982458855925848,0.853966573917822,1.13028475945946,FALSE,TRUE,4.04103700189613
"a6d9b8d6-1e97-4e9c-b0c4-3b71734134a4","Scarlet Spider, Ben Reilly",0.00404120437885878,0.070018932142144,11,1.00404938105611,0.875293603001864,1.15174514716178,FALSE,TRUE,17.326253655579
"a76fa8d4-923d-4afc-ba47-ba10fc0fe46e","Comet, Stellar Pup",-0.00501772408872729,0.071753314849843,25,0.994994843659504,0.864456562269674,1.14524521198574,FALSE,TRUE,14.2999721748436
"a9225cc3-90f0-448f-a8d9-7c6c2796d077","Sheoldred's Edict",0.0198236157525164,0.0701053630038011,99,1.02002140845013,0.889066808845138,1.17026489274532,FALSE,TRUE,3.53645691477357
"a93e3406-4e29-4bc0-ae52-cbd2ac1f99a4","Alesha, Who Laughs at Fate",-0.00163273857508329,0.0702525532541391,10,0.998368593617405,0.86994286408711,1.14575323261895,FALSE,TRUE,43.0274352099236
"aaae15dd-11b6-4421-99e9-365c7fe4a5d6","Embercleave",-0.037329683682227,0.0695807257221154,89,0.963358479418143,0.840542379108538,1.10411989083896,FALSE,TRUE,1.86395165612516
"aac0c8df-f01d-4178-8d66-ee603f814d24","Mishra's Workshop",-0.0337613252574308,0.0708090070929275,61,0.96680222837542,0.841518754039299,1.11073763276823,FALSE,TRUE,2.09734086422874
"ab1d1461-1625-4163-aacd-a939f4871fad","Staff of the Storyteller",-0.04293943805509,0.0721136568709902,97,0.957969404800589,0.83170106007324,1.10340773216422,FALSE,TRUE,1.67942712194954
"ab9f6a1b-8467-4584-affd-8c71d3e34d2f","Akal Pakal, First Among Equals",-0.0386504120009528,0.0730062583656949,54,0.962086984427836,0.833815871648895,1.11009084508673,FALSE,TRUE,1.88888693770962
"abcd0e32-2e6b-419b-9e8a-af38f2b48a66","Monastery Mentor",-0.00121602082224717,0.0701522290939391,27,0.998784718231474,0.870476609916159,1.14600542048891,FALSE,TRUE,57.6899900153847
"af09af65-0a3b-42df-b0fd-372e2158beac","Academy Ruins",-0.0212109681936368,0.0687286320805319,45,0.97901240230313,0.855628418971341,1.12018869711649,FALSE,TRUE,3.24024021219127
"b0c5728e-43e7-417a-ba18-5038345cec67","Arcane Denial",0.0177222356199408,0.0724379771852061,47,1.01788020625541,0.883153548254445,1.17315965760923,FALSE,TRUE,4.08740628093782
"b0f61742-522c-4b36-97db-41d0c412a072","Nexus of Becoming",-0.000808268884661629,0.0723028915275697,20,0.999192057676644,0.867168531633024,1.15131572664884,FALSE,TRUE,89.4540083128875
"b277752b-430a-4f09-8a98-b72f813dd52e","Bountiful Landscape",0.00845857000809375,0.06851852324044,46,1.00849444478983,0.881757913144643,1.15344702895239,FALSE,TRUE,8.10048544551581
"b3c1e5e3-4e6b-456a-958c-7a75c38f8183","Cosmogrand Zenith",-0.00612089105883853,0.0720690412260308,24,0.993897803433075,0.862969257067397,1.14469065448057,FALSE,TRUE,11.7742728196352
"b3da28c7-6e92-439d-a163-91682d4f11dc","Shattered Landscape",-0.0230114705901047,0.0711985068280274,55,0.977251274060192,0.849964628432016,1.12359976016185,FALSE,TRUE,3.09404418762545
"b3dd3c7d-4685-4579-b483-14ddaaaddf5b","Scythecat Cub",-0.00724690382904652,0.0667954203701095,98,0.992779291661577,0.870954164286853,1.13164476658665,FALSE,TRUE,9.21709766623159
"b50e1800-a45c-43bd-8886-8a06145d9346","Recurring Nightmare",-0.0247686814423986,0.0674326051389258,83,0.975535545405985,0.854758259444736,1.11337865394687,FALSE,TRUE,2.72249474788334
"b51666ae-2aef-4cb1-9cd4-44aec81530f8","Griselbrand",-0.00375074092555799,0.0705399370749693,18,0.996256284317154,0.867613432666257,1.1439732796567,FALSE,TRUE,18.8069340098384
"b598c93e-dae1-4d71-a9e4-917abf76d2d0","Raucous Theater",0.00964704653755409,0.0651737022352866,86,1.00969372928713,0.888613043532321,1.14727263388934,FALSE,TRUE,6.75581920140822
"b5aaaee0-9a61-45df-821e-cce516f8de6a","Old One Eye",0.0102222179351784,0.0649630294581645,78,1.01027464328712,0.889491507159854,1.14745879713665,FALSE,TRUE,6.35508163395765
"b6876d9e-0908-43ac-8542-09c7aa02b5ba","Tarmogoyf",0.000397935741093312,0.0721981436852382,15,1.00039801492802,0.868393413294369,1.15246865412679,FALSE,TRUE,181.43166403419
"b689a206-aec3-4a31-95cf-3d4b840db04c","Securitron Squadron",-0.0149793349312176,0.0680540209478646,95,0.985132297219398,0.862116198819132,1.12570166800493,FALSE,TRUE,4.54319375729006
"b6cb2549-e485-44d6-9d65-7605c568909e","Unearth",0.0299427557265571,0.0672539800314827,99,1.03039554802072,0.90314239665458,1.17557872303829,FALSE,TRUE,2.24608518486604
"b768efa2-e56b-4a7e-ace8-d673f10e0714","Birthing Pod",0.00934332031381768,0.0704079534842521,51,1.00938710539082,0.879276148503682,1.15875124130584,FALSE,TRUE,7.53564590738979
"b7f16fdf-a3f5-462d-a64a-789d893b6ef5","Batterskull",0.0217261068321099,0.0678056023453044,74,1.02196383722152,0.894784050870343,1.16722027350919,FALSE,TRUE,3.12092741093824
"b8aa7126-5df3-42dd-b4a3-0d0ea59eeebd","Helping Hand",0.0175590517301018,0.069196143133647,47,1.01771411815578,0.8886379437355,1.16553882668991,FALSE,TRUE,3.94076765632069
"b90331d4-74f0-43bf-8ed2-f8616d782859","Basalt Monolith",-0.0200198920335996,0.0681611298323126,55,0.980179175355739,0.85760152838235,1.12027693981991,FALSE,TRUE,3.40467020091402
"bb142d99-b210-47c8-897c-be62f90d2192","Mishra's Research Desk",-0.0284225280502328,0.0726461272444637,30,0.971977592228554,0.842982620495701,1.12071164556024,FALSE,TRUE,2.55593475415248
"bb9ad57f-cca2-4717-a951-cbe3c7782efe","Recruiter of the Guard",-0.000783257842119001,0.067907452286784,97,0.999217048824233,0.874693390994797,1.14146822296837,FALSE,TRUE,86.6987199299138
"bce84a87-093a-42de-9696-8c3250e0f33b","Goblin Rabblemaster",0.0201386208365712,0.0687921933379864,55,1.02034277099239,0.891638874040861,1.167624472897,FALSE,TRUE,3.41593368762679
"bdb41396-5008-4a5f-92ca-54ecac42e926","Cave of the Frost Dragon",-0.0120546165486255,0.071864886862649,37,0.988017749268846,0.858207133066472,1.13746324780858,FALSE,TRUE,5.9616070384954
"bf220c06-3cce-4bdd-aa58-83940c223e9c","Commercial District",-0.00716064237526941,0.0699860081385967,57,0.992864933940316,0.865599266458845,1.13884197370121,FALSE,TRUE,9.77370527263115
"bf4b9a8a-b42a-46fb-b0d0-9cf800f63c8a","Emry, Lurker of the Loch",-0.0760463826736634,0.0833711038607927,85,0.926773219342666,0.787057676876302,1.09129054366083,FALSE,TRUE,1.0963191269539
"bfa4e927-1d6f-4a64-9801-7d168a5ef3f6","Astrologian's Planisphere",-0.0069378649527039,0.0743104613083201,25,0.993086146470919,0.858484744184993,1.14879163665131,FALSE,TRUE,10.7108543932322
"c14098d6-28ae-492f-8ffc-7d115d83ce6a","Summon: Good King Mog XII",-0.0134949283532777,0.0705428603970192,14,0.986595719969994,0.859195377942683,1.13288681439816,FALSE,TRUE,5.2273608684914
"c3b92caa-3401-4b11-9515-152f3e057c05","Koma, World-Eater",-0.00795046726345489,0.0712649267899301,25,0.992081054109534,0.862750511811324,1.14079888038168,FALSE,TRUE,8.96361489563091
"c4fffacd-81c7-44b8-9b59-2c7210022c14","Augur of Autumn",-0.0453516395654912,0.0742914335615136,78,0.955661374391778,0.826163280087196,1.10545782476315,FALSE,TRUE,1.63812012693017
"c565f8fe-acf7-40dd-8100-8f692d1e232c","Talon Gates of Madara",-0.0143924751034797,0.0709511359720076,24,0.98571060146481,0.857737902066207,1.13277655971547,FALSE,TRUE,4.92973831546552
"c8f0b123-fdb0-4f3e-ba78-fa155c227e20","Greasewrench Goblin",0.0204482603891986,0.0701401025247432,29,1.0206587583901,0.889561761300486,1.17107585599842,FALSE,TRUE,3.4301256532215
"ca4c8b04-66af-4cb3-8003-9088d8344b20","Alpha Deathclaw",0.000742751910558787,0.0694458982538972,28,1.00074302781907,0.873391640958827,1.14666383414091,FALSE,TRUE,93.4981078697618
"cbac1d27-15e2-4e2f-82ab-625a16e096cb","Enlightened Tutor",0.0117749443150393,0.0700521672416034,28,1.01184454187272,0.882031681565205,1.16076258746259,FALSE,TRUE,5.94925677500918
"cd062615-648f-4cc7-9373-520f3f6a90e3","Spitting Dilophosaurus",-0.0127386670748553,0.0716820368703143,32,0.987342126313998,0.857927690938847,1.13627813240001,FALSE,TRUE,5.62712224513715
"cda40e31-ba99-4565-ad92-7c687ff44bd9","Daretti, Scrap Savant",-0.00359157736495597,0.0707305552856231,17,0.996414864634408,0.867427394534559,1.14458292269769,FALSE,TRUE,19.6934516782963
"cdfadb17-76ad-4d4d-9fa7-33c4b88b4c0a","Sowing Mycospawn",-0.00564327923205457,0.0706122724333883,17,0.994372614157192,0.865850227183901,1.14197220805926,FALSE,TRUE,12.5126313141305
"ce35e6fb-ff54-44c4-a216-7ddd37f46882","Screaming Nemesis",0.0103945359040569,0.0695796552261062,46,1.01044874676181,0.881631078926439,1.15808833676302,FALSE,TRUE,6.69386838126655
"ce54c7c1-3401-4414-8da0-5846cb0ae1b4","Channel",0.00620073074440893,0.0692483537304851,39,1.00621999507234,0.878511709417981,1.15249309443372,FALSE,TRUE,11.1677730552846
"ce648aa3-098b-4af0-a433-fd290bc85904","Balance",0.0257940975470472,0.0711084384174367,66,1.02612964410938,0.892634173877159,1.17958966543548,FALSE,TRUE,2.75677171057209
"d0e3e7b3-7ba9-47a2-b46c-a40bffb445e2","Twisted Landscape",0.0074597255991673,0.0701388779041153,48,1.00748761866725,0.878084476666814,1.15596087704549,FALSE,TRUE,9.40234020296198
"d13a898e-6a97-4fd9-980e-3bfd8d755386","Tarfire",0.00246376932589712,0.0684549408512361,45,1.00246680689966,0.876596998750185,1.14641015240572,FALSE,TRUE,27.7846388181288
"d2124603-d20e-40eb-97f0-a66323397ac2","Bolas's Citadel",0.0116007573559134,0.0710929770964061,30,1.0116683070982,0.880080870221699,1.16293036039873,FALSE,TRUE,6.12830480935514
"d2507bc2-da17-4e46-b4c5-ba0080ce2c6f","Rishadan Port",-0.00517718599087414,0.0665417418849462,86,0.994836192538848,0.873192712496169,1.13342568693224,FALSE,TRUE,12.852878378764
"d58d3545-043a-457a-8324-facc3c2363ec","Overlord of the Boilerbilges",0.0248734094037036,0.0726647173784822,48,1.02518533348701,0.889096556697451,1.18210441833318,FALSE,TRUE,2.92138147204148
"d5c782cc-c951-4c6f-a93f-774ae6c1c214","Shallow Grave",0.00961817232363568,0.0672809713171409,75,1.00966457559529,0.884924868916144,1.1519876895997,FALSE,TRUE,6.99519295904117
"d7a8cc1d-aabb-4eb6-b0f1-6c93ec246f61","Court of Garenbrig",0.0145333099393611,0.0647127454515528,85,1.01463943196646,0.893772803274885,1.15185108914597,FALSE,TRUE,4.45271901043609
"d91a527d-51f1-4fb1-9016-fc923fd43a6a","Azorius Signet",0.00398087450183803,0.0722540399672619,25,1.0039888087076,0.87141491977215,1.15673200577478,FALSE,TRUE,18.1502933423049
"d9482aab-6ddf-48e1-84fa-b13d5ff81e69","Icetill Explorer",-0.00764441180652432,0.0705571969852335,15,0.99238473239869,0.864212563473767,1.13956623488489,FALSE,TRUE,9.2299052917341
"da13a060-36ee-41e9-bab1-af8ddcc893b8","Norman Osborn // Green Goblin",-0.0141153548533238,0.0722249018203445,27,0.985983799685901,0.855836297454171,1.13592290504027,FALSE,TRUE,5.11676132628982
"db2a5e85-6cbc-43c1-9362-4056ad017ef0","Pyrokinesis",-0.00993801463144807,0.0727723410648096,17,0.990111204255015,0.858497248963592,1.14190254887222,FALSE,TRUE,7.32262365910865
"dd16222e-349c-4a2b-a7c8-8eb35a8ab332","Static Prison",-0.0119965619142959,0.0649783989981686,51,0.988075109943001,0.86991982743731,1.12227861935844,FALSE,TRUE,5.41641842574382
"e16ab44e-4257-4c0c-b705-8ac1e9c1d835","Touch the Spirit Realm",-0.0141826253137629,0.0701167451520692,40,0.985917474332604,0.859322109086205,1.13116287352135,FALSE,TRUE,4.94384809588303
"e2312c49-1627-47ad-8113-78a999a97d8d","Contaminated Landscape",-0.0190838509411412,0.0706433893974141,60,0.981097092879084,0.854238462429341,1.12679485646013,FALSE,TRUE,3.70173659474148
"e419cd0b-2449-4cc5-9ead-b9e45e271700","Phlage, Titan of Fire's Fury",-0.0305868422015028,0.0697107472475092,64,0.969876202225325,0.846013546742081,1.11187326877378,FALSE,TRUE,2.27910899687723
"e4775a26-0b66-40e9-8f64-41d9308ca032","Surrak, Elusive Hunter",-0.0138829124248722,0.0699143429543618,41,0.986213010792875,0.859920767652567,1.13105316122579,FALSE,TRUE,5.03599971063027
"e6d7fba8-a157-4d81-9d6b-bd210a96b248","Gleemox",-0.0289164564863575,0.0727929164479469,56,0.971497623401361,0.842323972987947,1.12048055444339,FALSE,TRUE,2.51735258371958
"e7b3ddca-69ef-4743-897b-57c58077db24","Time Warp",0.0326001116821502,0.0680260012558565,98,1.03313731708162,0.904176358501186,1.18049173251548,FALSE,TRUE,2.08668000647075
"e7c53ba4-9956-4cd6-85ca-2d6b61a5127c","Dance of the Dead",-0.0270094724292216,0.0710173041417351,27,0.973352021472538,0.846873972205218,1.11871918230957,FALSE,TRUE,2.6293480677135
"e9a268ba-c442-4fe4-90b4-2810c8474f4e","Caustic Bronco",-0.0126035023469382,0.0704177720096804,27,0.987475589163394,0.860172493950477,1.13361918225873,FALSE,TRUE,5.58715903494773
"ea7e7daf-7c06-4c74-8bcf-e42c1f611861","Virtue of Loyalty // Ardenvale Fealty",-0.0300398330665119,0.0728927899550721,36,0.970406878496904,0.841213571841129,1.11944165115295,FALSE,TRUE,2.42653778380454
"ec3de5f4-bb55-4ab9-995f-f3e0dc22c1bb","Voice of Victory",-0.0113396259628613,0.0664076626703999,55,0.988724425261377,0.868056351976801,1.12616650622074,FALSE,TRUE,5.85624807095873
"ec59ed99-ce40-489a-b776-8874bec60393","Trash for Treasure",-0.0248037687791742,0.0734491211648139,38,0.975501317062261,0.844708191928899,1.12654621878025,FALSE,TRUE,2.96120810586186
"eca8d6f8-c6f1-437c-99e2-4281eae14a6f","Fateful Absence",0.00360809987020719,0.0689761075060966,77,1.00361461689822,0.876704689959396,1.14889575793008,FALSE,TRUE,19.1170172631989
"eeeffc0b-dc92-458e-ad58-86ff6077a508","Sentinel of the Nameless City",0.0379309242179845,0.0690988745209712,97,1.03865948418436,0.907099738318124,1.1892997853647,FALSE,TRUE,1.82170289666205
"efda91fa-03b2-4fb4-ae07-b45f6c6d3eab","Yawgmoth's Will",0.0501105986949893,0.0746758742047757,48,1.05138737201721,0.908233191294907,1.21710527277826,FALSE,TRUE,1.4902211537984
"f0192cf7-3391-4720-b9c8-72dec5dde01e","Bloodtithe Harvester",0.00488311154167972,0.0696019547143223,39,1.00489505336068,0.876747080658347,1.15177351661153,FALSE,TRUE,14.2536073813256
"f1a21287-e244-4960-84fb-c4f6e5c346d9","Third Path Iconoclast",-0.0195256671311839,0.069531307761661,74,0.98066372404118,0.855724303264015,1.12384483645266,FALSE,TRUE,3.56102084986457
"f1b8413f-c9fc-4cea-b416-a1fcf651b009","Sylvan Safekeeper",-0.000572887854183482,0.073456074420412,19,0.999427276214731,0.865414415497337,1.15419256087614,FALSE,TRUE,128.220687319522
"f1e5cafb-b0e6-4ee5-8c58-6f8e5ef2b9da","Virtue of Persistence // Locthwain Scorn",0.0388437694394965,0.0717796030421211,88,1.03960805241339,0.903170207196238,1.19665694686488,FALSE,TRUE,1.8479051873152
"f20015ad-8fda-498f-ac28-1ffb824ab480","Caldaia Guardian",0.0132388776747727,0.0669216620056212,74,1.01332689962417,0.888760414441021,1.15535231859731,FALSE,TRUE,5.05493468930099
"f252ae53-443c-4a27-b8f0-639a9a2b8598","Pestermite",-0.00836926789683585,0.0711642283246333,38,0.991665656926081,0.862559492698994,1.14009617127918,FALSE,TRUE,8.50304103080967
"f33d3948-fe7b-4c3b-ab67-1022623fbb2b","Toby, Beastie Befriender",-0.00704007337876092,0.0674701574697012,72,0.992984649885941,0.869983022388952,1.13337673211314,FALSE,TRUE,9.5837292936819
"f44e5128-e146-4e46-b313-a40d82719d1d","Spirit of the Labyrinth",0.0147581099040798,0.0675841657401329,40,1.0148675485143,0.888956607654779,1.15861239137941,FALSE,TRUE,4.5794594415813
"f46a9329-7b91-441d-8653-50c1152c9120","Kellan, Planar Trailblazer",-0.0162155179672464,0.0673945994936298,67,0.983915245789483,0.862164722682975,1.12285875938461,FALSE,TRUE,4.15617926172693
"f5881bbc-8600-464d-9dcd-5a7780918d1d","Galvanic Blast",0.0232876523697797,0.0691987736143251,63,1.02356092693082,0.893738596769784,1.17224093815134,FALSE,TRUE,2.97147915622977
"f5fb426a-5618-4dd4-9c51-0cc847be8c1d","Multiversal Passage",-0.017265562578153,0.0711062355599141,25,0.982882633127613,0.855017122204614,1.12987008729479,FALSE,TRUE,4.11838509391456
"f61693a2-7042-44e0-85ba-9bf12ab94e7e","Suplex",-0.0151376030163884,0.0692658069662983,51,0.984976394554611,0.859934904818974,1.12819992814925,FALSE,TRUE,4.57574471277317
"f62fd592-4910-417d-a500-e7029f3d119f","Kitesail Freebooter",-0.0076934248531045,0.0715842361591993,55,0.992336093791548,0.862432384678633,1.14180652365972,FALSE,TRUE,9.30459938531968
"f632be90-9e7f-41f8-a52e-a2952354d730","Descendant of Storms",-0.0200756055614859,0.0699956732306506,44,0.980124567637128,0.854475776407344,1.1242497383892,FALSE,TRUE,3.48660333140506
"f6ca59cd-8779-4a84-a54b-e863b79c61f0","Underground Mortuary",-0.0104901882640973,0.0680547746882202,63,0.989564641867191,0.865993785404255,1.13076813822241,FALSE,TRUE,6.48746933562075
"f823be95-bef4-4e86-a924-239be62394bf","Izzet Signet",0.00857207506521678,0.0731367133753699,56,1.00860892050606,0.873911748089812,1.16406714607966,FALSE,TRUE,8.53197304257627
"f83ed433-fae3-4fa5-acad-bb8a5b535ce3","Coveted Jewel",0.00799885761993298,0.069994084642197,60,1.00803093394917,0.87880737333246,1.15625607457668,FALSE,TRUE,8.7505101313184
"f88d81d9-8ded-4c20-8237-2218046595fb","Shadow, Mysterious Assassin",-0.0104855910846246,0.0714086747362772,27,0.989569191083907,0.86032367559862,1.13823112360716,FALSE,TRUE,6.81017161168782
"f9246b68-580f-4f53-883d-7900880e4b0d","Six",-0.00463881890564065,0.0676034992730616,77,0.995371923797209,0.871846696338004,1.13639848707949,FALSE,TRUE,14.573429281936
"f9287151-95df-4f5a-b32a-4b0aea825452","Karn Liberated",-0.00818678827581359,0.0719308654011639,19,0.991846632210986,0.861421554134349,1.14201895356202,FALSE,TRUE,8.78621297849742
"fa6ac7d2-0127-49a8-b7d2-a38308d3c27b","Liliana, the Last Hope",-0.0103903928397833,0.0680521538540774,46,0.989663400818276,0.86608466085644,1.13087518020544,FALSE,TRUE,6.54952655817939
"fa7b7897-36e0-415a-8bb7-602886164852","Show and Tell",-0.00616577568184545,0.0693957442296423,82,0.993853193706013,0.86746385444766,1.13865743866477,FALSE,TRUE,11.2549900954022
"fc310a26-b6a0-4e42-98ab-bdfd7b06cb63","Beza, the Bounding Spring",-0.00247998503018554,0.0670220361111953,94,0.997523087592145,0.874727232238755,1.13755725625765,FALSE,TRUE,27.0251776907626
"fc7d1912-7e27-49ef-bd98-375d975a42b0","Starting Town",-0.0330606129366872,0.0716425312427598,52,0.967479916012875,0.840733987387109,1.11333358937623,FALSE,TRUE,2.16700553555855
"fd52688a-39fd-430f-b950-cb56e0004396","Talisman of Curiosity",0.021960657011576,0.0710799784143852,19,1.0222035671362,0.889268467667087,1.17501088890194,FALSE,TRUE,3.23669635097517
"fd6ddbca-b943-49d6-b341-509bb72dd5a6","Primeval Titan",-0.00175507539600287,0.0716017186288639,39,0.998246463848192,0.867539318812606,1.1486465004829,FALSE,TRUE,40.796947408604
"fd97b3cf-924e-4f77-bb82-0bf19592389f","Dreadhorde Arcanist",-0.00161003049826675,0.0648947642030946,90,0.998391264905529,0.879146464993536,1.13381007321345,FALSE,TRUE,40.3065434306716
"fd99bce1-ce39-464b-8e61-2631eb3ed6f6","Tolarian Academy",-0.0392135370112739,0.0714484761675436,90,0.961545361699765,0.83589476726346,1.10608358709216,FALSE,TRUE,1.82203600116465
"febaaeae-5c0d-45fa-8169-b27b4996f18e","Chrome Host Seedshark",-0.0366994789055077,0.0710117390504373,74,0.963965783876551,0.838716537270046,1.10791905392649,FALSE,TRUE,1.93495224368922
"ff590af2-2d6c-4f16-a9b8-1a6dab6e9ad5","Echo of Eons",-0.0176345034308604,0.0697184661009725,63,0.982520074456301,0.857029707044892,1.12638533854119,FALSE,TRUE,3.95352590302969
