BEGIN TRANSACTION;
CREATE TABLE IF NOT EXISTS "deck_names" (
	"deck_name"	TEXT NOT NULL UNIQUE,
	"deck_id"	INTEGER NOT NULL UNIQUE,
	PRIMARY KEY("deck_id" AUTOINCREMENT)
);
CREATE TABLE IF NOT EXISTS "game_data" (
	"id"	INTEGER NOT NULL UNIQUE,
	"game_id"	INTEGER,
	"game_type"	TEXT,
	"date"	TEXT,
	"player_name"	TEXT,
	"deck_name"	TEXT,
	"start"	INTEGER,
	"win"	INTEGER,
	"win_turn"	INTEGER,
	"win_type"	TEXT,
	"mv_card"	TEXT,
	"life"	INTEGER,
	"time_total"	NUMERIC,
	"deck_link"	TEXT,
	"uploader"	TEXT,
	PRIMARY KEY("id" AUTOINCREMENT)
);
CREATE TABLE IF NOT EXISTS "player_names" (
	"player_name"	TEXT NOT NULL UNIQUE,
	"player_id"	INTEGER NOT NULL UNIQUE,
	PRIMARY KEY("player_id" AUTOINCREMENT)
);
INSERT INTO "deck_names" VALUES ('Abaddon the Despoiler',1);
INSERT INTO "deck_names" VALUES ('Aesi, Tyrant of Gyre Strait',2);
INSERT INTO "deck_names" VALUES ('Aragorn, the Uniter',3);
INSERT INTO "deck_names" VALUES ('Arcades, the Strategist',4);
INSERT INTO "deck_names" VALUES ('Archelos, Lagoon Mystic',5);
INSERT INTO "deck_names" VALUES ('Arixmethes, Slumbering Isle',6);
INSERT INTO "deck_names" VALUES ('Athreos, God of Passage',7);
INSERT INTO "deck_names" VALUES ('Atraxa, Praetors'' Voice',8);
INSERT INTO "deck_names" VALUES ('Bello, Bard of the Brambles',9);
INSERT INTO "deck_names" VALUES ('Blim, Comedic Genius',10);
INSERT INTO "deck_names" VALUES ('Brago, King Eternal',11);
INSERT INTO "deck_names" VALUES ('Braids, Conjurer Adept',12);
INSERT INTO "deck_names" VALUES ('Breya, Etherium Shaper',13);
INSERT INTO "deck_names" VALUES ('Captain N''ghathrod',14);
INSERT INTO "deck_names" VALUES ('Chatterfang, Squirrel General',15);
INSERT INTO "deck_names" VALUES ('Cirdan the Shipwright',16);
INSERT INTO "deck_names" VALUES ('Círdan the Shipwright',17);
INSERT INTO "deck_names" VALUES ('Dakkon Blackblade',18);
INSERT INTO "deck_names" VALUES ('Duskana, the Rage Mother',19);
INSERT INTO "deck_names" VALUES ('Edgar Markov',20);
INSERT INTO "deck_names" VALUES ('Eriette of the Charmed Apple',21);
INSERT INTO "deck_names" VALUES ('Ezuri, Renegade Leader',22);
INSERT INTO "deck_names" VALUES ('Feldon of the Third Path',23);
INSERT INTO "deck_names" VALUES ('Frodo and Sam',24);
INSERT INTO "deck_names" VALUES ('Galea, Kindler of Hope',25);
INSERT INTO "deck_names" VALUES ('Ghalta, Primal Hunger',26);
INSERT INTO "deck_names" VALUES ('Ghave, Guru of Spores',27);
INSERT INTO "deck_names" VALUES ('Ghyrson Starn, Kelermorph',28);
INSERT INTO "deck_names" VALUES ('Giada, Font of Hope',29);
INSERT INTO "deck_names" VALUES ('God-Eternal Oketra',30);
INSERT INTO "deck_names" VALUES ('Grenzo, Havoc Raiser',31);
INSERT INTO "deck_names" VALUES ('Griselbrand',32);
INSERT INTO "deck_names" VALUES ('Hazel of the Rootbloom',33);
INSERT INTO "deck_names" VALUES ('Henzie "Toolbox" Torre',34);
INSERT INTO "deck_names" VALUES ('Ich-Tekik & Malcolm',35);
INSERT INTO "deck_names" VALUES ('Inigo, Avenging Swordsman',36);
INSERT INTO "deck_names" VALUES ('Jhoira, Weatherlight Captain',37);
INSERT INTO "deck_names" VALUES ('Juri, Master of the Revue',38);
INSERT INTO "deck_names" VALUES ('Kaalia of the Vast',39);
INSERT INTO "deck_names" VALUES ('Kangee, Sky Warden',40);
INSERT INTO "deck_names" VALUES ('Karlov of the Ghost Council',41);
INSERT INTO "deck_names" VALUES ('Karn, Legacy Reforged',42);
INSERT INTO "deck_names" VALUES ('Kasla, the Broken Halo',43);
INSERT INTO "deck_names" VALUES ('Kibo, Uktabi Prince',44);
INSERT INTO "deck_names" VALUES ('King Macar, the Gold-Cursed',45);
INSERT INTO "deck_names" VALUES ('Klothys, God of Destiny',46);
INSERT INTO "deck_names" VALUES ('Konda, Lord of Eiganjo',47);
INSERT INTO "deck_names" VALUES ('Korvold, Fae-Cursed King',48);
INSERT INTO "deck_names" VALUES ('Kroxa, Titan of Death''s Hunger',49);
INSERT INTO "deck_names" VALUES ('K''rrik, Son of Yawgmoth',50);
INSERT INTO "deck_names" VALUES ('Lathril, Blade of the Elves',51);
INSERT INTO "deck_names" VALUES ('Leonardo da Vinci',52);
INSERT INTO "deck_names" VALUES ('Leovold, Emissary of Trest',53);
INSERT INTO "deck_names" VALUES ('Liesa, Shroud of Dusk',54);
INSERT INTO "deck_names" VALUES ('Lord Windgrace',55);
INSERT INTO "deck_names" VALUES ('Magus Lucea Kane',56);
INSERT INTO "deck_names" VALUES ('Marneus Calgar',57);
INSERT INTO "deck_names" VALUES ('Marrow-Gnawer',58);
INSERT INTO "deck_names" VALUES ('Mayael the Anima',59);
INSERT INTO "deck_names" VALUES ('Meren of Clan Nel Toth',60);
INSERT INTO "deck_names" VALUES ('Merieke Ri Berit',61);
INSERT INTO "deck_names" VALUES ('Merry, Warden of Isengard | Pippin, Warden of Isengard',62);
INSERT INTO "deck_names" VALUES ('Miara und Gilanra',63);
INSERT INTO "deck_names" VALUES ('Mirko, Obsessive Theorist',64);
INSERT INTO "deck_names" VALUES ('Ms. Bumbleflower',65);
INSERT INTO "deck_names" VALUES ('Muldrotha, the Gravetide',66);
INSERT INTO "deck_names" VALUES ('Narfi, Betrayer King',67);
INSERT INTO "deck_names" VALUES ('Nekusar, the Mindrazer',68);
INSERT INTO "deck_names" VALUES ('Nelly Borca, Impulsive Accuser',69);
INSERT INTO "deck_names" VALUES ('Niv-Mizzet, Parun',70);
INSERT INTO "deck_names" VALUES ('Neyith of the Dire Hunt',71);
INSERT INTO "deck_names" VALUES ('Orvar, the All-Form',72);
INSERT INTO "deck_names" VALUES ('Pantlazta, Sun-Favored',73);
INSERT INTO "deck_names" VALUES ('Phenax, God of Deception',74);
INSERT INTO "deck_names" VALUES ('Phylath, World Sculptor',75);
INSERT INTO "deck_names" VALUES ('Polukranos, World Eater',76);
INSERT INTO "deck_names" VALUES ('Prosper, Tome-Bound',77);
INSERT INTO "deck_names" VALUES ('Queen Marchesa',78);
INSERT INTO "deck_names" VALUES ('Rakdos, Lord of Riots',79);
INSERT INTO "deck_names" VALUES ('Sauron, Lord of the Rings',80);
INSERT INTO "deck_names" VALUES ('Saheeli, the Sun''s Brilliance',81);
INSERT INTO "deck_names" VALUES ('Sefris of the Hidden Ways',82);
INSERT INTO "deck_names" VALUES ('Sharuum the Hegemon',83);
INSERT INTO "deck_names" VALUES ('Sheoldred, the Apocalypse',84);
INSERT INTO "deck_names" VALUES ('Sidar Jabari of Zhalfir',85);
INSERT INTO "deck_names" VALUES ('Sigarda, Host of Herons',86);
INSERT INTO "deck_names" VALUES ('Sliver Overlord',87);
INSERT INTO "deck_names" VALUES ('Sythis, Harvest''s Hand',88);
INSERT INTO "deck_names" VALUES ('Tawnos, Urza''s Apprentice',89);
INSERT INTO "deck_names" VALUES ('Thalisse, Reverent Medium',90);
INSERT INTO "deck_names" VALUES ('The Gitrog Monster',91);
INSERT INTO "deck_names" VALUES ('The Swarmlord',92);
INSERT INTO "deck_names" VALUES ('The Ur-Dragon',93);
INSERT INTO "deck_names" VALUES ('Tom Bombadil',94);
INSERT INTO "deck_names" VALUES ('Urza, Chief Artificer',95);
INSERT INTO "deck_names" VALUES ('Vial Smasher the Fierce',96);
INSERT INTO "deck_names" VALUES ('Wilhelt, the Rotcleaver',97);
INSERT INTO "deck_names" VALUES ('Wilson, Refined Grizzly',98);
INSERT INTO "deck_names" VALUES ('Wyleth, Soul of Steel',99);
INSERT INTO "deck_names" VALUES ('Yawgmoth, Thran Physician',100);
INSERT INTO "deck_names" VALUES ('Ygra, Eater of All',101);
INSERT INTO "deck_names" VALUES ('Zada, Hedron Grinder',102);
INSERT INTO "deck_names" VALUES ('Zinnia, Valley''s Voice',103);
INSERT INTO "deck_names" VALUES ('Anikthea, Hand of Erebos',104);
INSERT INTO "game_data" VALUES (1,1,'Normal','2023-03-28','Ale','Dakkon Blackblade',1,1,10,'Commander Damage','Teferis Protection',NULL,NULL,'https://archidekt.com/decks/5570303','Guy');
INSERT INTO "game_data" VALUES (2,1,'Normal','2023-03-28','Domi','Kibo, Uktabi Prince',0,0,10,'Commander Damage','Teferis Protection',NULL,NULL,NULL,'Guy');
INSERT INTO "game_data" VALUES (3,1,'Normal','2023-03-28','Guy','Marneus Calgar',0,0,10,'Commander Damage','Teferis Protection',NULL,NULL,'https://archidekt.com/decks/3301785','Guy');
INSERT INTO "game_data" VALUES (4,1,'Normal','2023-03-28','Elie','Sharuum the Hegemon',0,0,10,'Commander Damage','Teferis Protection',NULL,NULL,NULL,'Guy');
INSERT INTO "game_data" VALUES (5,2,'Normal','2023-03-28','Elie','Wilhelt, the Rotcleaver',0,1,10,'Combat Damage','Blasphemous Act',NULL,NULL,NULL,'Guy');
INSERT INTO "game_data" VALUES (6,2,'Normal','2023-03-28','Guy','King Macar, the Gold-Cursed',0,0,10,'Combat Damage','Blasphemous Act',NULL,NULL,'https://archidekt.com/decks/2635189','Guy');
INSERT INTO "game_data" VALUES (7,2,'Normal','2023-03-28','Domi','Lathril, Blade of the Elves',0,0,10,'Combat Damage','Blasphemous Act',NULL,NULL,NULL,'Guy');
INSERT INTO "game_data" VALUES (8,2,'Normal','2023-03-28','Ale','Tawnos, Urza''s Apprentice',1,0,10,'Combat Damage','Blasphemous Act',NULL,NULL,'https://archidekt.com/decks/5589017','Guy');
INSERT INTO "game_data" VALUES (9,3,'Normal','2023-04-18','Ale','Dakkon Blackblade',0,1,11,'Commander Damage','Robe of Stars',NULL,NULL,'https://archidekt.com/decks/5570303','Guy');
INSERT INTO "game_data" VALUES (10,3,'Normal','2023-04-18','Fubu','Arcades, the Strategist',0,0,11,'Commander Damage','Robe of Stars',NULL,NULL,NULL,'Guy');
INSERT INTO "game_data" VALUES (11,3,'Normal','2023-04-18','Lueku','K''rrik, Son of Yawgmoth',1,0,11,'Commander Damage','Robe of Stars',NULL,NULL,NULL,'Guy');
INSERT INTO "game_data" VALUES (12,3,'Normal','2023-04-18','Guy','Prosper, Tome-Bound',0,0,11,'Commander Damage','Robe of Stars',NULL,NULL,'https://archidekt.com/decks/2566481','Guy');
INSERT INTO "game_data" VALUES (13,4,'Normal','2023-04-18','Guy','Vial Smasher the Fierce',0,1,12,'Combat Damage','Expropriate',NULL,NULL,'https://archidekt.com/decks/3508740','Guy');
INSERT INTO "game_data" VALUES (14,4,'Normal','2023-04-18','Ale','Chatterfang, Squirrel General',0,0,12,'Combat Damage','Expropriate',NULL,NULL,'https://archidekt.com/decks/5588985','Guy');
INSERT INTO "game_data" VALUES (15,4,'Normal','2023-04-18','Fubu','Ezuri, Renegade Leader',0,0,12,'Combat Damage','Expropriate',NULL,NULL,NULL,'Guy');
INSERT INTO "game_data" VALUES (16,4,'Normal','2023-04-18','Lueku','Sythis, Harvest''s Hand',1,0,12,'Combat Damage','Expropriate',NULL,NULL,NULL,'Guy');
INSERT INTO "game_data" VALUES (17,5,'Reduced','2023-04-18','Fubu','Kaalia of the Vast',1,1,7,'Combat Damage','Toxic Deluge',NULL,NULL,NULL,'Guy');
INSERT INTO "game_data" VALUES (18,5,'Reduced','2023-04-18','Guy','Grenzo, Havoc Raiser',0,0,7,'Combat Damage','Toxic Deluge',NULL,NULL,'https://archidekt.com/decks/5573125','Guy');
INSERT INTO "game_data" VALUES (19,5,'Reduced','2023-04-18','Ale','Nekusar, the Mindrazer',0,0,7,'Combat Damage','Toxic Deluge',NULL,NULL,'https://archidekt.com/decks/5570255','Guy');
INSERT INTO "game_data" VALUES (20,13,'Normal','2023-05-04','Elie','Galea, Kindler of Hope',0,1,16,'Commander Damage','Slinn Voda, the Rising Deep',NULL,NULL,NULL,'Guy');
INSERT INTO "game_data" VALUES (21,13,'Normal','2023-05-04','Domi','Aesi, Tyrant of Gyre Strait',1,0,16,'Commander Damage','Slinn Voda, the Rising Deep',NULL,NULL,NULL,'Guy');
INSERT INTO "game_data" VALUES (22,13,'Normal','2023-05-04','Ale','Klothys, God of Destiny',0,0,16,'Commander Damage','Slinn Voda, the Rising Deep',NULL,NULL,'https://archidekt.com/decks/5570389','Guy');
INSERT INTO "game_data" VALUES (23,13,'Normal','2023-05-04','Lueku','Muldrotha, the Gravetide',0,0,16,'Commander Damage','Slinn Voda, the Rising Deep',NULL,NULL,NULL,'Guy');
INSERT INTO "game_data" VALUES (24,14,'Normal','2023-05-04','Lueku','Rakdos, Lord of Riots',1,1,12,'Combat Damage','Rakdos, Lord of Riots',NULL,NULL,NULL,'Guy');
INSERT INTO "game_data" VALUES (25,14,'Normal','2023-05-04','Domi','Kibo, Uktabi Prince',0,0,12,'Combat Damage','Rakdos, Lord of Riots',NULL,NULL,NULL,'Guy');
INSERT INTO "game_data" VALUES (26,14,'Normal','2023-05-04','Ale','Orvar, the All-Form',0,0,12,'Combat Damage','Rakdos, Lord of Riots',NULL,NULL,'https://archidekt.com/decks/5570369','Guy');
INSERT INTO "game_data" VALUES (27,14,'Normal','2023-05-04','Elie','The Ur-Dragon',0,0,12,'Combat Damage','Rakdos, Lord of Riots',NULL,NULL,NULL,'Guy');
INSERT INTO "game_data" VALUES (28,15,'Normal','2023-05-04','Elie','Ghave, Guru of Spores',0,1,8,'Combat Damage','Descent into Avernus',NULL,NULL,NULL,'Guy');
INSERT INTO "game_data" VALUES (29,15,'Normal','2023-05-04','Lueku','K''rrik, Son of Yawgmoth',0,0,8,'Combat Damage','Descent into Avernus',NULL,NULL,NULL,'Guy');
INSERT INTO "game_data" VALUES (30,15,'Normal','2023-05-04','Domi','Kibo, Uktabi Prince',1,0,8,'Combat Damage','Descent into Avernus',NULL,NULL,NULL,'Guy');
INSERT INTO "game_data" VALUES (31,15,'Normal','2023-05-04','Ale','Nekusar, the Mindrazer',0,0,8,'Combat Damage','Descent into Avernus',NULL,NULL,'https://archidekt.com/decks/5570255','Guy');
INSERT INTO "game_data" VALUES (32,16,'Normal','2023-05-17','Guy','Jhoira, Weatherlight Captain',0,1,7,'Combo','Aetherflux Reservoir',NULL,NULL,'https://archidekt.com/decks/2625576','Guy');
INSERT INTO "game_data" VALUES (33,16,'Normal','2023-05-17','Elie','Galea, Kindler of Hope',0,0,7,'Combo','Aetherflux Reservoir',NULL,NULL,NULL,'Guy');
INSERT INTO "game_data" VALUES (34,16,'Normal','2023-05-17','Lueku','God-Eternal Oketra',0,0,7,'Combo','Aetherflux Reservoir',NULL,NULL,NULL,'Guy');
INSERT INTO "game_data" VALUES (35,16,'Normal','2023-05-17','Fubu','Marrow-Gnawer',1,0,7,'Combo','Aetherflux Reservoir',NULL,NULL,NULL,'Guy');
INSERT INTO "game_data" VALUES (36,17,'Normal','2023-05-17','Elie','Sharuum the Hegemon',0,1,7,'Combo','Sphinx Summoner',NULL,NULL,NULL,'Guy');
INSERT INTO "game_data" VALUES (37,17,'Normal','2023-05-17','Lueku','Atraxa, Praetors'' Voice',0,0,7,'Combo','Sphinx Summoner',NULL,NULL,NULL,'Guy');
INSERT INTO "game_data" VALUES (38,17,'Normal','2023-05-17','Guy','Meren of Clan Nel Toth',0,0,7,'Combo','Sphinx Summoner',NULL,NULL,'https://archidekt.com/decks/2635395','Guy');
INSERT INTO "game_data" VALUES (39,17,'Normal','2023-05-17','Fubu','Vial Smasher the Fierce',1,0,7,'Combo','Sphinx Summoner',NULL,NULL,'https://archidekt.com/decks/3508740','Guy');
INSERT INTO "game_data" VALUES (40,18,'Normal','2023-05-17','Elie','Ghave, Guru of Spores',0,1,9,'Combo','Ashnod''s altar',NULL,NULL,NULL,'Guy');
INSERT INTO "game_data" VALUES (41,18,'Normal','2023-05-17','Guy','Brago, King Eternal',0,0,9,'Combo','Ashnod''s altar',NULL,NULL,'https://archidekt.com/decks/2635014','Guy');
INSERT INTO "game_data" VALUES (42,18,'Normal','2023-05-17','Fubu','Ezuri, Renegade Leader',0,0,9,'Combo','Ashnod''s altar',NULL,NULL,NULL,'Guy');
INSERT INTO "game_data" VALUES (43,18,'Normal','2023-05-17','Lueku','Leovold, Emissary of Trest',1,0,9,'Combo','Ashnod''s altar',NULL,NULL,NULL,'Guy');
INSERT INTO "game_data" VALUES (44,19,'Normal','2023-05-17','Fubu','Kaalia of the Vast',0,1,10,'Combat Damage','Revel in Riches',NULL,NULL,NULL,'Guy');
INSERT INTO "game_data" VALUES (45,19,'Normal','2023-05-17','Elie','Feldon of the Third Path',0,0,10,'Combat Damage','Revel in Riches',NULL,NULL,NULL,'Guy');
INSERT INTO "game_data" VALUES (46,19,'Normal','2023-05-17','Lueku','K''rrik, Son of Yawgmoth',1,0,10,'Combat Damage','Revel in Riches',NULL,NULL,NULL,'Guy');
INSERT INTO "game_data" VALUES (47,19,'Normal','2023-05-17','Guy','Prosper, Tome-Bound',0,0,10,'Combat Damage','Revel in Riches',NULL,NULL,'https://archidekt.com/decks/2566481','Guy');
INSERT INTO "game_data" VALUES (48,20,'Normal','2023-05-26','Elie','The Ur-Dragon',1,1,10,'Combat Damage','Eerie Ultimatum',NULL,NULL,NULL,'Guy');
INSERT INTO "game_data" VALUES (49,20,'Normal','2023-05-26','Ale','Kasla, the Broken Halo',0,0,10,'Combat Damage','Eerie Ultimatum',NULL,NULL,'https://archidekt.com/decks/5588968','Guy');
INSERT INTO "game_data" VALUES (50,20,'Normal','2023-05-26','Guy','King Macar, the Gold-Cursed',0,0,10,'Combat Damage','Eerie Ultimatum',NULL,NULL,'https://archidekt.com/decks/2635189','Guy');
INSERT INTO "game_data" VALUES (51,20,'Normal','2023-05-26','Domi','Phylath, World Sculptor',0,0,10,'Combat Damage','Eerie Ultimatum',NULL,NULL,NULL,'Guy');
INSERT INTO "game_data" VALUES (52,21,'Normal','2023-05-26','Elie','Wilhelt, the Rotcleaver',0,1,9,'Non-Combat Damage','Spiteful Visions',NULL,NULL,NULL,'Guy');
INSERT INTO "game_data" VALUES (53,21,'Normal','2023-05-26','Guy','Atraxa, Praetors'' Voice',1,0,9,'Non-Combat Damage','Spiteful Visions',NULL,NULL,'https://archidekt.com/decks/2625305','Guy');
INSERT INTO "game_data" VALUES (54,21,'Normal','2023-05-26','Domi','Kibo, Uktabi Prince',0,0,9,'Non-Combat Damage','Spiteful Visions',NULL,NULL,NULL,'Guy');
INSERT INTO "game_data" VALUES (55,21,'Normal','2023-05-26','Ale','Nekusar, the Mindrazer',0,0,9,'Non-Combat Damage','Spiteful Visions',NULL,NULL,'https://archidekt.com/decks/5570255','Guy');
INSERT INTO "game_data" VALUES (56,22,'Reduced','2023-05-26','Guy','Edgar Markov',0,0,10,'Combat Damage','Saint Traft and Rem Karolus',NULL,NULL,'https://archidekt.com/decks/2635223','Guy');
INSERT INTO "game_data" VALUES (57,22,'Reduced','2023-05-26','Ale','Kasla, the Broken Halo',1,1,10,'Combat Damage','Saint Traft and Rem Karolus',NULL,NULL,'https://archidekt.com/decks/5588968','Guy');
INSERT INTO "game_data" VALUES (58,22,'Reduced','2024-05-26','Elie','Niv-Mizzet, Parun',0,0,10,'Combat Damage','Saint Traft and Rem Karolus',NULL,NULL,NULL,'Guy');
INSERT INTO "game_data" VALUES (59,23,'Normal','2023-06-21','Elie','Niv-Mizzet, Parun',1,1,8,'Non-Combat Damage','Harmonic prodigy',NULL,NULL,NULL,'Guy');
INSERT INTO "game_data" VALUES (60,23,'Normal','2023-06-21','Tobi','Queen Marchesa',0,0,8,'Non-Combat Damage','Harmonic prodigy',NULL,NULL,NULL,'Guy');
INSERT INTO "game_data" VALUES (61,23,'Normal','2023-06-21','Guy','Sauron, Lord of the Rings',0,0,8,'Non-Combat Damage','Harmonic prodigy',NULL,NULL,NULL,'Guy');
INSERT INTO "game_data" VALUES (62,23,'Normal','2023-06-21','Fubu','The Ur-Dragon',0,0,8,'Non-Combat Damage','Harmonic prodigy',NULL,NULL,NULL,'Guy');
INSERT INTO "game_data" VALUES (63,24,'Normal','2023-06-21','Guy','Sigarda, Host of Herons',0,1,9,'Combat Damage','Korvold, Fae-Cursed King',NULL,NULL,'https://archidekt.com/decks/2638919','Guy');
INSERT INTO "game_data" VALUES (64,24,'Normal','2023-06-21','Fubu','Ezuri, Renegade Leader',0,0,9,'Combat Damage','Korvold, Fae-Cursed King',NULL,NULL,NULL,'Guy');
INSERT INTO "game_data" VALUES (65,24,'Normal','2023-06-21','Elie','Ghave, Guru of Spores',0,0,9,'Combat Damage','Korvold, Fae-Cursed King',NULL,NULL,NULL,'Guy');
INSERT INTO "game_data" VALUES (66,24,'Normal','2023-06-21','Tobi','Korvold, Fae-Cursed King',1,0,9,'Combat Damage','Korvold, Fae-Cursed King',NULL,NULL,NULL,'Guy');
INSERT INTO "game_data" VALUES (67,25,'Normal','2023-06-21','Elie','Feldon of the Third Path',0,0,10,'Combat Damage','Kroxa, Titan of Death''s Hunger',NULL,NULL,NULL,'Guy');
INSERT INTO "game_data" VALUES (68,25,'Normal','2023-06-21','Fubu','Kaalia of the Vast',0,0,10,'Combat Damage','Kroxa, Titan of Death''s Hunger',NULL,NULL,NULL,'Guy');
INSERT INTO "game_data" VALUES (69,25,'Normal','2023-06-21','Tobi','Kroxa, Titan of Death''s Hunger',1,0,10,'Combat Damage','Kroxa, Titan of Death''s Hunger',NULL,NULL,'https://archidekt.com/decks/5716003','Guy');
INSERT INTO "game_data" VALUES (70,25,'Normal','2023-06-21','Guy','Prosper, Tome-Bound',0,1,10,'Combat Damage','Kroxa, Titan of Death''s Hunger',NULL,NULL,'https://archidekt.com/decks/2566481','Guy');
INSERT INTO "game_data" VALUES (71,26,'Normal','2023-06-21','Guy','Vial Smasher the Fierce',0,1,10,'Combat Damage','Shark Typhoon',NULL,NULL,'https://archidekt.com/decks/3508740','Guy');
INSERT INTO "game_data" VALUES (72,26,'Normal','2023-06-21','Fubu','Kaalia of the Vast',0,0,10,'Combat Damage','Shark Typhoon',NULL,NULL,NULL,'Guy');
INSERT INTO "game_data" VALUES (73,26,'Normal','2023-06-21','Tobi','Sliver Overlord',1,0,10,'Combat Damage','Shark Typhoon',NULL,NULL,NULL,'Guy');
INSERT INTO "game_data" VALUES (74,26,'Normal','2023-06-21','Elie','The Ur-Dragon',0,0,10,'Combat Damage','Shark Typhoon',NULL,NULL,NULL,'Guy');
INSERT INTO "game_data" VALUES (75,27,'Reduced','2023-09-13','Guy','Lord Windgrace',1,1,13,'Combat Damage','Crucible of Worlds',NULL,NULL,'https://archidekt.com/decks/4335524','Guy');
INSERT INTO "game_data" VALUES (76,27,'Reduced','2023-09-13','Domi','Arixmethes, Slumbering Isle',0,0,13,'Combat Damage','Crucible of Worlds',NULL,NULL,NULL,'Guy');
INSERT INTO "game_data" VALUES (77,27,'Reduced','2023-09-13','Ale','Dakkon Blackblade',0,0,13,'Combat Damage','Crucible of Worlds',NULL,NULL,'https://archidekt.com/decks/5570303','Guy');
INSERT INTO "game_data" VALUES (78,28,'Reduced','2023-09-13','Guy','Phenax, God of Deception',1,1,8,'Combo','Tree of perdition',NULL,NULL,'https://archidekt.com/decks/4354303','Guy');
INSERT INTO "game_data" VALUES (79,28,'Reduced','2023-09-13','Domi','Círdan the Shipwright',0,0,8,'Combo','Tree of perdition',NULL,NULL,NULL,'Guy');
INSERT INTO "game_data" VALUES (80,28,'Reduced','2023-09-13','Ale','Konda, Lord of Eiganjo',0,0,8,'Combo','Tree of perdition',NULL,NULL,'https://archidekt.com/decks/5589169','Guy');
INSERT INTO "game_data" VALUES (81,29,'Reduced','2023-09-13','Guy','Jhoira, Weatherlight Captain',0,1,7,'Combo','Relentless fireweaver',NULL,NULL,'https://archidekt.com/decks/2625576','Guy');
INSERT INTO "game_data" VALUES (82,29,'Reduced','2023-09-13','Domi','Kibo, Uktabi Prince',1,0,7,'Combo','Relentless fireweaver',NULL,NULL,NULL,'Guy');
INSERT INTO "game_data" VALUES (83,29,'Reduced','2023-09-13','Ale','Mayael the Anima',0,0,7,'Combo','Relentless fireweaver',NULL,NULL,'https://archidekt.com/decks/5570314','Guy');
INSERT INTO "game_data" VALUES (84,30,'Normal','2023-07-26','Elie','Ghave, Guru of Spores',1,1,8,'Combat Damage','Forgotten Ancient',NULL,NULL,NULL,'Guy');
INSERT INTO "game_data" VALUES (85,30,'Normal','2023-07-26','Domi','Aesi, Tyrant of Gyre Strait',0,0,8,'Combat Damage','Forgotten Ancient',NULL,NULL,NULL,'Guy');
INSERT INTO "game_data" VALUES (86,30,'Normal','2023-07-26','Lucien','Polukranos, World Eater',0,0,8,'Combat Damage','Forgotten Ancient',NULL,NULL,NULL,'Guy');
INSERT INTO "game_data" VALUES (87,30,'Normal','2023-07-26','Ale','Tawnos, Urza''s Apprentice',0,0,8,'Combat Damage','Forgotten Ancient',NULL,NULL,'https://archidekt.com/decks/5589017','Guy');
INSERT INTO "game_data" VALUES (88,31,'Normal','2023-07-26','Ale','Mayael the Anima',0,1,9,'Combat Damage','Ilharg, the Raze-Boar',NULL,NULL,'https://archidekt.com/decks/5570314','Guy');
INSERT INTO "game_data" VALUES (89,31,'Normal','2023-07-26','Lucien','Athreos, God of Passage',0,0,9,'Combat Damage','Ilharg, the Raze-Boar',NULL,NULL,NULL,'Guy');
INSERT INTO "game_data" VALUES (90,31,'Normal','2023-07-26','Domi','Lathril, Blade of the Elves',1,0,9,'Combat Damage','Ilharg, the Raze-Boar',NULL,NULL,NULL,'Guy');
INSERT INTO "game_data" VALUES (91,31,'Normal','2023-07-26','Elie','Wilhelt, the Rotcleaver',0,0,9,'Combat Damage','Ilharg, the Raze-Boar',NULL,NULL,NULL,'Guy');
INSERT INTO "game_data" VALUES (92,32,'Normal','2023-07-26','Lucien','Athreos, God of Passage',0,1,9,'Non-Combat Damage','Wound Reflection',NULL,NULL,NULL,'Guy');
INSERT INTO "game_data" VALUES (93,32,'Normal','2023-07-26','Elie','Galea, Kindler of Hope',1,0,9,'Non-Combat Damage','Wound Reflection',NULL,NULL,NULL,'Guy');
INSERT INTO "game_data" VALUES (94,32,'Normal','2023-07-26','Ale','Kasla, the Broken Halo',0,0,9,'Non-Combat Damage','Wound Reflection',NULL,NULL,'https://archidekt.com/decks/5588968','Guy');
INSERT INTO "game_data" VALUES (95,32,'Normal','2023-07-26','Domi','Phylath, World Sculptor',0,0,9,'Non-Combat Damage','Wound Reflection',NULL,NULL,NULL,'Guy');
INSERT INTO "game_data" VALUES (96,33,'Normal','2023-07-26','Lucien','Zada, Hedron Grinder',0,1,6,'Combat Damage','Runaway Steam-Kin',NULL,NULL,'https://archidekt.com/decks/5589118','Guy');
INSERT INTO "game_data" VALUES (97,33,'Normal','2023-07-26','Elie','Feldon of the Third Path',0,0,6,'Combat Damage','Runaway Steam-Kin',NULL,NULL,NULL,'Guy');
INSERT INTO "game_data" VALUES (98,33,'Normal','2023-07-26','Ale','Griselbrand',1,0,6,'Combat Damage','Runaway Steam-Kin',NULL,NULL,'https://archidekt.com/decks/5570403','Guy');
INSERT INTO "game_data" VALUES (99,33,'Normal','2023-07-26','Domi','Kibo, Uktabi Prince',0,0,6,'Combat Damage','Runaway Steam-Kin',NULL,NULL,NULL,'Guy');
INSERT INTO "game_data" VALUES (100,34,'Normal','2023-09-21','Elie','Galea, Kindler of Hope',1,1,9,'Commander Damage','Rogue''s Passage',NULL,NULL,NULL,'Guy');
INSERT INTO "game_data" VALUES (101,34,'Normal','2024-09-21','Ale','Henzie "Toolbox" Torre',0,0,9,'Commander Damage','Rogue''s Passage',NULL,NULL,'https://archidekt.com/decks/5589057','Guy');
INSERT INTO "game_data" VALUES (102,34,'Normal','2024-09-21','Fubu','The Ur-Dragon',0,0,9,'Commander Damage','Rogue''s Passage',NULL,NULL,NULL,'Guy');
INSERT INTO "game_data" VALUES (103,34,'Normal','2024-09-21','Lueku','Urza, Chief Artificer',0,0,9,'Commander Damage','Rogue''s Passage',NULL,NULL,NULL,'Guy');
INSERT INTO "game_data" VALUES (104,35,'Normal','2023-09-21','Elie','The Ur-Dragon',0,1,8,'Combat Damage','Warstorm Surge',NULL,NULL,NULL,'Guy');
INSERT INTO "game_data" VALUES (105,35,'Normal','2024-09-21','Fubu','Feldon of the Third Path',0,0,8,'Combat Damage','Warstorm Surge',NULL,NULL,NULL,'Guy');
INSERT INTO "game_data" VALUES (106,35,'Normal','2024-09-21','Lueku','God-Eternal Oketra',0,0,8,'Combat Damage','Warstorm Surge',NULL,NULL,NULL,'Guy');
INSERT INTO "game_data" VALUES (107,35,'Normal','2024-09-21','Ale','Griselbrand',1,0,8,'Combat Damage','Warstorm Surge',NULL,NULL,'https://archidekt.com/decks/5570403','Guy');
INSERT INTO "game_data" VALUES (108,36,'Normal','2024-09-21','Lueku','Rakdos, Lord of Riots',1,1,9,'Non-Combat Damage','Rakdos, Lord of Riots',NULL,NULL,NULL,'Guy');
INSERT INTO "game_data" VALUES (109,36,'Normal','2024-09-21','Fubu','Ezuri, Renegade Leader',0,0,9,'Non-Combat Damage','Rakdos, Lord of Riots',NULL,NULL,NULL,'Guy');
INSERT INTO "game_data" VALUES (110,36,'Normal','2023-09-21','Elie','Ghave, Guru of Spores',0,0,9,'Non-Combat Damage','Rakdos, Lord of Riots',NULL,NULL,NULL,'Guy');
INSERT INTO "game_data" VALUES (111,36,'Normal','2024-09-21','Ale','Nekusar, the Mindrazer',0,0,9,'Non-Combat Damage','Rakdos, Lord of Riots',NULL,NULL,'https://archidekt.com/decks/5570255','Guy');
INSERT INTO "game_data" VALUES (112,37,'Reduced','2023-07-01','Guy','Vial Smasher the Fierce',0,1,8,'Non-Combat Damage','See Double',NULL,NULL,'https://archidekt.com/decks/3508740','Guy');
INSERT INTO "game_data" VALUES (113,37,'Reduced','2023-07-01','Ale','Henzie "Toolbox" Torre',0,0,8,'Non-Combat Damage','See Double',NULL,NULL,'https://archidekt.com/decks/5589057','Guy');
INSERT INTO "game_data" VALUES (114,37,'Reduced','2023-07-01','Elie','Sharuum the Hegemon',1,0,8,'Non-Combat Damage','See Double',NULL,NULL,NULL,'Guy');
INSERT INTO "game_data" VALUES (115,38,'Reduced','2023-07-01','Elie','Galea, Kindler of Hope',1,1,10,'Combat Damage','Oketra''s Monument',NULL,NULL,NULL,'Guy');
INSERT INTO "game_data" VALUES (116,38,'Reduced','2023-07-01','Ale','Kasla, the Broken Halo',0,0,10,'Combat Damage','Oketra''s Monument',NULL,NULL,'https://archidekt.com/decks/5588968','Guy');
INSERT INTO "game_data" VALUES (117,38,'Reduced','2023-07-01','Guy','Sauron, Lord of the Rings',0,0,10,'Combat Damage','Oketra''s Monument',NULL,NULL,NULL,'Guy');
INSERT INTO "game_data" VALUES (118,39,'Reduced','2023-07-01','Ale','Nekusar, the Mindrazer',0,1,6,'Non-Combat Damage','Dream Halls',NULL,NULL,'https://archidekt.com/decks/5570255','Guy');
INSERT INTO "game_data" VALUES (119,39,'Reduced','2023-07-01','Elie','Galea, Kindler of Hope',0,0,6,'Non-Combat Damage','Dream Halls',NULL,NULL,NULL,'Guy');
INSERT INTO "game_data" VALUES (120,39,'Reduced','2023-07-01','Guy','Grenzo, Havoc Raiser',1,0,6,'Non-Combat Damage','Dream Halls',NULL,NULL,'https://archidekt.com/decks/5573125','Guy');
INSERT INTO "game_data" VALUES (121,40,'Normal','2023-10-06','Elie','Galea, Kindler of Hope',1,1,13,'Combat Damage','Stonehewer Giant',NULL,NULL,NULL,'Guy');
INSERT INTO "game_data" VALUES (122,40,'Normal','2023-10-06','Fubu','Frodo and Sam',0,0,13,'Combat Damage','Stonehewer Giant',NULL,NULL,NULL,'Guy');
INSERT INTO "game_data" VALUES (123,40,'Normal','2023-10-06','Ale','Orvar, the All-Form',0,0,13,'Combat Damage','Stonehewer Giant',NULL,NULL,'https://archidekt.com/decks/5570369','Guy');
INSERT INTO "game_data" VALUES (124,40,'Normal','2023-10-06','Guy','Prosper, Tome-Bound',0,0,13,'Combat Damage','Stonehewer Giant',NULL,NULL,'https://archidekt.com/decks/2566481','Guy');
INSERT INTO "game_data" VALUES (125,41,'Normal','2023-10-06','Guy','Lord Windgrace',0,1,8,'Non-Combat Damage','Retreat to Hagra',NULL,NULL,'https://archidekt.com/decks/4335524','Guy');
INSERT INTO "game_data" VALUES (126,41,'Normal','2023-10-06','Elie','Ghave, Guru of Spores',0,0,8,'Non-Combat Damage','Retreat to Hagra',NULL,NULL,NULL,'Guy');
INSERT INTO "game_data" VALUES (127,41,'Normal','2023-10-06','Fubu','Merieke Ri Berit',1,0,8,'Non-Combat Damage','Retreat to Hagra',NULL,NULL,NULL,'Guy');
INSERT INTO "game_data" VALUES (128,41,'Normal','2023-10-06','Ale','Nekusar, the Mindrazer',0,0,8,'Non-Combat Damage','Retreat to Hagra',NULL,NULL,'https://archidekt.com/decks/5570255','Guy');
INSERT INTO "game_data" VALUES (129,42,'Normal','2023-10-06','Ale','Chatterfang, Squirrel General',0,1,12,'Combat Damage',NULL,NULL,NULL,'https://archidekt.com/decks/5588985','Guy');
INSERT INTO "game_data" VALUES (130,42,'Normal','2023-10-06','Elie','Sharuum the Hegemon',0,0,12,'Combat Damage',NULL,NULL,NULL,NULL,'Guy');
INSERT INTO "game_data" VALUES (131,42,'Normal','2023-10-06','Fubu','Tom Bombadil',1,0,12,'Combat Damage',NULL,NULL,NULL,NULL,'Guy');
INSERT INTO "game_data" VALUES (132,42,'Normal','2023-10-06','Guy','Vial Smasher the Fierce',0,0,12,'Combat Damage',NULL,NULL,NULL,'https://archidekt.com/decks/3508740','Guy');
INSERT INTO "game_data" VALUES (133,43,'Normal','2023-10-19','Lueku','Atraxa, Praetors'' Voice',1,1,14,'Non-Combat Damage','Vito, Thorn of the Dusk Rose',NULL,NULL,NULL,'Guy');
INSERT INTO "game_data" VALUES (134,43,'Normal','2023-10-19','Ale','Dakkon Blackblade',0,0,14,'Non-Combat Damage','Vito, Thorn of the Dusk Rose',NULL,NULL,'https://archidekt.com/decks/5570303','Guy');
INSERT INTO "game_data" VALUES (135,43,'Normal','2023-10-19','Guy','Edgar Markov',0,0,14,'Non-Combat Damage','Vito, Thorn of the Dusk Rose',NULL,NULL,'https://archidekt.com/decks/2635223','Guy');
INSERT INTO "game_data" VALUES (136,43,'Normal','2023-10-19','Elie','Niv-Mizzet, Parun',0,0,14,'Non-Combat Damage','Vito, Thorn of the Dusk Rose',NULL,NULL,NULL,'Guy');
INSERT INTO "game_data" VALUES (137,44,'Normal','2023-10-19','Elie','Sheoldred, the Apocalypse',0,1,8,'Non-Combat Damage','Sheoldred, the Apocalypse',NULL,NULL,NULL,'Guy');
INSERT INTO "game_data" VALUES (138,44,'Normal','2023-10-19','Lueku','Ghyrson Starn, Kelermorph',1,0,8,'Non-Combat Damage','Sheoldred, the Apocalypse',NULL,NULL,'https://archidekt.com/decks/5581613','Guy');
INSERT INTO "game_data" VALUES (139,44,'Normal','2023-10-19','Guy','Karlov of the Ghost Council',0,0,8,'Non-Combat Damage','Sheoldred, the Apocalypse',NULL,NULL,'https://archidekt.com/decks/5589079','Guy');
INSERT INTO "game_data" VALUES (140,44,'Normal','2023-10-19','Ale','The Gitrog Monster',0,0,8,'Non-Combat Damage','Sheoldred, the Apocalypse',NULL,NULL,NULL,'Guy');
INSERT INTO "game_data" VALUES (141,45,'Normal','2023-10-19','Lueku','Karn, Legacy Reforged',0,1,14,'Combat Damage','Karn, the Great Creator',NULL,NULL,NULL,'Guy');
INSERT INTO "game_data" VALUES (142,45,'Normal','2023-10-19','Guy','Ghyrson Starn, Kelermorph',0,0,14,'Combat Damage','Karn, the Great Creator',NULL,NULL,'https://archidekt.com/decks/5581613','Guy');
INSERT INTO "game_data" VALUES (143,45,'Normal','2023-10-19','Ale','Kasla, the Broken Halo',1,0,14,'Combat Damage','Karn, the Great Creator',NULL,NULL,'https://archidekt.com/decks/5588968','Guy');
INSERT INTO "game_data" VALUES (144,45,'Normal','2023-10-19','Elie','Wilhelt, the Rotcleaver',0,0,14,'Combat Damage','Karn, the Great Creator',NULL,NULL,NULL,'Guy');
INSERT INTO "game_data" VALUES (145,46,'Reduced','2023-11-02','Tobi','Ghalta primal hunger',1,1,7,'Combat Damage','Tangle weave',NULL,NULL,'https://archidekt.com/decks/5650683','Guy');
INSERT INTO "game_data" VALUES (146,46,'Reduced','2023-11-02','Fubu','Eriette of the Charmed Apple',0,0,7,'Combat Damage','Tangle weave',NULL,NULL,NULL,'Guy');
INSERT INTO "game_data" VALUES (147,46,'Reduced','2023-11-02','Guy','Grenzo, Havoc Raiser',0,0,7,'Combat Damage','Tangle weave',NULL,NULL,'https://archidekt.com/decks/5573125','Guy');
INSERT INTO "game_data" VALUES (148,47,'Normal','2023-11-10','Guy','Atraxa, Praetors'' Voice',0,1,14,'Combat Damage','Assult Suit',NULL,NULL,'https://archidekt.com/decks/2625305','Guy');
INSERT INTO "game_data" VALUES (149,47,'Normal','2023-11-10','Domi69','Abaddon the Despoiler',0,0,14,'Combat Damage','Assult Suit',NULL,NULL,NULL,'Guy');
INSERT INTO "game_data" VALUES (150,47,'Normal','2023-11-10','Tobi','Ghalta primal hunger',1,0,14,'Combat Damage','Assult Suit',NULL,NULL,'https://archidekt.com/decks/5650683','Guy');
INSERT INTO "game_data" VALUES (151,47,'Normal','2023-11-10','Elie','The Ur-Dragon',0,0,14,'Combat Damage','Assult Suit',NULL,NULL,NULL,'Guy');
INSERT INTO "game_data" VALUES (152,48,'Normal','2024-02-16','Elie','Sharuum the Hegemon',0,1,14,'Combo','Time Sieve',NULL,NULL,NULL,'Guy');
INSERT INTO "game_data" VALUES (153,48,'Normal','2024-02-16','Fubu','Giada, Font of Hope',0,0,14,'Combo','Time Sieve',NULL,NULL,'https://archidekt.com/decks/5936642','Guy');
INSERT INTO "game_data" VALUES (154,48,'Normal','2024-02-16','Lueku','K''rrik, Son of Yawgmoth',0,0,14,'Combo','Time Sieve',NULL,NULL,NULL,'Guy');
INSERT INTO "game_data" VALUES (155,48,'Normal','2024-02-16','Guy','Lord Windgrace',0,0,14,'Combo','Time Sieve',NULL,NULL,'https://archidekt.com/decks/4335524','Guy');
INSERT INTO "game_data" VALUES (156,49,'Normal','2024-02-16','Fubu','Eriette of the Charmed Apple',0,0,10,'Combat Damage',NULL,NULL,NULL,NULL,'Guy');
INSERT INTO "game_data" VALUES (157,49,'Normal','2024-02-16','Elie','Ghave, Guru of Spores',0,0,10,'Combat Damage',NULL,NULL,NULL,NULL,'Guy');
INSERT INTO "game_data" VALUES (158,49,'Normal','2024-02-16','Guy','Ghyrson Starn, Kelermorph',1,0,10,'Combat Damage',NULL,NULL,NULL,'https://archidekt.com/decks/5581613','Guy');
INSERT INTO "game_data" VALUES (159,49,'Normal','2024-02-16','Lueku','Sefris of the Hidden Ways',0,1,10,'Combat Damage',NULL,NULL,NULL,NULL,'Guy');
INSERT INTO "game_data" VALUES (160,50,'Normal','2024-02-16','Fubu','Tom Bombadil',0,1,10,'Combat Damage',NULL,NULL,NULL,'https://archidekt.com/decks/6008223','Guy');
INSERT INTO "game_data" VALUES (161,50,'Normal','2024-02-16','Guy','Marneus Calgar',0,0,10,'Combat Damage',NULL,NULL,NULL,'https://archidekt.com/decks/3301785','Guy');
INSERT INTO "game_data" VALUES (162,50,'Normal','2024-02-16','Elie','The Ur-Dragon',0,0,10,'Combat Damage',NULL,NULL,NULL,NULL,'Guy');
INSERT INTO "game_data" VALUES (163,50,'Normal','2024-02-16','Lueku','Yawgmoth, Thran Physician',1,0,10,'Combat Damage',NULL,NULL,NULL,NULL,'Guy');
INSERT INTO "game_data" VALUES (164,51,'Normal','2024-03-14','Elie','Merry, Warden of Isengard | Pippin, Warden of Isengard',0,1,13,'Combat Damage',NULL,NULL,NULL,NULL,'Guy');
INSERT INTO "game_data" VALUES (165,51,'Normal','2024-03-14','Lucien','Narfi, Betrayer King',1,0,13,'Combat Damage',NULL,NULL,NULL,NULL,'Guy');
INSERT INTO "game_data" VALUES (166,51,'Normal','2024-03-14','Tobi','Nelly Borca, Impulsive Accuser',0,0,13,'Combat Damage',NULL,NULL,NULL,NULL,'Guy');
INSERT INTO "game_data" VALUES (167,51,'Normal','2024-03-14','Nils','Pantlazta, Sun-Favored',0,0,13,'Combat Damage',NULL,NULL,NULL,NULL,'Guy');
INSERT INTO "game_data" VALUES (168,52,'Normal','2024-03-14','Lucien','Athreos, God of Passage',0,1,11,'Combat Damage','Fleshbag Marauder',NULL,NULL,NULL,'Guy');
INSERT INTO "game_data" VALUES (169,52,'Normal','2024-03-14','Guy','Duskana, the rage mother',0,0,11,'Combat Damage','Fleshbag Marauder',NULL,NULL,'https://archidekt.com/decks/6711388','Guy');
INSERT INTO "game_data" VALUES (170,52,'Normal','2024-03-14','Tobi','Mirko, Obsessive Theorist',0,0,11,'Combat Damage','Fleshbag Marauder',NULL,NULL,NULL,'Guy');
INSERT INTO "game_data" VALUES (171,52,'Normal','2024-03-14','Domi69','The Swarmlord',1,0,11,'Combat Damage','Fleshbag Marauder',NULL,NULL,NULL,'Guy');
INSERT INTO "game_data" VALUES (172,53,'Normal','2024-03-14','Guy','Vial Smasher the Fierce',0,1,12,'Combat Damage','Liesa, Shroud of Dusk',NULL,NULL,'https://archidekt.com/decks/3508740','Guy');
INSERT INTO "game_data" VALUES (173,53,'Normal','2024-03-14','Lucien','Athreos, God of Passage',0,0,12,'Combat Damage','Liesa, Shroud of Dusk',NULL,NULL,NULL,'Guy');
INSERT INTO "game_data" VALUES (174,53,'Normal','2024-03-14','Nici','Liesa, Shroud of Dusk',0,0,12,'Combat Damage','Liesa, Shroud of Dusk',NULL,NULL,NULL,'Guy');
INSERT INTO "game_data" VALUES (175,53,'Normal','2024-03-14','Tobi','Nelly Borca, Impulsive Accuser',1,0,12,'Combat Damage','Liesa, Shroud of Dusk',NULL,NULL,NULL,'Guy');
INSERT INTO "game_data" VALUES (176,54,'Normal','2024-03-21','Lucien','Polukranos, World Eater',0,1,9,'Combat Damage','Eriette of the Charmed Apple',NULL,NULL,NULL,'Guy');
INSERT INTO "game_data" VALUES (177,54,'Normal','2024-03-21','Elie','Aragorn, the Uniter',0,0,9,'Combat Damage','Eriette of the Charmed Apple',NULL,NULL,NULL,'Guy');
INSERT INTO "game_data" VALUES (178,54,'Normal','2024-03-21','Fubu','Eriette of the Charmed Apple',0,0,9,'Combat Damage','Eriette of the Charmed Apple',NULL,NULL,NULL,'Guy');
INSERT INTO "game_data" VALUES (179,54,'Normal','2024-03-21','Sandro','The Ur-Dragon',1,0,9,'Combat Damage','Eriette of the Charmed Apple',NULL,NULL,NULL,'Guy');
INSERT INTO "game_data" VALUES (180,55,'Normal','2024-03-21','Elie','Galea, Kindler of Hope',0,1,8,'Combat Damage','Kaalia of the Vast',NULL,NULL,NULL,'Guy');
INSERT INTO "game_data" VALUES (181,55,'Normal','2024-03-21','Fubu','Giada, Font of Hope',0,0,8,'Combat Damage','Kaalia of the Vast',NULL,NULL,NULL,'Guy');
INSERT INTO "game_data" VALUES (182,55,'Normal','2024-03-21','Lucien','Kaalia of the Vast',1,0,8,'Combat Damage','Kaalia of the Vast',NULL,NULL,NULL,'Guy');
INSERT INTO "game_data" VALUES (183,55,'Normal','2024-03-21','Sandro','The Ur-Dragon',0,0,8,'Combat Damage','Kaalia of the Vast',NULL,NULL,NULL,'Guy');
INSERT INTO "game_data" VALUES (184,56,'Normal','2024-03-21','Elie','Sharuum the Hegemon',0,1,6,'Combo','Buried Alive',NULL,NULL,NULL,'Guy');
INSERT INTO "game_data" VALUES (185,56,'Normal','2024-03-21','Fubu','Ezuri, Renegade Leader',0,0,6,'Combo','Buried Alive',NULL,NULL,NULL,'Guy');
INSERT INTO "game_data" VALUES (186,56,'Normal','2024-03-21','Lucien','The Ur-Dragon',0,0,6,'Combo','Buried Alive',NULL,NULL,NULL,'Guy');
INSERT INTO "game_data" VALUES (187,56,'Normal','2024-03-21','Sandro','Tom Bombadil',0,0,6,'Combo','Buried Alive',NULL,NULL,NULL,'Guy');
INSERT INTO "game_data" VALUES (188,57,'Normal','2024-03-21','Fubu','Merieke Ri Berit',0,1,13,'Combat Damage','Merieke Ri Berit',NULL,NULL,NULL,'Guy');
INSERT INTO "game_data" VALUES (189,57,'Normal','2024-03-21','Sandro','Kaalia of the Vast',0,0,13,'Combat Damage','Merieke Ri Berit',NULL,NULL,NULL,'Guy');
INSERT INTO "game_data" VALUES (190,57,'Normal','2024-03-21','Nici','Liesa, Shroud of Dusk',0,0,13,'Combat Damage','Merieke Ri Berit',NULL,NULL,NULL,'Guy');
INSERT INTO "game_data" VALUES (191,57,'Normal','2024-03-21','Vince','Nekusar, the Mindrazer',0,0,13,'Combat Damage','Merieke Ri Berit',NULL,NULL,NULL,'Guy');
INSERT INTO "game_data" VALUES (192,58,'Normal','2024-03-21','Nici','Sidar Jabari of Zhalfir',0,1,9,'Combat Damage','Herald of Hoofbeats',NULL,NULL,NULL,'Guy');
INSERT INTO "game_data" VALUES (193,58,'Normal','2024-03-21','Vince','Captain N''ghathrod',0,0,9,'Combat Damage','Herald of Hoofbeats',NULL,NULL,NULL,'Guy');
INSERT INTO "game_data" VALUES (194,58,'Normal','2024-03-21','Guy','Edgar Markov',1,0,9,'Combat Damage','Herald of Hoofbeats',NULL,NULL,'https://archidekt.com/decks/2635223','Guy');
INSERT INTO "game_data" VALUES (195,58,'Normal','2024-03-21','Tobi','Mirko, Obsessive Theorist',0,0,9,'Combat Damage','Herald of Hoofbeats',NULL,NULL,NULL,'Guy');
INSERT INTO "game_data" VALUES (196,59,'Normal','2024-03-21','Tobi','Nelly Borca, Impulsive Accuser',1,1,8,'Combat Damage','Craterhoof Behemoth',NULL,NULL,NULL,'Guy');
INSERT INTO "game_data" VALUES (197,59,'Normal','2024-03-21','Guy','Duskana, the rage mother',0,0,8,'Combat Damage','Craterhoof Behemoth',NULL,NULL,'https://archidekt.com/decks/6711388','Guy');
INSERT INTO "game_data" VALUES (198,59,'Normal','2024-03-21','Nici','Lathril, Blade of the Elves',0,0,8,'Combat Damage','Craterhoof Behemoth',NULL,NULL,NULL,'Guy');
INSERT INTO "game_data" VALUES (199,59,'Normal','2024-03-21','Vince','Wilson, Refined Grizzly',0,0,8,'Combat Damage','Craterhoof Behemoth',NULL,NULL,NULL,'Guy');
INSERT INTO "game_data" VALUES (200,61,'Normal','2024-03-21','Tobi','Mirko, Obsessive Theorist',1,1,12,'Combat Damage','Foreboding Steamboat',22,22.46,NULL,'Guy');
INSERT INTO "game_data" VALUES (201,61,'Normal','2024-03-21','Lucien','Meren of Clan Nel Toth',0,0,12,'Combat Damage','Foreboding Steamboat',0,7.21,NULL,'Guy');
INSERT INTO "game_data" VALUES (202,61,'Normal','2024-03-21','Elie','Merry, Warden of Isengard | Pippin, Warden of Isengard',0,0,12,'Combat Damage','Foreboding Steamboat',0,19.51,NULL,'Guy');
INSERT INTO "game_data" VALUES (203,61,'Normal','2024-03-21','Guy','Prosper, Tome-Bound',0,0,12,'Combat Damage','Foreboding Steamboat',0,25.66,'https://archidekt.com/decks/2566481','Guy');
INSERT INTO "game_data" VALUES (204,62,'Normal','2024-03-21','Fubu','Breya, Etherium Shaper',1,1,7,'Combo','Breya, Etherium Shaper',40,9.78,NULL,'Guy');
INSERT INTO "game_data" VALUES (205,62,'Normal','2024-03-21','Guy','Ghyrson Starn, Kelermorph',0,0,7,'Combo','Breya, Etherium Shaper',38,2.65,'https://archidekt.com/decks/5581613','Guy');
INSERT INTO "game_data" VALUES (206,62,'Normal','2024-03-21','Nici','Lathril, Blade of the Elves',0,0,7,'Combo','Breya, Etherium Shaper',36,2.72,NULL,'Guy');
INSERT INTO "game_data" VALUES (207,62,'Normal','2024-03-21','Tobi','Mirko, Obsessive Theorist',0,0,7,'Combo','Breya, Etherium Shaper',26,1.86,NULL,'Guy');
INSERT INTO "game_data" VALUES (208,63,'Reduced','2024-04-11','Guy','Marneus Calgar',1,0,7,'Combat Damage','Rippel Wave',NULL,NULL,NULL,'Guy');
INSERT INTO "game_data" VALUES (209,63,'Reduced','2024-04-11','Sandro','Atraxa, Praetors'' Voice',0,1,7,'Combat Damage','Rippel Wave',NULL,NULL,'https://archidekt.com/decks/2625305','Guy');
INSERT INTO "game_data" VALUES (210,63,'Reduced','2024-04-11','Ale','Mayael the Anima',0,0,7,'Combat Damage','Rippel Wave',NULL,NULL,'https://archidekt.com/decks/5570314','Guy');
INSERT INTO "game_data" VALUES (211,64,'Reduced','2024-04-11','Guy','Lord Windgrace',0,0,8,'Combat Damage',NULL,NULL,NULL,'https://archidekt.com/decks/4335524','Guy');
INSERT INTO "game_data" VALUES (212,64,'Reduced','2024-04-11','Sandro','Atraxa, Praetors'' Voice',0,1,8,'Combat Damage',NULL,NULL,NULL,'https://archidekt.com/decks/2625305','Guy');
INSERT INTO "game_data" VALUES (213,64,'Reduced','2024-04-11','Ale','Klothys, God of Destiny',0,0,8,'Combat Damage',NULL,NULL,NULL,'https://archidekt.com/decks/5570389','Guy');
INSERT INTO "game_data" VALUES (214,65,'Reduced','2024-04-11','Guy','Inigo, Avenging Swordsman',0,0,6,'Commander Damage','Seize the day',28,9.15,'https://archidekt.com/decks/7235367','Tobi');
INSERT INTO "game_data" VALUES (215,65,'Reduced','2024-04-11','Sandro','Atraxa, Praetors'' Voice',0,0,6,'Commander Damage','Seize the day',20,5.09,'https://archidekt.com/decks/2625305','Tobi');
INSERT INTO "game_data" VALUES (216,65,'Reduced','2024-04-11','Tobi','Ghalta primal hunger',1,1,6,'Commander Damage','Seize the day',31,6.64,NULL,'Tobi');
INSERT INTO "game_data" VALUES (217,66,'Normal','2024-07-30','Domi69','Magus Lucea Kane',1,0,9,'Combat Damage','Warstorm Surg',0,3.67,NULL,'Guy');
INSERT INTO "game_data" VALUES (218,66,'Normal','2024-07-30','Elie','Hazel of the Rootbloom',0,0,9,'Combat Damage','Warstorm Surg',8,12.07,NULL,'Guy');
INSERT INTO "game_data" VALUES (219,66,'Normal','2024-07-30','Guy','Braids, Conjurer Adept',0,0,9,'Combat Damage','Warstorm Surg',0,12.52,'https://archidekt.com/decks/5737655','Guy');
INSERT INTO "game_data" VALUES (220,66,'Normal','2024-07-30','Sandro','Bello, Bard of the Brambles',0,1,9,'Combat Damage','Warstorm Surg',20,21.67,NULL,'Guy');
INSERT INTO "game_data" VALUES (221,67,'Normal','2024-07-30','Domi69','Magus Lucea Kane',0,0,10,'Combat Damage','Xenagos, God of Revels',29,14.68,NULL,'Guy');
INSERT INTO "game_data" VALUES (222,67,'Normal','2024-07-30','Elie','Hazel of the Rootbloom',0,0,10,'Combat Damage','Xenagos, God of Revels',0,14.43,NULL,'Guy');
INSERT INTO "game_data" VALUES (223,67,'Normal','2024-07-30','Guy','Inigo, Avenging Swordsman',0,0,10,'Combat Damage','Xenagos, God of Revels',15,40.45,'https://archidekt.com/decks/7235367','Guy');
INSERT INTO "game_data" VALUES (224,67,'Normal','2024-07-30','Sandro','Bello, Bard of the Brambles',1,1,10,'Combat Damage','Xenagos, God of Revels',0,26.16,NULL,'Guy');
INSERT INTO "game_data" VALUES (225,68,'Normal','2024-07-30','Domi69','Magus Lucea Kane',0,0,10,'Combat Damage','Bello, Bard of the Brambles',0,16.62,NULL,'Guy');
INSERT INTO "game_data" VALUES (226,68,'Normal','2024-07-30','Elie','Ms. Bumbleflower',0,0,10,'Combat Damage','Bello, Bard of the Brambles',13,28.8,NULL,'Guy');
INSERT INTO "game_data" VALUES (227,68,'Normal','2024-07-30','Guy','Lord Windgrace',1,0,10,'Combat Damage','Bello, Bard of the Brambles',0,8.73,'https://archidekt.com/decks/4335524','Guy');
INSERT INTO "game_data" VALUES (228,68,'Normal','2024-07-30','Sandro','Bello, Bard of the Brambles',0,1,10,'Combat Damage','Bello, Bard of the Brambles',30,26.93,NULL,'Guy');
INSERT INTO "game_data" VALUES (229,69,'Normal','2024-07-30','Domi69','Magus Lucea Kane',0,0,8,'Non-Combat Damage','Vial Smasher the Fierce',20,5.78,NULL,'Guy');
INSERT INTO "game_data" VALUES (230,69,'Normal','2024-07-30','Elie','Zinnia, Valley''s Voice',0,0,8,'Non-Combat Damage','Vial Smasher the Fierce',1,21.81,NULL,'Guy');
INSERT INTO "game_data" VALUES (231,69,'Normal','2024-07-30','Guy','Vial Smasher the Fierce',1,0,8,'Non-Combat Damage','Vial Smasher the Fierce',2,12.48,'https://archidekt.com/decks/3508740','Guy');
INSERT INTO "game_data" VALUES (232,69,'Normal','2024-07-30','Sandro','Bello, Bard of the Brambles',0,1,8,'Non-Combat Damage','Vial Smasher the Fierce',6,8.43,NULL,'Guy');
INSERT INTO "game_data" VALUES (233,70,'Normal','2024-08-15','Elie','Leonardo da Vinci',0,0,11,'Non-Combat Damage','Retreat to Hagra',-1,27.62,NULL,'Guy');
INSERT INTO "game_data" VALUES (234,70,'Normal','2024-08-15','Guy','Lord Windgrace',0,1,11,'Non-Combat Damage','Retreat to Hagra',26,43.22,'https://archidekt.com/decks/4335524','Guy');
INSERT INTO "game_data" VALUES (235,70,'Normal','2024-08-15','Nico','Neyith of the Dire Hunt',1,0,11,'Non-Combat Damage','Retreat to Hagra',17,20.46,NULL,'Guy');
INSERT INTO "game_data" VALUES (236,70,'Normal','2024-08-15','Vince','Wyleth, Soul of Steel',0,0,11,'Non-Combat Damage','Retreat to Hagra',8,16.39,NULL,'Guy');
INSERT INTO "game_data" VALUES (237,71,'Normal','2024-08-15','Elie','Ygra, Eater of All',1,0,8,'Combat Damage','Consuming Abomination',6,14.07,NULL,'Guy');
INSERT INTO "game_data" VALUES (238,71,'Normal','2024-08-15','Guy','Inigo, Avenging Swordsman',0,0,8,'Combat Damage','Consuming Abomination',0,8.11,'https://archidekt.com/decks/7235367','Guy');
INSERT INTO "game_data" VALUES (239,71,'Normal','2024-08-15','Nico','Neyith of the Dire Hunt',0,0,8,'Combat Damage','Consuming Abomination',42,20.37,NULL,'Guy');
INSERT INTO "game_data" VALUES (240,71,'Normal','2024-08-15','Vince','Captain N''ghathrod',0,1,8,'Combat Damage','Consuming Abomination',22,20.67,NULL,'Guy');
INSERT INTO "game_data" VALUES (241,72,'Normal','2024-08-15','Elie','Ygra, Eater of All',0,1,8,'Commander Damage','Aura of silence',32,13.31,NULL,'Guy');
INSERT INTO "game_data" VALUES (242,72,'Normal','2024-08-15','Guy','Saheeli, the Sun''s Brilliance',1,0,8,'Commander Damage','Aura of silence',0,14.75,NULL,'Guy');
INSERT INTO "game_data" VALUES (243,72,'Normal','2024-08-15','Nico','Liesa, Shroud of Dusk',0,0,8,'Commander Damage','Aura of silence',-1,7.53,NULL,'Guy');
INSERT INTO "game_data" VALUES (244,72,'Normal','2024-08-15','Vince','Blim, Comedic Genius',0,0,8,'Commander Damage','Aura of silence',23,8.57,NULL,'Guy');
INSERT INTO "game_data" VALUES (245,73,'Reduced','2024-08-15','Elie','Leonardo da Vinci',1,0,7,'Combat Damage','City on Fire',34,11.36,NULL,'Guy');
INSERT INTO "game_data" VALUES (246,73,'Reduced','2024-08-15','Guy','Grenzo, Havoc Raiser',0,0,7,'Combat Damage','City on Fire',3,11.78,'https://archidekt.com/decks/5573125','Guy');
INSERT INTO "game_data" VALUES (247,73,'Reduced','2024-08-15','Nico','Sidar Jabari of Zhalfir',0,1,7,'Combat Damage','City on Fire',3,4.89,NULL,'Guy');
INSERT INTO "game_data" VALUES (248,74,'Normal','2024-08-23','Ale','Mayael the Anima',0,0,12,'Combat Damage','Anya, Merciless Angel',0,18.7,NULL,'Guy');
INSERT INTO "game_data" VALUES (249,74,'Normal','2024-08-23','Elie','Aragorn, the Uniter',0,0,12,'Combat Damage','Anya, Merciless Angel',0,19,NULL,'Guy');
INSERT INTO "game_data" VALUES (250,74,'Normal','2024-08-23','Tobi','Nelly Borca, Impulsive Accuser',0,1,12,'Combat Damage','Anya, Merciless Angel',5,19.28,NULL,'Guy');
INSERT INTO "game_data" VALUES (251,74,'Normal','2024-08-23','Guy','Anikthea, Hand of Erebos',1,0,12,'Combat Damage','Anya, Merciless Angel',0,24.72,NULL,'Guy');
INSERT INTO "game_data" VALUES (252,75,'Normal','2024-08-23','Ale','Nekusar, the Mindrazer',1,0,9,'Combo','Rhystic Study',12,16.42,NULL,'Guy');
INSERT INTO "game_data" VALUES (253,75,'Normal','2024-08-23','Elie','The Ur-Dragon',0,0,9,'Combo','Rhystic Study',12,3.65,'','Guy');
INSERT INTO "game_data" VALUES (254,75,'Normal','2024-08-23','Tobi','Mirko, Obsessive Theorist',0,0,9,'Combo','Rhystic Study',12,11.35,'','Guy');
INSERT INTO "game_data" VALUES (255,75,'Normal','2024-08-23','Guy','Saheeli, the Sun''s Brilliance',0,1,9,'Combo','Rhystic Study',6,19.08,'','Guy');
INSERT INTO "game_data" VALUES (256,76,'Normal','2024-08-23','Ale','Nekusar, the Mindrazer',0,0,7,'Commander Damage','Court of Garenbrig',0,9.3,NULL,'Guy');
INSERT INTO "game_data" VALUES (257,76,'Normal','2024-08-23','Elie','Galea, Kindler of Hope',0,0,7,'Commander Damage','Court of Garenbrig',0,4.3,NULL,'Guy');
INSERT INTO "game_data" VALUES (258,76,'Normal','2024-08-23','Tobi','Mirko, Obsessive Theorist',0,0,7,'Commander Damage','Court of Garenbrig',0,15,NULL,'Guy');
INSERT INTO "game_data" VALUES (259,76,'Normal','2024-08-23','Guy','Atraxa, Praetors'' Voice',1,1,7,'Commander Damage','Court of Garenbrig',30,4.62,NULL,'Guy');
INSERT INTO "player_names" VALUES ('Ale',1);
INSERT INTO "player_names" VALUES ('Domi',2);
INSERT INTO "player_names" VALUES ('Domi69',3);
INSERT INTO "player_names" VALUES ('Elie',4);
INSERT INTO "player_names" VALUES ('Fubu',5);
INSERT INTO "player_names" VALUES ('Guy',6);
INSERT INTO "player_names" VALUES ('Lucien',7);
INSERT INTO "player_names" VALUES ('Lueku',8);
INSERT INTO "player_names" VALUES ('Nico',9);
INSERT INTO "player_names" VALUES ('Nils',10);
INSERT INTO "player_names" VALUES ('Sandro',11);
INSERT INTO "player_names" VALUES ('Tobi',12);
INSERT INTO "player_names" VALUES ('Vince',13);
COMMIT;
