season_id,color,games_played,games_won,game_winrate,matches_played,matches_won,match_winrate
Season-4,B,447,250,0.5592841163310962,185,105,0.5675675675675675
Season-4,G,359,169,0.47075208913649025,149,64,0.42953020134228187
Season-4,R,434,223,0.5138248847926268,183,86,0.46994535519125685
Season-4,U,467,220,0.47109207708779444,196,83,0.42346938775510207
Season-4,W,450,223,0.4955555555555556,191,83,0.43455497382198954
Season-5,B,471,226,0.47983014861995754,203,85,0.4187192118226601
Season-5,G,377,175,0.46419098143236076,163,70,0.4294478527607362
Season-5,R,493,259,0.5253549695740365,210,105,0.5
Season-5,U,507,249,0.4911242603550296,218,96,0.44036697247706424
Season-5,W,421,194,0.46080760095011875,180,75,0.4166666666666667
Season-6,B,89,47,0.5280898876404494,37,19,0.5135135135135135
Season-6,G,81,37,0.4567901234567901,33,12,0.36363636363636365
Season-6,R,90,52,0.5777777777777777,38,22,0.5789473684210527
Season-6,U,112,51,0.45535714285714285,46,19,0.41304347826086957
Season-6,W,87,55,0.632183908045977,36,22,0.6111111111111112
Season-All,B,1007,523,0.519364448857994,425,209,0.49176470588235294
Season-All,G,817,381,0.4663402692778458,345,146,0.42318840579710143
Season-All,R,1017,534,0.5250737463126843,431,213,0.494199535962877
Season-All,U,1086,520,0.47882136279926335,460,198,0.43043478260869567
Season-All,W,958,472,0.49269311064718163,407,180,0.44226044226044225
