season_id,decktype,matches_won,matches_played,match_win_rate
Season-4,Artifacts,7,32,0.21875
Season-4,Artifacts Control,1,8,0.125
Season-4,Azorius Blink,5,16,0.3125
Season-4,Azorius Control,4,12,0.3333333333333333
Season-4,Azorius Tempo,2,8,0.25
Season-4,Birthing Pod,7,8,0.875
Season-4,Birthing Pod Combo-Control,2,4,0.5
Season-4,Boros Aggro,26,52,0.5
Season-4,Combo Lands,6,12,0.5
Season-4,Combo Mix,8,16,0.5
Season-4,Combo-Control Lands,7,16,0.4375
Season-4,Dimir Tempo,4,4,1.0
Season-4,Domain Control,10,20,0.5
Season-4,Draw 7,5,12,0.4166666666666667
Season-4,Draw 7 Combo-Control,4,8,0.5
Season-4,Esper Control,1,4,0.25
Season-4,Esper Tempo,1,4,0.25
Season-4,Flash,2,4,0.5
Season-4,Golgari Midrange,1,8,0.125
Season-4,Greenbased Aggro-Combo,12,24,0.5
Season-4,Grixis Control,7,12,0.5833333333333334
Season-4,Gruul Aggro,10,16,0.625
Season-4,Izzet Tempo,3,4,0.75
Season-4,Jeskai Control,2,4,0.5
Season-4,Jund Midrange,5,8,0.625
Season-4,Lurrus Combo-Control,6,8,0.75
Season-4,Lurrus Control,10,20,0.5
Season-4,Mardu Midrange,3,4,0.75
Season-4,Nadu Combo-Control,2,4,0.5
Season-4,Nadu Midrange,3,8,0.375
Season-4,Orzhov Control,4,4,1.0
Season-4,Orzhov Tempo,2,4,0.5
Season-4,Rakdos Aggro,7,16,0.4375
Season-4,Rakdos Aggro-Combo,3,4,0.75
Season-4,Reanimator,17,36,0.4722222222222222
Season-4,Reanimator Combo-Control,2,4,0.5
Season-4,Reanimator-Flash,1,4,0.25
Season-4,Reanimator-Sneak,6,8,0.75
Season-4,Red Aggro,4,8,0.5
Season-4,Selesnya Aggro,2,4,0.5
Season-4,Selesnya Midrange,4,16,0.25
Season-4,Simic Tempo,3,8,0.375
Season-4,Sneak Attack,2,4,0.5
Season-4,Sneak and Flash,2,4,0.5
Season-4,Splinter-Twin,6,8,0.75
Season-4,Storm,10,20,0.5
Season-4,White Aggro,5,12,0.4166666666666667
Season-5,Aggro-Combo Lands,1,4,0.25
Season-5,Artifacts,11,32,0.34375
Season-5,Artifacts Control,3,4,0.75
Season-5,Azorius Blink,4,16,0.25
Season-5,Azorius Combo Control,3,8,0.375
Season-5,Azorius Control,6,12,0.5
Season-5,Birthing Pod,4,12,0.3333333333333333
Season-5,Boros Aggro,30,52,0.5769230769230769
Season-5,Combo Lands,3,8,0.375
Season-5,Combo Mix,2,4,0.5
Season-5,Dimir Control,6,12,0.5
Season-5,Dimir Tempo,1,4,0.25
Season-5,Domain Control,8,16,0.5
Season-5,Draw 7,6,12,0.5
Season-5,Draw 7 Combo-Control,3,8,0.375
Season-5,Golgari Midrange,2,8,0.25
Season-5,Greenbased Aggro-Combo,5,12,0.4166666666666667
Season-5,Grixis Control,11,20,0.55
Season-5,Grixis Tempo,2,4,0.5
Season-5,Gruul Aggro,10,20,0.5
Season-5,Gruul Aggro Combo,1,4,0.25
Season-5,Izzet Control,0,4,0.0
Season-5,Izzet Tempo,9,16,0.5625
Season-5,Jund Aggro,2,4,0.5
Season-5,Landfall,7,12,0.5833333333333334
Season-5,Lands,1,4,0.25
Season-5,Lifeloss Control,1,8,0.125
Season-5,Lurrus Control,5,8,0.625
Season-5,Mardu Aggro,6,12,0.5
Season-5,Nadu Midrange,3,12,0.25
Season-5,Naya Aggro,3,4,0.75
Season-5,Naya Midrange,2,4,0.5
Season-5,Opposition,7,16,0.4375
Season-5,Orzhov Blink,4,8,0.5
Season-5,Orzhov Control,8,12,0.6666666666666666
Season-5,Orzhov Tokens,1,4,0.25
Season-5,Rakdos Aggro,6,16,0.375
Season-5,Reanimator,17,40,0.425
Season-5,Reanimator-Flash,3,4,0.75
Season-5,Reanimator-Sneak,4,8,0.5
Season-5,Red Aggro Strom,2,4,0.5
Season-5,Selesnya Aggro,5,12,0.4166666666666667
Season-5,Selesnya Midrange,2,4,0.5
Season-5,Simic Midrange,11,16,0.6875
Season-5,Sneak Attack,2,4,0.5
Season-5,Sneak and Flash,5,8,0.625
Season-5,Sneak and Show,4,4,1.0
Season-5,Storm,9,20,0.45
Season-5,Sultai Control,1,4,0.25
Season-5,White Aggro,1,4,0.25
Season-6,Artifacts,1,4,0.25
Season-6,Azorius Combo Control,2,4,0.5
Season-6,Boros Aggro,7,8,0.875
Season-6,Domain Aggro,3,4,0.75
Season-6,Draw 7 Combo-Control,2,4,0.5
Season-6,Esper Control,1,4,0.25
Season-6,Golgari Midrange,0,4,0.0
Season-6,Greenbased Aggro-Combo,2,4,0.5
Season-6,Gruul Aggro,2,4,0.5
Season-6,High Tide,1,4,0.25
Season-6,Lurrus Control,2,4,0.5
Season-6,Naya Midrange,1,4,0.25
Season-6,Reanimator,3,4,0.75
Season-6,Reanimator-Flash,4,8,0.5
Season-6,Sneak Attack,4,4,1.0
Season-6,Storm,0,4,0.0
Season-All,Aggro-Combo Lands,1,4,0.25
Season-All,Artifacts,19,68,0.27941176470588236
Season-All,Artifacts Control,4,12,0.3333333333333333
Season-All,Azorius Blink,9,32,0.28125
Season-All,Azorius Combo Control,5,12,0.4166666666666667
Season-All,Azorius Control,10,24,0.4166666666666667
Season-All,Azorius Tempo,2,8,0.25
Season-All,Birthing Pod,11,20,0.55
Season-All,Birthing Pod Combo-Control,2,4,0.5
Season-All,Boros Aggro,63,112,0.5625
Season-All,Combo Lands,9,20,0.45
Season-All,Combo Mix,10,20,0.5
Season-All,Combo-Control Lands,7,16,0.4375
Season-All,Dimir Control,6,12,0.5
Season-All,Dimir Tempo,5,8,0.625
Season-All,Domain Aggro,3,4,0.75
Season-All,Domain Control,18,36,0.5
Season-All,Draw 7,11,24,0.4583333333333333
Season-All,Draw 7 Combo-Control,9,20,0.45
Season-All,Esper Control,2,8,0.25
Season-All,Esper Tempo,1,4,0.25
Season-All,Flash,2,4,0.5
Season-All,Golgari Midrange,3,20,0.15
Season-All,Greenbased Aggro-Combo,19,40,0.475
Season-All,Grixis Control,18,32,0.5625
Season-All,Grixis Tempo,2,4,0.5
Season-All,Gruul Aggro,22,40,0.55
Season-All,Gruul Aggro Combo,1,4,0.25
Season-All,High Tide,1,4,0.25
Season-All,Izzet Control,0,4,0.0
Season-All,Izzet Tempo,12,20,0.6
Season-All,Jeskai Control,2,4,0.5
Season-All,Jund Aggro,2,4,0.5
Season-All,Jund Midrange,5,8,0.625
Season-All,Landfall,7,12,0.5833333333333334
Season-All,Lands,1,4,0.25
Season-All,Lifeloss Control,1,8,0.125
Season-All,Lurrus Combo-Control,6,8,0.75
Season-All,Lurrus Control,17,32,0.53125
Season-All,Mardu Aggro,6,12,0.5
Season-All,Mardu Midrange,3,4,0.75
Season-All,Nadu Combo-Control,2,4,0.5
Season-All,Nadu Midrange,6,20,0.3
Season-All,Naya Aggro,3,4,0.75
Season-All,Naya Midrange,3,8,0.375
Season-All,Opposition,7,16,0.4375
Season-All,Orzhov Blink,4,8,0.5
Season-All,Orzhov Control,12,16,0.75
Season-All,Orzhov Tempo,2,4,0.5
Season-All,Orzhov Tokens,1,4,0.25
Season-All,Rakdos Aggro,13,32,0.40625
Season-All,Rakdos Aggro-Combo,3,4,0.75
Season-All,Reanimator,37,80,0.4625
Season-All,Reanimator Combo-Control,2,4,0.5
Season-All,Reanimator-Flash,8,16,0.5
Season-All,Reanimator-Sneak,10,16,0.625
Season-All,Red Aggro,4,8,0.5
Season-All,Red Aggro Strom,2,4,0.5
Season-All,Selesnya Aggro,7,16,0.4375
Season-All,Selesnya Midrange,6,20,0.3
Season-All,Simic Midrange,11,16,0.6875
Season-All,Simic Tempo,3,8,0.375
Season-All,Sneak Attack,8,12,0.6666666666666666
Season-All,Sneak and Flash,7,12,0.5833333333333334
Season-All,Sneak and Show,4,4,1.0
Season-All,Splinter-Twin,6,8,0.75
Season-All,Storm,19,44,0.4318181818181818
Season-All,Sultai Control,1,4,0.25
Season-All,White Aggro,6,16,0.375
