group_id,group_name,n_games_with_group,v0_coef,v0_se,v0_z,v0_p,v0_or,v0_or_lower,v0_or_upper,v0_aic,v0_separation,v0_win_rate_lift_prob,v0_win_rate_lift_mean_prob,v1_coef,v1_se,v1_z,v1_p,v1_or,v1_or_lower,v1_or_upper,v1_aic,v1_separation,v1_win_rate_lift_prob,v1_win_rate_lift_mean_prob,v2_coef,v2_se,v2_z,v2_p,v2_or,v2_or_lower,v2_or_upper,v2_aic,v2_separation,v2_win_rate_lift_prob,v2_win_rate_lift_mean_prob,v0_p_adj,v0_significant_raw,v0_significant_fdr,v1_p_adj,v1_significant_raw,v1_significant_fdr,v2_p_adj,v2_significant_raw,v2_significant_fdr,v0_win_rate_lift_pct,v0_win_rate_lift_mean_pct,v0_win_rate_lift_std,v0_win_rate_lift_mean_std,v1_win_rate_lift_pct,v1_win_rate_lift_mean_pct,v1_win_rate_lift_std,v1_win_rate_lift_mean_std,v2_win_rate_lift_pct,v2_win_rate_lift_mean_pct,v2_win_rate_lift_std,v2_win_rate_lift_mean_std,or_range,or_mean,or_cv
fast_mana,Fast Mana,1607,0.224367578345206,0.08067399457046981,2.7811636146170735,0.005416443135053248,1.2515309705722804,1.068490119850586,1.4659281739737788,3607.729482298796,False,0.051498507366680935,0.05602800147836684,0.2075874236615992,0.08116638769101164,2.5575540512145696,0.010541117483417522,1.2307053049012568,1.049696740400624,1.4429267894401807,3603.243934038197,False,0.04735555445434775,0.051462725443011614,0.21212767584126493,0.08160629201983807,2.5994034355794255,0.009338594853797056,1.2363057213753854,1.0535646755287302,1.4507432454855798,3599.6802317605343,False,0.04811865900781311,0.052981684990377254,0.029790437242792865,True,True,0.11595229231759274,True,False,0.10272454339176762,True,False,5.1498507366680935,5.602800147836684,0.10299701473336187,0.11205600295673368,4.735555445434775,5.146272544301161,0.0947111089086955,0.10292545088602323,4.811865900781311,5.298168499037725,0.09623731801562622,0.10596336998075451,0.020825665671023508,1.2395139989496409,0.01680147677934343
duallands,Duallands,1273,0.04072692922358106,0.079715708711321,0.5109021782779074,0.6094195558177562,1.0415676450228,0.890906442481947,1.2177071659017944,3615.2070745993715,False,0.009342376782915525,0.010181373806662675,0.052834865494472374,0.08133719794122155,0.6495781368403368,0.5159647592486215,1.0542555367773385,0.8988977014549285,1.2364640993371185,3609.3640254603015,False,0.012042413498019948,0.013124080211209532,0.0773222538076122,0.08200224153636836,0.942928539012186,0.34571745615169336,1.0803901801499673,0.9199811119824433,1.2687683759606951,3605.5497812023787,False,0.01752498785413479,0.01932728778585141,0.8379518892494148,False,False,0.8704678245589923,False,False,0.8508890206069135,False,False,0.9342376782915526,1.0181373806662675,0.01868475356583105,0.02036274761332535,1.2042413498019948,1.3124080211209532,0.024084826996039897,0.026248160422419065,1.752498785413479,1.932728778585141,0.03504997570826958,0.03865457557170282,0.03882253512716738,1.058737787316702,0.03666869700151198
1_2_mana_counterspells,1-2 Mana Counterspells,1039,-0.09116288649819984,0.08233905383174513,-1.1071646109085207,0.26822276500510644,0.9128690047529835,0.7768193658627546,1.072745938707625,3614.2410778803714,False,-0.020877556398752835,-0.022786028605582598,0.04572160769607646,0.09576935210553923,0.4774137726826279,0.6330675087701763,1.0467829540708509,0.8676331235168618,1.2629238363927007,3609.5580167785274,False,0.010416083856008443,0.01134891673866345,0.02732048369104064,0.09642036017838129,0.2833476626772263,0.7769103440968437,1.027697110154981,0.8507274922964025,1.2414802152096445,3606.358590265993,False,0.006190143590216033,0.0068300120685949595,0.42149291643659587,False,False,0.8704678245589923,False,False,0.9588085097116648,False,False,-2.0877556398752835,-2.2786028605582596,-0.04175511279750567,-0.045572057211165196,1.0416083856008442,1.134891673866345,0.020832167712016885,0.0226978334773269,0.6190143590216033,0.683001206859496,0.012380287180432065,0.013660024137189919,0.13391394931786738,0.9957830229929385,0.134481052825518
landscapes,Landscapes,764,-0.012862512133735002,0.08849054492611606,-0.1453546494088648,0.8844308688411535,0.9872198564416461,0.8300212466140682,1.174190478771951,3615.4469159884966,False,-0.0029493297652957227,-0.003215610407356073,0.014694784567342432,0.08980885491742763,0.1636228919837934,0.8700280223834396,1.014803283719866,0.8510107050839244,1.2101207405458712,3609.759134997619,False,0.00334805653431169,0.0036492918759857274,0.023633989332630702,0.09085057508537936,0.26014132888448976,0.7947547591990807,1.0239154853083368,0.8569007844686167,1.223482274793744,3606.3711902891664,False,0.005354871303494298,0.005908368576087619,0.9127086555691911,False,False,0.9570308246217836,False,False,0.9588085097116648,False,False,-0.2949329765295723,-0.3215610407356073,-0.0058986595305914455,-0.006431220814712146,0.33480565343116897,0.36492918759857274,0.00669611306862338,0.007298583751971455,0.5354871303494299,0.5908368576087619,0.010709742606988596,0.011816737152175238,0.036695628866690644,1.0086462084899497,0.03638107054566526
fetchlands,Fetchlands,1484,0.008744924682487106,0.07977298088685571,0.10962263895955301,0.9127086555691911,1.0087832732399102,0.8627674269911781,1.179511025256906,3615.4560280392047,False,0.002005489759741403,0.002186227638912408,-0.0029824805491281935,0.0814429828532669,-0.0366204729325991,0.9707876194381587,0.9970219626276576,0.849921975754075,1.1695812348891843,3609.784566719849,False,-0.0006794941542016912,-0.000740446548214202,0.004501999154315407,0.08205272360925839,0.05486715073291517,0.9562443023584625,1.0045121483773902,0.8552843099011107,1.1797768818586505,3606.435856188262,False,0.0010200891945926721,0.001125499285155429,0.9127086555691911,False,False,0.9707876194381587,False,False,0.9588085097116648,False,False,0.20054897597414031,0.2186227638912408,0.004010979519482806,0.004372455277824816,-0.06794941542016912,-0.0740446548214202,-0.0013589883084033825,-0.001480893096428404,0.10200891945926721,0.11254992851554291,0.0020401783891853442,0.002250998570310858,0.011761310612252607,1.0034391280816528,0.011721000589978542
reanimator_spells,Reanimator Spells,521,-0.14991943766906796,0.10195891960568604,-1.4703906068136412,0.14145599391717753,0.8607773198590872,0.7048579963352954,1.0511870451014012,3613.303406602199,False,-0.03431107437831468,-0.03744177100482993,-0.03501495029969848,0.11277865513898591,-0.3104749764620515,0.7561997858225404,0.9655909802751144,0.7740946590375687,1.204459855527057,3609.689524127976,False,-0.007977416572569156,-0.008691980849356684,-0.005865144028334442,0.11355811763883152,-0.05164883101521964,0.9588085097116648,0.9941520223514086,0.7957747945394346,1.2419823426518677,3606.4361989606628,False,-0.0013288972107628767,-0.001466284892164993,0.3890039832722382,False,False,0.9242441826719938,False,False,0.9588085097116648,False,False,-3.4311074378314683,-3.7441771004829927,-0.06862214875662936,-0.07488354200965985,-0.7977416572569156,-0.8691980849356684,-0.015954833145138313,-0.01738396169871337,-0.13288972107628766,-0.1466284892164993,-0.0026577944215257533,-0.002932569784329986,0.13337470249232142,0.9401734408285366,0.14186180623735098
triomes,Triomes,1154,-0.09112266543777658,0.08084898769024434,-1.1270724351787018,0.25971185663600227,0.9129057220507816,0.77912274252167,1.0696605449556356,3614.196474381919,False,-0.020867387043465524,-0.02277639951238336,-0.04353020718807762,0.08395433324873075,-0.5184986349556379,0.6041104122393368,0.9574036331825457,0.812141493959961,1.1286478078613336,3609.516991326541,False,-0.00991432106127936,-0.010803041196376262,-0.05157005374119197,0.08446017249193652,-0.6105842815572677,0.5414748312953086,0.9497371149936609,0.8048398287760252,1.1207206146447994,3606.0659110997176,False,-0.011678884469304799,-0.012891744058459997,0.42149291643659587,False,False,0.8704678245589923,False,False,0.8508890206069135,False,False,-2.086738704346552,-2.277639951238336,-0.04173477408693105,-0.04555279902476672,-0.9914321061279361,-1.0803041196376262,-0.01982864212255872,-0.021606082392752524,-1.1678884469304798,-1.2891744058459997,-0.023357768938609597,-0.025783488116919995,0.044497911131764156,0.9400154900756629,0.04733742326754899
surveillands,Surveillands,981,-0.11005898415920883,0.0830342658626999,-1.325464650234823,0.1850170865224272,0.8957812968315988,0.7612403433826601,1.0541009008897713,3613.7100953471027,False,-0.02522416795498637,-0.027505988645320556,-0.0848772543305683,0.08476176815243065,-1.0013624795784104,0.31665159670381415,0.9186250347263529,0.7780143424800541,1.0846483263226314,3608.7829468647733,False,-0.019335466162713512,-0.021044583769914194,-0.06187678582264657,0.08545321385722167,-0.7241013301855744,0.4690035280239382,0.9399987008226123,0.7950382239981633,1.1113900324247055,3605.9145282787294,False,-0.014020823162077652,-0.015467449601305305,0.4070375903493399,False,False,0.8704678245589923,False,False,0.8508890206069135,False,False,-2.522416795498637,-2.750598864532056,-0.05044833590997274,-0.05501197729064111,-1.9335466162713513,-2.1044583769914196,-0.038670932325427024,-0.04208916753982839,-1.4020823162077651,-1.5467449601305305,-0.028041646324155303,-0.03093489920261061,0.04421740399101348,0.9181350107935214,0.04816002382133045
one_mana_mana_elves,One Mana Mana Elves,743,-0.022466890797170867,0.08986107503095964,-0.25001805052332615,0.8025733895419258,0.9777836102932859,0.819882207971262,1.1660952991331208,3615.405537502607,False,-0.0051526828644706,-0.005616624941984283,-0.06657817167129497,0.1043893334693194,-0.6377871134780515,0.5236122692408223,0.9355897763811843,0.7624782730469783,1.1480041603953521,3609.379171323203,False,-0.01517163756040258,-0.016487382767728487,-0.08395682548351747,0.10499450804131187,-0.7996306383042743,0.4239248307090172,0.9194709529519857,0.7484536048256003,1.1295647824682844,3605.7994592855707,False,-0.019023381487953833,-0.020980566043035165,0.9127086555691911,False,False,0.8704678245589923,False,False,0.8508890206069135,False,False,-0.51526828644706,-0.5616624941984283,-0.0103053657289412,-0.011233249883968566,-1.517163756040258,-1.6487382767728487,-0.03034327512080516,-0.032974765535456974,-1.9023381487953832,-2.0980566043035163,-0.038046762975907665,-0.04196113208607033,0.0583126573413002,0.944281446542152,0.06175347144099285
shocklands,Shocklands,1183,-0.1219329529761578,0.0805798593207555,-1.5131939172392017,0.1302304088783204,0.8852077170559437,0.7558823948700841,1.036659548698808,3613.1748436945554,False,-0.027906553780400134,-0.030473251039881855,-0.12132046627258775,0.0816901409049864,-1.4851298446613683,0.13750943160525642,0.8857500610848367,0.7547013714760124,1.0395544520840034,3607.5772038761725,False,-0.027590147304238685,-0.03006768815875971,-0.11890693636564148,0.08203133028632971,-1.449530757950624,0.14718941711045905,0.8878904272272008,0.7560193229082086,1.0427635734614917,3604.3349571502586,False,-0.026893070383241048,-0.029715585475417694,0.3890039832722382,False,False,0.5042012492192736,False,False,0.5396945294050165,False,False,-2.7906553780400136,-3.0473251039881855,-0.05581310756080027,-0.06094650207976371,-2.7590147304238686,-3.006768815875971,-0.05518029460847737,-0.06013537631751942,-2.6893070383241047,-2.971558547541769,-0.053786140766482096,-0.05943117095083539,0.0026827101712570967,0.8862827351226604,0.003026923649692683
2plus_mana_ramp_artifacts,2+ Mana Ramp Artifacts,596,-0.2791751933420869,0.09667576000625243,-2.887747593854255,0.003880110958122663,0.7564073740704319,0.6258405311199485,0.91421390449777,3607.0928993760867,False,-0.06371956436031001,-0.06957285241603733,-0.17779620306709967,0.1030905432722596,-1.7246606470735562,0.08458864695748947,0.8371130071693142,0.6839614874238037,1.024557960728922,3606.8057640487987,False,-0.04047390937355822,-0.044030546151372585,-0.19488745330330723,0.10365090125521387,-1.8802292208096354,0.060076844806093564,0.8229272705902265,0.6716329992153104,1.008302590063747,3602.895625975895,False,-0.044099095517440755,-0.048675651781710016,0.029790437242792865,True,True,0.46523755826619206,False,False,0.3304226464335146,False,False,-6.371956436031001,-6.957285241603733,-0.12743912872062002,-0.13914570483207467,-4.047390937355822,-4.4030546151372585,-0.08094781874711644,-0.08806109230274517,-4.409909551744075,-4.867565178171001,-0.08819819103488151,-0.09735130356342003,0.08070563309888235,0.805482550609991,0.10019538354712224
