season_id,rank,player,player_id,drafts_played,total_points,avg_points_per_draft,OMP,GWP,OGP
Season-6,1,Ivo,18,1,10,10.0,56.25,66.6667,57.4242
Season-6,2,Myri,15,1,9,9.0,54.0833,60.0,56.1456
Season-6,3,Beni,35,2,15,7.5,56.1666,57.2728,51.2374
Season-6,4,Andrin,5,3,22,7.3333,50.6111,57.9798,50.1044
Season-6,5,Sili,6,3,21,7.0,60.3889,59.2592,53.4964
Season-6,6,Guy,10,2,14,7.0,51.9583,58.3334,47.88
Season-6,7,Thomas,26,2,13,6.5,56.1666,53.5185,52.9217
Season-6,8,Matthias,21,3,19,6.3333,56.8333,45.7912,54.0325
Season-6,9,Oli,37,1,6,6.0,60.25,60.0,54.0
Season-6,10,Dimlas,1,3,18,6.0,54.0556,46.5152,53.5025
Season-6,11,Tommy,16,1,3,3.0,47.8333,45.4545,45.3712
Season-6,12,Kaspar,36,1,3,3.0,43.5833,30.0,43.8729
Season-6,13,Filipe,23,1,0,0.0,58.25,27.2727,49.6136
Season-6,14,Tinu,4,1,0,0.0,45.75,20.0,46.8611
Season-6,15,Noe T.,11,1,0,0.0,45.75,11.1111,48.2323
